{"type": "FeatureCollection", "name": "gwangju_jeonnam_sig_approx_risk", "crs": {"type": "name", "properties": {"name": "EPSG:4326"}}, "metadata": {"description": "Approximate Gwangju/Jeonnam district polygons derived from building point distribution for visualization.", "sourceSql": "api/.local-seed/data-h2.full.sql", "regionNames": ["광주", "전남"], "featureCount": 12}, "features": [{"type": "Feature", "properties": {"regionNm": "전남", "districtNm": "곡성군", "districtKey": "곡성군", "regionCd": "46720", "buildingCount": 13683, "avgScore": 15.96, "maxScore": 36.0, "dominantRiskCd": "B", "rawAvgRiskCd": "A", "avgScoreScaled": 34.06, "styleRiskCd": "B"}, "geometry": {"type": "MultiPolygon", "coordinates": [[[[127.39379388845923, 35.16140320027797], [127.3904394756321, 35.163725818565055], [127.39112244960242, 35.16655870452503], [127.39672448094308, 35.16734634605174], [127.39925268184682, 35.17001367655889], [127.40267143803798, 35.169443507552], [127.40265719877796, 35.15708730251372], [127.3956137967249, 35.15653407130866], [127.39391296872743, 35.15797146135671], [127.39379388845923, 35.16140320027797]]], [[[127.38943666081123, 35.181694290819884], [127.39133020858526, 35.18970147720558], [127.40285454390859, 35.18955358274095], [127.40275256044555, 35.18589187963278], [127.39675440068198, 35.18528735235688], [127.39658636116609, 35.17946641518036], [127.40014933902778, 35.1762069380317], [127.39464284318746, 35.17094726850559], [127.39114633490584, 35.17154664110266], [127.39106351285886, 35.17598853034094], [127.3869954893339, 35.17815848558147], [127.38701923631456, 35.180188146509686], [127.38943666081123, 35.181694290819884]]], [[[127.3920158402949, 35.14979989546504], [127.39626030449631, 35.14840616408498], [127.39451749425454, 35.144988719531405], [127.3903568042131, 35.14642010228383], [127.3920158402949, 35.14979989546504]]], [[[127.35285306160642, 35.229281609668604], [127.35186248249153, 35.23126370204063], [127.35380302268959, 35.23358907854354], [127.36208287768827, 35.233316746367144], [127.36267022600967, 35.237925135709844], [127.36684325240275, 35.24166815726454], [127.3624820834876, 35.24442607523792], [127.35861153716054, 35.24296759667749], [127.35565717921033, 35.24461917183896], [127.35568956041088, 35.24948301971271], [127.35894903935576, 35.25151316823122], [127.35986739919554, 35.25602788370799], [127.36209409861989, 35.25684105265006], [127.36793601603134, 35.256083156431615], [127.3680666768486, 35.25160287453653], [127.37213885746955, 35.249433555523225], [127.37211544463659, 35.247403912690984], [127.36799591230825, 35.24377423628375], [127.36849323284417, 35.24254154143485], [127.37258066644009, 35.24246469447829], [127.37853844419269, 35.24795644348947], [127.38262735543813, 35.24658510138051], [127.38266162098265, 35.24165251254989], [127.37933995206487, 35.23951033614768], [127.37873121588866, 35.23403282559243], [127.38287927831848, 35.233688721392376], [127.3867074889965, 35.236583748350895], [127.38987774396811, 35.23403152215378], [127.38899007273773, 35.229280985674194], [127.37970678555604, 35.22272205057832], [127.36787748559352, 35.22294000533692], [127.36537263188784, 35.225623206764496], [127.36086050957942, 35.225845426179156], [127.35835533514054, 35.228528483045366], [127.35285306160642, 35.229281609668604]]], [[[127.22347535260216, 35.15888099596239], [127.22954260009713, 35.158896036343734], [127.23126139682307, 35.15741113047616], [127.2309393361501, 35.15357828476371], [127.23757577242613, 35.152535423488125], [127.23812429971696, 35.144801160929404], [127.24210598036932, 35.14467927791181], [127.244689096212, 35.14736221931442], [127.24807178582917, 35.146765795779], [127.24992176519707, 35.13812955796291], [127.25717670578778, 35.139103697690146], [127.25754772769119, 35.146684705104086], [127.26213495286811, 35.15017687298138], [127.26693097160538, 35.15037610255289], [127.27007921616261, 35.14775049558885], [127.26648954404747, 35.1445377477583], [127.26651225353511, 35.13935075156879], [127.2716213066975, 35.13861858983295], [127.27519931156631, 35.13524119984398], [127.28472770988796, 35.14210635155752], [127.28556663205974, 35.144555461554056], [127.28221026096652, 35.14585203904366], [127.28125969668658, 35.14775215469613], [127.28315189047403, 35.15010319882037], [127.28567689560745, 35.150135254058505], [127.28762702407673, 35.14778797192713], [127.28682036120104, 35.145102859088055], [127.29017662759604, 35.14380615424592], [127.29111814536851, 35.14201094393959], [127.29109705464184, 35.136086579830156], [127.28939665606617, 35.13282017247871], [127.29141334919298, 35.13150252219668], [127.29803116325228, 35.13294340566092], [127.30066826516332, 35.138523620308874], [127.3091973721021, 35.13852387163549], [127.30957570190228, 35.14574875552207], [127.3132235392221, 35.14894439735977], [127.3132578105466, 35.1578861747551], [127.31208468617999, 35.16017226705993], [127.30552884152563, 35.1594693707648], [127.30263446264894, 35.161068122316735], [127.30267436276898, 35.1631663124481], [127.30593317800832, 35.1652167095011], [127.30594214210576, 35.16761021842455], [127.30266651990146, 35.16972104607547], [127.3021923213346, 35.17370761767727], [127.29740094986226, 35.17410022915486], [127.29566219525191, 35.175507007545114], [127.29700204310952, 35.1829239387461], [127.29511416940659, 35.18408092634075], [127.29037505801536, 35.18277940263757], [127.28516392283855, 35.18706949174951], [127.28584961287538, 35.195696132901844], [127.29031102613004, 35.195754408407055], [127.29153520073189, 35.190891857139654], [127.29638849735215, 35.1904785872738], [127.30129222764906, 35.187024037416734], [127.30342976413743, 35.192789139218654], [127.30799179460242, 35.19622987468717], [127.31152707334873, 35.195591580592726], [127.31240756234975, 35.191071816983445], [127.31588538078502, 35.18804748668483], [127.31402244644957, 35.182256588170034], [127.31585190075683, 35.17939459996473], [127.31546949549168, 35.166149857094844], [127.31631115216905, 35.164698667887066], [127.32082003085951, 35.16447812412027], [127.32255811607321, 35.163070985588014], [127.3227885407561, 35.15908104288314], [127.32095209447246, 35.156182967753324], [127.32407385002718, 35.15235689005388], [127.32774173546323, 35.15365210919098], [127.32791043429634, 35.15813161609008], [127.3338586014489, 35.15864881837653], [127.33584522644819, 35.16489207777133], [127.33401701757604, 35.16780855825222], [127.33596490671152, 35.17018499438863], [127.33949168835493, 35.169598727087234], [127.33953081497631, 35.16524328792746], [127.34228429451557, 35.16431753951627], [127.34655155199965, 35.167291579396455], [127.3513657091274, 35.16596033317799], [127.35577624361767, 35.16783510016518], [127.3544832612184, 35.17089491789507], [127.34557832734474, 35.171616320695804], [127.3448242545781, 35.174522448605366], [127.3480804545212, 35.17655293381183], [127.34908157895886, 35.18114709109629], [127.35134973878093, 35.18188834695801], [127.35538890620155, 35.18048170864112], [127.35864442501523, 35.182290760836516], [127.35964621637643, 35.18688482249256], [127.36556521331127, 35.187878274861916], [127.36599279874103, 35.191790780595916], [127.36932672907832, 35.19397419092209], [127.36954551220522, 35.200432931757], [127.37370806449938, 35.20181353021267], [127.37830068234952, 35.19828570965706], [127.37917749638545, 35.19376548472084], [127.38525038673836, 35.189652081559906], [127.38590659615166, 35.18681491352889], [127.37951888489486, 35.18234231171455], [127.37717110870067, 35.183108146378245], [127.37564270210565, 35.18587122515998], [127.37260339937067, 35.18522084687993], [127.3675435438234, 35.18020463583569], [127.36167542055581, 35.179241696170386], [127.36113575692644, 35.17486617381649], [127.36199792187413, 35.17261692160682], [127.36655059840415, 35.17299223027693], [127.36849893229704, 35.17064366554678], [127.36823597380739, 35.16379534250861], [127.36401822732401, 35.16119510817301], [127.3645663385961, 35.148706062121015], [127.368390827278, 35.1446342449868], [127.36654432664598, 35.14182488719567], [127.36836483729279, 35.138865645459504], [127.36746408274983, 35.136408026615285], [127.37092566898933, 35.13491464683999], [127.37184985880418, 35.13308631867146], [127.37003454813556, 35.12701036845417], [127.37213885185416, 35.12551284461546], [127.37452698598747, 35.12684008427571], [127.38029505962699, 35.126822123156], [127.38233348649584, 35.124451431456336], [127.38033300455237, 35.1219501968235], [127.37240902187492, 35.12242588701629], [127.37171986065718, 35.11897423939414], [127.37588474713871, 35.114834932614215], [127.3813868595635, 35.11467165559198], [127.38202916511283, 35.10895016617953], [127.3790431652483, 35.10734351956005], [127.37680320648013, 35.10813664302592], [127.37519100543122, 35.11092422302332], [127.37197862082074, 35.11005796320588], [127.36987995494617, 35.104221751082235], [127.37169608654476, 35.10125397977345], [127.36969720440365, 35.09890827135137], [127.36500469888759, 35.10024462102021], [127.36030040441398, 35.09893655974429], [127.3550672277516, 35.10323889428106], [127.35573444703377, 35.106096582739625], [127.36515070870732, 35.1128152309654], [127.36574543042313, 35.11447396162142], [127.36212546310533, 35.11768985683371], [127.36374550145878, 35.1214499555696], [127.36192520496525, 35.12440913507765], [127.36285116792125, 35.12677466109829], [127.3586766997004, 35.12921196481589], [127.3602919950922, 35.13309413484685], [127.35847406939979, 35.13590601035823], [127.35881633612063, 35.140548530422706], [127.35499155719347, 35.14462004982595], [127.35684391786386, 35.147526042477544], [127.35525103938032, 35.15139213122404], [127.35845698243627, 35.15336518614947], [127.35861820068692, 35.15583746366556], [127.35453934727812, 35.15931613651663], [127.34821492396699, 35.160073809818044], [127.34291818948641, 35.154366677771534], [127.33952708155782, 35.1530693001272], [127.34006308017938, 35.149431501330895], [127.33588106886839, 35.147042816943724], [127.3358105330653, 35.139946667373096], [127.33235692596976, 35.13940647019724], [127.33039932345991, 35.141805256043426], [127.33067054099988, 35.14574309146928], [127.3348523347361, 35.148131957428376], [127.3339462821803, 35.150502745611995], [127.33577557117971, 35.153546956597815], [127.33352419550187, 35.155133209461965], [127.32904849341051, 35.153180428765296], [127.32882270729849, 35.148618856389994], [127.32300221943859, 35.14826894049497], [127.32183477878097, 35.145791594785436], [127.31920232043119, 35.14450130408966], [127.31895898545913, 35.140835864335166], [127.3147784099617, 35.137024163368956], [127.3155531697969, 35.13589234683763], [127.3217924437723, 35.135034967799015], [127.3227087877959, 35.130473771910204], [127.32595744520512, 35.12839972088125], [127.32625680490473, 35.12461272132114], [127.3287682787223, 35.12347884704717], [127.33027503506176, 35.12073648926491], [127.33575556287244, 35.12059544138825], [127.33576261530906, 35.11691032604966], [127.33223339479555, 35.1163436103345], [127.32936691104737, 35.119771513600604], [127.3217138268215, 35.11925634109965], [127.3191765884969, 35.12484362850975], [127.31615685976098, 35.12481024394927], [127.31240986350792, 35.12195533166555], [127.30796722471565, 35.12561525131228], [127.30504098629316, 35.12425638965418], [127.3048275526301, 35.11779742266856], [127.2997685958014, 35.11335418921971], [127.3019584827781, 35.109982338789], [127.31010609752653, 35.109694283526885], [127.31554231864969, 35.10552528423171], [127.31931079817011, 35.10697660053148], [127.3241645491232, 35.106761548161366], [127.32588052988704, 35.10527530176133], [127.32521171063429, 35.10255851762387], [127.31957742177156, 35.101726410786455], [127.31809694616713, 35.09961349075536], [127.31493132190191, 35.098564440644004], [127.31531057956553, 35.09479556217151], [127.31358327863393, 35.093318392222166], [127.30446424585004, 35.09288803681785], [127.30468792994924, 35.08891011579813], [127.3029729886332, 35.087555889818844], [127.2981838903562, 35.08718700221206], [127.29770636907404, 35.08325279586463], [127.29599497782944, 35.081825114168865], [127.29344247494174, 35.081857701194494], [127.2908371332902, 35.084566381012934], [127.28300917586746, 35.08472889092273], [127.28126304600744, 35.08622620512549], [127.2819676069947, 35.08898438070065], [127.28646163057142, 35.0924082785053], [127.29097634977398, 35.09261204090509], [127.29193440738993, 35.09410005008644], [127.28833669762551, 35.09769729326301], [127.28886895619422, 35.101364512888026], [127.28557079275699, 35.10257883032333], [127.2846208022769, 35.1044789831458], [127.28659562260067, 35.10686778081902], [127.29152798885102, 35.10683975079495], [127.29168058578749, 35.11316605572315], [127.29352044311322, 35.11596811490564], [127.29170114579014, 35.11893472436836], [127.29518909185938, 35.12189086152418], [127.29513821452568, 35.12454202422334], [127.29014036314015, 35.12510474023526], [127.2875906445646, 35.1278070438324], [127.28446979580535, 35.127723451099016], [127.2839794034283, 35.12498026492792], [127.28726105770842, 35.12282298745533], [127.2873112177349, 35.12077462904346], [127.2808610319278, 35.116263823264916], [127.27788770503687, 35.117886698694456], [127.27672952819972, 35.125671827316076], [127.27366657356761, 35.12466999025592], [127.27324378075475, 35.12075709167766], [127.2704014222723, 35.1191794967989], [127.26680112260709, 35.120691040059434], [127.26338053687259, 35.119194955371654], [127.25858673962871, 35.11938671009637], [127.25565618262699, 35.122833750839916], [127.24944509798559, 35.12208153824949], [127.24708067229967, 35.11895603009599], [127.24953215781417, 35.115779356875564], [127.25979744109259, 35.11577936451905], [127.26326990316343, 35.11426077576197], [127.26669028007055, 35.11575686571825], [127.26905928313475, 35.11497301826344], [127.26970164837608, 35.10350891347979], [127.26792932922075, 35.10206023801382], [127.26332141714413, 35.10181198459413], [127.26093182851368, 35.09920026998329], [127.25852297016584, 35.0991962910438], [127.25674503313846, 35.10070245726759], [127.25722514962438, 35.10439751964908], [127.25006968602543, 35.108445997900326], [127.24440389595213, 35.10266880646196], [127.24092264382374, 35.10213764977807], [127.23899304257309, 35.10452332410056], [127.23902777609655, 35.1132813104881], [127.24418451051389, 35.11950874020284], [127.24222754020604, 35.120742637992635], [127.23874559182029, 35.11923844957393], [127.22814827580682, 35.11925885883407], [127.22522868904443, 35.1209058851206], [127.22597134062165, 35.12663676298683], [127.23557666632784, 35.12787741679986], [127.23652846613776, 35.14429945212496], [127.23250629209782, 35.145971335902445], [127.22949667414741, 35.142540869243966], [127.22593314538015, 35.14316522524508], [127.22532300873155, 35.14598477771341], [127.22947557550013, 35.148285277584115], [127.2295297020022, 35.15296595623182], [127.2224901687029, 35.154667770240295], [127.22159397185847, 35.156579764398096], [127.22347535260216, 35.15888099596239]], [[127.36607274487667, 35.10296780112826], [127.36568567413636, 35.10436647144659], [127.36394901297317, 35.10404673922373], [127.36434991395232, 35.1026275682044], [127.36607274487667, 35.10296780112826]], [[127.36211536353092, 35.167701784552385], [127.3608185410184, 35.16873450277153], [127.35714946071474, 35.16744029529034], [127.35844695915011, 35.161696994017916], [127.36289910655131, 35.162204905312116], [127.36211536353092, 35.167701784552385]], [[127.31354838858674, 35.134842929982895], [127.31316027231927, 35.13624143095592], [127.30927343971494, 35.13702517910587], [127.30877053275364, 35.13275626352157], [127.31229252398835, 35.13298133619954], [127.31354838858674, 35.134842929982895]], [[127.30928584854819, 35.130351739913834], [127.30810912215773, 35.13138723007395], [127.30680118999264, 35.13035700112981], [127.30810133621159, 35.12932015587091], [127.30928584854819, 35.130351739913834]], [[127.29669930829121, 35.102356972444895], [127.29636392540321, 35.10099254366879], [127.29814031780705, 35.100682206006866], [127.2984046918072, 35.10218234747979], [127.29669930829121, 35.102356972444895]], [[127.29230733499625, 35.10288860153951], [127.29055243397075, 35.103106844057145], [127.29030054175824, 35.10166964360081], [127.29206548841643, 35.10146922355291], [127.29230733499625, 35.10288860153951]]], [[[127.38116782938131, 35.29922676347383], [127.38213592017563, 35.30041322423266], [127.3805579182763, 35.30420857446256], [127.38474024331568, 35.30561321268592], [127.38670013198917, 35.3032135985502], [127.38484935592557, 35.30040462039745], [127.38666374661994, 35.297495953898434], [127.3857294226825, 35.29556853998243], [127.38121025203834, 35.295582867794714], [127.38116782938131, 35.29922676347383]]], [[[127.38099217026651, 35.26173178191997], [127.38556923379365, 35.261778602898715], [127.38555168544264, 35.258073555738726], [127.38103459702819, 35.25808786379622], [127.38099217026651, 35.26173178191997]]], [[[127.37220846641851, 35.16162824081139], [127.37806786882705, 35.16085159387838], [127.37805072600386, 35.15714648159322], [127.3700271821488, 35.157171252065915], [127.36934855656514, 35.16002851743679], [127.37220846641851, 35.16162824081139]]], [[[127.33157256575058, 35.21572854417409], [127.34446961693003, 35.21651988361865], [127.3480623307892, 35.21500327996495], [127.35143278775625, 35.216499871466745], [127.36159950967152, 35.21641581936609], [127.36440637620194, 35.21916933033018], [127.37259956188943, 35.219320881736564], [127.37551965062796, 35.217670327392085], [127.37571869868715, 35.21089694717802], [127.37382242748079, 35.208547396606065], [127.37129559640954, 35.208517189942874], [127.36956343557299, 35.209965925110005], [127.36919604725418, 35.21383076400138], [127.3656049960806, 35.21403563738537], [127.36168474405449, 35.21080869683208], [127.36072938675176, 35.20625285069992], [127.35461841960866, 35.20217666942388], [127.35370098292807, 35.19766186865642], [127.35134809814039, 35.19684136840634], [127.34498363461498, 35.201291438013214], [127.34471111000032, 35.20524767186573], [127.34666194890123, 35.207651004097045], [127.35151940479206, 35.20803848723429], [127.35161120189481, 35.21099880239016], [127.34793530387525, 35.212783849894876], [127.34444749431027, 35.21128275385167], [127.33268161363513, 35.21150461489649], [127.33090262278179, 35.213011847033016], [127.33157256575058, 35.21572854417409]]], [[[127.09203745107715, 35.28748531653309], [127.09272353954555, 35.29120031905289], [127.09841019098886, 35.29203123132942], [127.10429207343621, 35.29751579412524], [127.10894366284663, 35.29621507299979], [127.11254847628977, 35.29771808872465], [127.1154772488075, 35.29696991929832], [127.1183689042536, 35.30038711931663], [127.1243319258318, 35.300401873495396], [127.12611665757134, 35.29889768305084], [127.12541551647284, 35.29613868696477], [127.12083330335653, 35.292671042740764], [127.11580624156228, 35.29250704472217], [127.11584837451954, 35.28940305781696], [127.1200623982442, 35.28762187286563], [127.12793146299236, 35.29407070833318], [127.13117733432301, 35.295196329670695], [127.13143425003216, 35.29981730121112], [127.13692763377082, 35.299937194414746], [127.13847567242522, 35.302693724816635], [127.14426035895356, 35.30633859329024], [127.14657830851725, 35.30550713582775], [127.14746911786833, 35.30098862198867], [127.1507290348084, 35.298919295100205], [127.15096599581042, 35.28944717589944], [127.15448366856826, 35.288997372691526], [127.15599685358595, 35.29684251408337], [127.16165153167904, 35.297075338076255], [127.16604184539723, 35.30210418915111], [127.16462799308009, 35.304719925648705], [127.15862930063778, 35.30398798031164], [127.15483903382393, 35.3010870403061], [127.1516257188123, 35.30363182501649], [127.15256000916438, 35.3084453343848], [127.15709225998643, 35.311880131754094], [127.16225589490249, 35.31268505716321], [127.16221006521981, 35.31819518119243], [127.164044561393, 35.32109559398732], [127.15893834348186, 35.32577188842606], [127.15971185156634, 35.32867478812447], [127.16408329926514, 35.32866893449743], [127.16931727549229, 35.32292606673784], [127.17534143324674, 35.3228564223054], [127.17636096628206, 35.326413979704995], [127.17279174430679, 35.32971759586824], [127.17467577570257, 35.33201951200128], [127.17717524721421, 35.33206299474078], [127.18594534410553, 35.32487880345521], [127.18434857823576, 35.320969868924614], [127.18584556031925, 35.319356698532374], [127.19116593843495, 35.32051708707718], [127.19384660266358, 35.31778346551943], [127.20171619435504, 35.31761567810044], [127.2043964071266, 35.31488182284047], [127.20955086003069, 35.3146037761626], [127.21340767158684, 35.3175624030402], [127.21857221391184, 35.318364919842224], [127.21937492846708, 35.323434185118934], [127.2159634149093, 35.32481530873653], [127.21501814661792, 35.3266098948964], [127.21595646210011, 35.33142288284262], [127.21947194405165, 35.331972873854795], [127.22282954929034, 35.32854150434518], [127.23011802567258, 35.33432980538817], [127.2335288655696, 35.33484239690532], [127.23526610699224, 35.333395616557034], [127.23551002117125, 35.329691913924485], [127.2387577548416, 35.32764579039248], [127.23873763513907, 35.32561613306426], [127.23692567747146, 35.324204738579894], [127.23227731877424, 35.32449480874335], [127.23100955909963, 35.32192145005392], [127.22497941591489, 35.31794159829323], [127.22400700514453, 35.31334314021525], [127.21746368186437, 35.30798392616925], [127.2184325425245, 35.30558600831565], [127.222798615297, 35.30604158672537], [127.22464233209584, 35.30452336818276], [127.22460266932659, 35.299709304532364], [127.22038240591138, 35.297104134399255], [127.22458430408467, 35.29306168904589], [127.22480577639074, 35.289096545859586], [127.22035113837697, 35.285567067383866], [127.22479118357755, 35.28049448456508], [127.21942107276904, 35.27466638850462], [127.2213432416468, 35.27300150584638], [127.22506555574392, 35.27448678499407], [127.22741480779156, 35.273655049583], [127.22827497902124, 35.27178433462849], [127.22643931797562, 35.26888487645418], [127.22797734907614, 35.26502303328011], [127.22516310318936, 35.26348838747649], [127.22278936717181, 35.26427137557478], [127.22189198624555, 35.2661833417248], [127.22372742417944, 35.26908287101744], [127.22203038714181, 35.27069136914538], [127.21808331269875, 35.26926241090296], [127.21225430514929, 35.2700589007603], [127.21135661319215, 35.27197078804936], [127.2131918082086, 35.27487047526502], [127.211575025034, 35.276733853428254], [127.2107546285168, 35.283718414972746], [127.20282766005846, 35.28389935151437], [127.20051088003575, 35.28647161842698], [127.19738477191379, 35.28728803175683], [127.19572725750781, 35.284488111717174], [127.19233303988875, 35.283186650855626], [127.19312522581981, 35.28049841769704], [127.19129061659369, 35.27759842686484], [127.19361906112555, 35.27106981364241], [127.20050451056865, 35.2716456918655], [127.20340482128326, 35.27004938854783], [127.2027415539581, 35.26719092219222], [127.19924173457404, 35.26569382636755], [127.20063172840118, 35.26240550611317], [127.20406171715055, 35.26297933401753], [127.20759724178902, 35.26147452720981], [127.21454978647158, 35.26296872186864], [127.2174746610435, 35.26132197229929], [127.21569464161864, 35.2579184739735], [127.21089162917782, 35.2577455105015], [127.20735632753312, 35.25925041372647], [127.2037134793388, 35.257409335882684], [127.20281508582781, 35.25487695227817], [127.20617720939316, 35.25358257714445], [127.20713243719369, 35.25171016456084], [127.20181063912626, 35.24623626955604], [127.20382661570515, 35.24298894745587], [127.20961358329696, 35.24207003452972], [127.21483879599202, 35.23632514393648], [127.21989691333391, 35.23670961509304], [127.22272715284704, 35.23960211780725], [127.21921053909988, 35.241203516349444], [127.2185368894396, 35.244014261179906], [127.22272456339725, 35.245450061052125], [127.22447516054719, 35.24395361209537], [127.22415305402947, 35.240120803262855], [127.22723440642665, 35.23912335910554], [127.22880951779051, 35.236962322765784], [127.23333087572188, 35.236739183695775], [127.2358322067859, 35.234064536926766], [127.24035338319473, 35.23384113613509], [127.24353321020327, 35.23042236892293], [127.24728737168971, 35.23189573097571], [127.24640408779996, 35.234357856431124], [127.24824900503151, 35.23730777288427], [127.24643025963448, 35.24301071606579], [127.24998185326447, 35.246106037550234], [127.25022243614094, 35.24977156458141], [127.2519722334571, 35.25117044015686], [127.25668331241224, 35.25147642140057], [127.25730509666818, 35.25556932433233], [127.26145810870125, 35.257916716683766], [127.2602346657659, 35.263868054837694], [127.25558807776667, 35.26359690549074], [127.25377197589458, 35.26504022296316], [127.25442269495053, 35.270716980578925], [127.25900022528339, 35.27076858743022], [127.26122035401507, 35.264997079448015], [127.26812739064461, 35.2659900377288], [127.26782836481082, 35.26982408521183], [127.26955860311953, 35.27130185096929], [127.27902642089103, 35.27211726937427], [127.27821582466761, 35.277280830779716], [127.27469228236504, 35.280496419792456], [127.28209774076873, 35.28775664110379], [127.28124338545096, 35.289909146990965], [127.27668453749448, 35.28953066766837], [127.27472189783037, 35.29198270739405], [127.27673219519191, 35.29438064018528], [127.28155501150067, 35.29305215577979], [127.28614163245798, 35.29517488867326], [127.28514088672907, 35.29770240093825], [127.28201466332796, 35.29961460258802], [127.28364081519132, 35.30347212035826], [127.28181594080327, 35.3092449250297], [127.28636235881676, 35.314019840713975], [127.29329154468974, 35.31452236606519], [127.30268547239278, 35.306113898582225], [127.31186291143067, 35.30527339846624], [127.31280347128315, 35.300488846308475], [127.31095477178951, 35.29753996351008], [127.31334401799045, 35.29587242646218], [127.31872035249856, 35.300123834037535], [127.3169811811356, 35.30336223748608], [127.31790065585646, 35.30521936108376], [127.32249193729453, 35.30867949082217], [127.32737804252717, 35.30856355186932], [127.32854952468774, 35.316766268825255], [127.34093456177173, 35.317425668365935], [127.34356847243066, 35.32012050725422], [127.34809594291181, 35.320322062020814], [127.3520219900783, 35.32320899389044], [127.3548843088775, 35.321566651411516], [127.35325441337329, 35.31771012403421], [127.35474796543046, 35.316094879336475], [127.35890689553572, 35.317427772180565], [127.36477491459831, 35.31658287962559], [127.36539400407271, 35.31092849042067], [127.36121003776813, 35.30802346599048], [127.36249952673725, 35.30594940106154], [127.36717790328923, 35.30565621108425], [127.36910845338942, 35.3032685677496], [127.36715613884942, 35.30083855434435], [127.36235104387403, 35.30064335171647], [127.358685679487, 35.30351881680661], [127.35528546932046, 35.30393081581169], [127.35476209248569, 35.299373032373474], [127.3505719173974, 35.296984962029576], [127.35146661008399, 35.2917298673329], [127.34961671501989, 35.28878157799938], [127.35144167880286, 35.285961397501396], [127.34946058661446, 35.2835737626695], [127.34693175515731, 35.28361902280899], [127.34443258206612, 35.2862959330259], [127.33868049378118, 35.287054777146], [127.33542054337796, 35.28362510562256], [127.33191093578696, 35.28419111033618], [127.3319506455616, 35.287914313157756], [127.33799218382656, 35.28861620227164], [127.33812006370096, 35.29434293709251], [127.33591581470999, 35.29525139089359], [127.32511929925548, 35.28652607875629], [127.32680707559676, 35.28320037307912], [127.32584076922929, 35.281305119258185], [127.32235136761525, 35.28077636034896], [127.31947873881956, 35.28420396992059], [127.31633882128862, 35.28312587553007], [127.31638683839655, 35.27743007196222], [127.32025378118244, 35.27429198473973], [127.32623181565833, 35.273488474323585], [127.33196572349858, 35.279292015307675], [127.33737103618672, 35.27997272128565], [127.33989256030097, 35.28263543364321], [127.3424216861385, 35.28266628228748], [127.3441708645777, 35.281168118088864], [127.34412414783367, 35.27635411181531], [127.34235798612085, 35.27493210372993], [127.33764525275835, 35.27462946823729], [127.33678462529227, 35.27158697787954], [127.34488400497021, 35.26694385099776], [127.35526493891899, 35.274174515860864], [127.36191747012427, 35.26862485531702], [127.35990531620624, 35.26622833843269], [127.35508539192624, 35.26755993628336], [127.35158875353535, 35.2658720440289], [127.34950601086258, 35.26301634907644], [127.35103724991585, 35.25896002266405], [127.3458504440413, 35.25475292547081], [127.34099022596212, 35.25436523360395], [127.34048411130509, 35.25038132902237], [127.33763592904072, 35.24880537711017], [127.33435802270454, 35.25142552937732], [127.33461711043041, 35.255311699629715], [127.33825961221373, 35.25848098684727], [127.33721127692225, 35.26390482222411], [127.334080772287, 35.26310223409231], [127.33180893333567, 35.2605608171945], [127.32936537222655, 35.26054675593298], [127.32760025840123, 35.2620041120922], [127.327300508262, 35.265791031435036], [127.32343410849145, 35.267648685370034], [127.31978828274937, 35.26581111924899], [127.31945843311169, 35.26202588144538], [127.3177428895517, 35.260598570784296], [127.3129791177898, 35.26191234835284], [127.30508863071032, 35.260177554538565], [127.30556830901007, 35.25463133830055], [127.30881525508875, 35.252564543819936], [127.30906267388112, 35.24885387835471], [127.31259307238756, 35.24574221292601], [127.3107290212772, 35.23995132459974], [127.31234109857566, 35.23613559843852], [127.3090567677515, 35.23402892564077], [127.30800687120728, 35.229404026563294], [127.30469171598705, 35.228871668069324], [127.3028662163393, 35.23034129190079], [127.30299870192584, 35.23876793139397], [127.29916503371487, 35.24286475895945], [127.30305350847352, 35.24732595167035], [127.29943624900876, 35.25051437798898], [127.29912417908166, 35.2543268099474], [127.2954929030067, 35.256182993392635], [127.29194850045243, 35.25469280540409], [127.2871468161392, 35.25488572361973], [127.2840938778438, 35.25834980189909], [127.27754796935272, 35.2543782193455], [127.2764891253024, 35.24970080058254], [127.26731220082628, 35.24890422795279], [127.25538114543272, 35.238228197408205], [127.2519879165672, 35.23692839606399], [127.25287190645521, 35.23439265418811], [127.2560812500627, 35.23235364910863], [127.25603978906237, 35.227539545787266], [127.25238972628522, 35.224175053864094], [127.25624774051562, 35.219810919324466], [127.25275698930928, 35.21685372096297], [127.25184501484016, 35.21233813400171], [127.24845028964766, 35.21105912651435], [127.248947919954, 35.207364138463845], [127.24473118799538, 35.203243525334145], [127.24791569413846, 35.20204370844308], [127.25179845281146, 35.20501271964186], [127.25533456224458, 35.204376063364435], [127.25619336981967, 35.20250513423425], [127.25435829312826, 35.19960606390151], [127.25618458933856, 35.19678727219035], [127.25433483852956, 35.193933941654755], [127.25594866461904, 35.19011892961228], [127.2540986770858, 35.18860798942101], [127.25078884660957, 35.189155641256534], [127.24978693366347, 35.19108617631434], [127.2516309845088, 35.19403606589544], [127.24964989298404, 35.19683036639523], [127.24189291702557, 35.19850432551298], [127.24033947772712, 35.19656113054189], [127.24208686907194, 35.19132011886213], [127.2447489706159, 35.18997630127938], [127.2453995051514, 35.187256436355774], [127.24361045137582, 35.18575768079281], [127.238997886238, 35.185508525199126], [127.23768471890693, 35.18288153014683], [127.24182583821148, 35.18056505405171], [127.24193833646017, 35.17644248139245], [127.24932688049822, 35.176442048770525], [127.25001010325126, 35.180548437409605], [127.25294907403836, 35.1821351502729], [127.25587817433949, 35.18053618297215], [127.25672648680326, 35.175717162998154], [127.26392438978783, 35.17639657203144], [127.26377916224585, 35.17933401773163], [127.26052689882872, 35.181406400827136], [127.26214963996658, 35.18526429770464], [127.26031834008313, 35.188179670469715], [127.2622944922056, 35.19056882531029], [127.26577066146218, 35.18999331427005], [127.26669764746364, 35.18811160106962], [127.26489842613525, 35.1849725963403], [127.27018259139896, 35.17950508059859], [127.26921884442837, 35.177609330249524], [127.26585246458598, 35.17632805747594], [127.26673537857721, 35.17379219374226], [127.27009197015997, 35.172759448437695], [127.27172748390443, 35.175538350495955], [127.27397559373163, 35.176319421138956], [127.2769771786013, 35.17462126438376], [127.2752963152854, 35.171315270483014], [127.27022899642611, 35.171214085737276], [127.26975469516245, 35.16068246440045], [127.27061923414921, 35.158433845683525], [127.27520054694831, 35.158800929064725], [127.28034862271161, 35.15456701433789], [127.28034127416564, 35.15242471889389], [127.27746811445512, 35.15088386027031], [127.27167985458155, 35.15454735760153], [127.26969414767818, 35.15743165058056], [127.2645874883281, 35.15398597823795], [127.25676731265294, 35.1544982046956], [127.25513273222596, 35.151719086982474], [127.25288547866123, 35.15093765980328], [127.2489401103737, 35.15388428952598], [127.24005004302134, 35.154634252494276], [127.24006080909484, 35.1582992143102], [127.24566086604992, 35.159093851813964], [127.2471153673495, 35.16158439550459], [127.23940848991926, 35.16411842535556], [127.23918803223252, 35.16808367311084], [127.24102185627837, 35.17098299348637], [127.23920447037611, 35.173696597074084], [127.24000985860403, 35.176382019668466], [127.23592670954427, 35.17857248344301], [127.23645716813874, 35.18223989190125], [127.23065100715104, 35.18290786167211], [127.22817392742502, 35.18557905893166], [127.22262318247803, 35.18635693082638], [127.22168007379113, 35.188307320389676], [127.22351373594033, 35.19120689678105], [127.22192456410481, 35.19277391343068], [127.21428787082529, 35.18850847986323], [127.20763160202462, 35.19399592520672], [127.20947986415986, 35.19690416449295], [127.20786372964726, 35.2007185614574], [127.20965245925181, 35.202217842597854], [127.21566174026754, 35.20216016842448], [127.22210703847986, 35.19585440277066], [127.22718340290034, 35.19929275840345], [127.23206310918108, 35.19918069285265], [127.2331130270404, 35.2051524642203], [127.22962298303109, 35.20661367915698], [127.22956847889186, 35.2110141817101], [127.22620848264191, 35.21230920784736], [127.22525569790064, 35.21415468225883], [127.22875481029868, 35.21721761440275], [127.22876201594698, 35.21978575300313], [127.22545523398037, 35.220935350392985], [127.22267819516331, 35.21754627196703], [127.21787832566034, 35.21734530704078], [127.21563377211538, 35.21813545594317], [127.21401390937032, 35.220920873205856], [127.20870847652255, 35.22096302008948], [127.20687919522076, 35.223852834065134], [127.20383403373492, 35.223138398866865], [127.20035583647329, 35.22465527730293], [127.19693209073736, 35.223157353315514], [127.1921009146178, 35.22335568543987], [127.19013717799604, 35.225752194266526], [127.1902225993852, 35.23409574635786], [127.18825317835733, 35.23499168224041], [127.1825568217004, 35.231484352314695], [127.18150373164667, 35.22680606515052], [127.17444892425723, 35.22630470633902], [127.16905885712086, 35.23155209365139], [127.17260713500787, 35.2347038914571], [127.17246636125789, 35.237823082932955], [127.16752594659712, 35.23781375239204], [127.16556113892976, 35.24020985987667], [127.16756705418754, 35.24266383054886], [127.17238861409398, 35.24133969040898], [127.17679915784443, 35.24322095340148], [127.17603594622894, 35.245915554585196], [127.17284997695411, 35.24765593504229], [127.16886041900472, 35.24627425147333], [127.16405891570575, 35.24646228544654], [127.16227603365864, 35.24796704395768], [127.16240861766782, 35.25191044349239], [127.15823183277227, 35.25356075933893], [127.15352195578404, 35.252244719824205], [127.1510091231707, 35.2549234992933], [127.14787825072356, 35.25492736573678], [127.14292189771449, 35.2512598922425], [127.14734711817526, 35.246029114617215], [127.1463838552211, 35.244159497788225], [127.14296958522236, 35.24278857689917], [127.14287736439732, 35.235528976521074], [127.1405231978957, 35.23477323343523], [127.13768476215516, 35.23636043853576], [127.13796736402057, 35.243177685525005], [127.13293743100398, 35.243293486878734], [127.13301506380034, 35.239249971389064], [127.12529554481176, 35.232664140002235], [127.11971381781512, 35.231884033996224], [127.1182361264695, 35.22976870897679], [127.11492682459165, 35.22856541305575], [127.11475546650618, 35.221157423445035], [127.11024257430833, 35.22112329932253], [127.1093002438799, 35.22595712427502], [127.11370134296591, 35.229210607785994], [127.11281404815537, 35.23167176932249], [127.11465407516502, 35.23462373530136], [127.11282203518392, 35.23744038864871], [127.11464505238077, 35.24048791399102], [127.10955817973772, 35.24506661936129], [127.10909208475827, 35.2519121779306], [127.10426403312422, 35.2523063225388], [127.10168957191391, 35.2556347572663], [127.09836221619751, 35.25500499936215], [127.0955081407355, 35.25661574696391], [127.09553143214295, 35.264414055860186], [127.09837549737814, 35.26599571309604], [127.1018034757353, 35.265413313041265], [127.10415766834666, 35.269148411982336], [127.10190746358418, 35.272826392772814], [127.09725574354759, 35.2725022617249], [127.09529733535774, 35.27500216493404], [127.09851744137765, 35.27754031189219], [127.10074258355165, 35.276772455263064], [127.10250210705613, 35.27393311162452], [127.11028462749108, 35.27443616709043], [127.11316574718512, 35.271013496172834], [127.12003461182157, 35.27180712119628], [127.12081670707938, 35.27293612397663], [127.1166354116539, 35.27678731324146], [127.1159880130663, 35.28375544255444], [127.10359261915112, 35.284126874278044], [127.09839359624763, 35.280963654741896], [127.0926938319147, 35.28463104068837], [127.09203745107715, 35.28748531653309]], [[127.35694456304918, 35.3127984966761], [127.35147409490375, 35.30872619477797], [127.35161405043623, 35.306253095059475], [127.35414986294714, 35.305177351903865], [127.36012060142163, 35.30948816454249], [127.35908496564402, 35.311926785537345], [127.35694456304918, 35.3127984966761]], [[127.32877110300203, 35.30710984929061], [127.32708130502898, 35.306813317627466], [127.32750506429075, 35.30533981995649], [127.32924765295299, 35.305776850510256], [127.32877110300203, 35.30710984929061]], [[127.32173756544944, 35.285252762672016], [127.3220741542555, 35.2866170734151], [127.32029380902661, 35.28692777339862], [127.32002840735717, 35.2854277307571], [127.32173756544944, 35.285252762672016]], [[127.30408745519895, 35.29275308272419], [127.3022920650027, 35.292279046382525], [127.30229085541224, 35.28908081149024], [127.30622877736539, 35.28586541606043], [127.30946203512765, 35.2859068452914], [127.30981565865558, 35.29179558537393], [127.30408745519895, 35.29275308272419]], [[127.30491851291335, 35.27007449649195], [127.3053073904586, 35.26867604887297], [127.30704733992171, 35.268996595704856], [127.30664464623872, 35.27041554778501], [127.30491851291335, 35.27007449649195]], [[127.29846381543341, 35.2966465947464], [127.29912452458557, 35.29458567600018], [127.3026255072567, 35.2941253460305], [127.3024711855577, 35.29785427647241], [127.29934447836746, 35.29795301058925], [127.29846381543341, 35.2966465947464]], [[127.29893775578859, 35.26908837741064], [127.29767518627513, 35.268095809786644], [127.29893154300024, 35.26704719652665], [127.30019558025127, 35.26808958266396], [127.29893775578859, 35.26908837741064]], [[127.2909746025588, 35.30472016502627], [127.29136388158214, 35.30332176826713], [127.2931045199512, 35.30364251045346], [127.29270141546883, 35.305061410023555], [127.2909746025588, 35.30472016502627]], [[127.28942047023175, 35.26181303644428], [127.28903135127034, 35.263211435758485], [127.2851382363685, 35.26399442359843], [127.28463576035557, 35.259725495012276], [127.28816317734572, 35.25995123839136], [127.28942047023175, 35.26181303644428]], [[127.25483795267205, 35.15556879191066], [127.25652435754272, 35.155866355013295], [127.25610007139039, 35.157339642901995], [127.25436104457175, 35.15690153237484], [127.25483795267205, 35.15556879191066]], [[127.23542513910357, 35.197120937756296], [127.23416445912027, 35.196127687973245], [127.23542053386677, 35.19507972265125], [127.23668264126643, 35.19612279251289], [127.23542513910357, 35.197120937756296]], [[127.2234113382853, 35.22197039878615], [127.22515729027114, 35.22235482582137], [127.22535266919618, 35.225382510632386], [127.22115834382214, 35.228898186728784], [127.21813478963189, 35.22886237464096], [127.21323989287391, 35.225379316790324], [127.21480078293088, 35.22190365625774], [127.2234113382853, 35.22197039878615]], [[127.21809652928545, 35.286037973727154], [127.21935841253622, 35.28703137166493], [127.21810071810125, 35.28807916036583], [127.21683741558456, 35.28703591698114], [127.21809652928545, 35.286037973727154]], [[127.20901876927546, 35.224929767797434], [127.2093532158354, 35.226294414115856], [127.20757374804661, 35.22660345528272], [127.20731062476689, 35.22510314155644], [127.20901876927546, 35.224929767797434]], [[127.20142718399414, 35.23026416884401], [127.20103670033122, 35.2316622975803], [127.19929795797653, 35.231340220013756], [127.1997023347428, 35.229921609654006], [127.20142718399414, 35.23026416884401]], [[127.19545149095946, 35.28835766287508], [127.19719873873167, 35.288742484715954], [127.19739324997157, 35.29177018439905], [127.19310269763679, 35.29594779081915], [127.1864244272111, 35.29527391925748], [127.18282514015853, 35.29678572827482], [127.17828822590636, 35.29474530394604], [127.17971309571006, 35.291846804395774], [127.18764089740023, 35.29166738021083], [127.19024409895837, 35.28832795523875], [127.19545149095946, 35.28835766287508]], [[127.19375362864797, 35.26903916234734], [127.19269363192205, 35.27006705003832], [127.18866298395398, 35.26952155968197], [127.18622289122521, 35.272787029415014], [127.1816654270909, 35.27240496336054], [127.1776777993604, 35.27539734583279], [127.1755587874131, 35.274676382736786], [127.17529633541893, 35.27097349491311], [127.17358312002607, 35.26954413417203], [127.1700974396183, 35.2700871951589], [127.16796066275533, 35.27299448370185], [127.16521173519145, 35.27203866326589], [127.16403711338224, 35.269813299376416], [127.16822926484791, 35.267219116444984], [127.16871053753205, 35.263233107270736], [127.17362240106776, 35.26279828994637], [127.18103618660363, 35.25695464067893], [127.18661047741533, 35.25758738223401], [127.18772124540389, 35.265180377275485], [127.19000184644214, 35.26588652411659], [127.19353775902769, 35.264382127596306], [127.1953168302161, 35.26552688973378], [127.19375362864797, 35.26903916234734]], [[127.19338942342024, 35.25199733797565], [127.1921284010865, 35.2510036605917], [127.19338586073782, 35.249956136233244], [127.19464828597671, 35.25099963379674], [127.19338942342024, 35.25199733797565]], [[127.18804911643791, 35.31606335949099], [127.18625387814849, 35.31558760175244], [127.18580268221048, 35.310824398321465], [127.18830688892223, 35.30886071003749], [127.19218298642156, 35.312304858796224], [127.18804911643791, 35.31606335949099]], [[127.19027718776323, 35.28635041544977], [127.18909670200141, 35.287384736089216], [127.18778775147373, 35.286353251753695], [127.18909189583952, 35.28531769656318], [127.19027718776323, 35.28635041544977]], [[127.18609472735075, 35.277701951774986], [127.18727511147186, 35.2766676590905], [127.18858389909653, 35.27769915113413], [127.187279869935, 35.278734701794086], [127.18609472735075, 35.277701951774986]], [[127.18282146366586, 35.24336085235947], [127.1815607039613, 35.24236706263543], [127.18281816720418, 35.2413196465712], [127.18408032318901, 35.24236325669301], [127.18282146366586, 35.24336085235947]], [[127.17759129929655, 35.320161602557775], [127.17792561815502, 35.32152631466034], [127.17614394651375, 35.32183489545739], [127.17588108634374, 35.32033453619681], [127.17759129929655, 35.320161602557775]], [[127.17129257853918, 35.25042686213229], [127.1730509739547, 35.250210340938374], [127.17330127552952, 35.25164775538497], [127.17153278157411, 35.251846451914396], [127.17129257853918, 35.25042686213229]], [[127.16504951529465, 35.306575331340085], [127.166230585667, 35.30554124702275], [127.1675395736887, 35.3065729612746], [127.16623481392193, 35.30760828218842], [127.16504951529465, 35.306575331340085]], [[127.15123810412325, 35.27513174061802], [127.14998146594336, 35.27423205651929], [127.15106429753301, 35.2719808823988], [127.15475318776697, 35.271839784167746], [127.1556898342787, 35.27481789186555], [127.15123810412325, 35.27513174061802]], [[127.1406483272318, 35.251541264306496], [127.14190451143513, 35.25244104979732], [127.14123384073332, 35.255716441173234], [127.14538345842936, 35.25944261245253], [127.1446341563658, 35.26066478089843], [127.136755399517, 35.26012672090654], [127.13506079426652, 35.254319701215636], [127.13722270268566, 35.25161330106055], [127.1406483272318, 35.251541264306496]], [[127.13875419714664, 35.2988243057458], [127.13706525273678, 35.298525116063956], [127.13749241732087, 35.297052271738124], [127.13923381899708, 35.297492044387646], [127.13875419714664, 35.2988243057458]], [[127.13719368407388, 35.28956993038146], [127.13593276169351, 35.28857567321528], [127.13719152579444, 35.2875287361431], [127.13845381747498, 35.288572813897154], [127.13719368407388, 35.28956993038146]], [[127.13474251141493, 35.29381135261457], [127.13435058062497, 35.29520925508973], [127.13261073966366, 35.29488622537088], [127.1330165911899, 35.29346784911992], [127.13474251141493, 35.29381135261457]], [[127.13173505754888, 35.2538816411868], [127.13206833099548, 35.25524649748231], [127.13028793366567, 35.25555440321294], [127.130026137607, 35.25405392534998], [127.13173505754888, 35.2538816411868]], [[127.13042132523354, 35.2518182036231], [127.12924057586329, 35.25285194679224], [127.12793293864664, 35.25181980587279], [127.1292372952175, 35.25078488942782], [127.13042132523354, 35.2518182036231]], [[127.12278774458456, 35.280667060890245], [127.12396897862556, 35.27963338444215], [127.12653559882914, 35.280467926006345], [127.12770683824701, 35.28335435525891], [127.12320663374904, 35.28374830586036], [127.12278774458456, 35.280667060890245]], [[127.12412251028223, 35.25055829157882], [127.12341121445203, 35.252062133081616], [127.11854179652754, 35.25171378369009], [127.11953888074957, 35.2459209876494], [127.12406644198532, 35.246170804992566], [127.12412251028223, 35.25055829157882]]], [[[127.3629253846432, 35.292744433180886], [127.36364848299449, 35.29647597849019], [127.36816524283385, 35.29642399700405], [127.36808868200012, 35.28983675980957], [127.36366898537048, 35.289819558251295], [127.3629253846432, 35.292744433180886]]], [[[127.33785726244051, 35.186098099204024], [127.33857822608061, 35.189829872040846], [127.34308910074945, 35.189778859396334], [127.34301474190578, 35.18319147791805], [127.33860082427685, 35.18317332716747], [127.33785726244051, 35.186098099204024]]], [[[127.31271477835172, 35.08376205506579], [127.30912388492477, 35.08705858933466], [127.31222500411934, 35.08968886273761], [127.31707775177478, 35.08947409877698], [127.32221931457926, 35.08523839086899], [127.32246815110445, 35.075486346891225], [127.32057657344846, 35.07313588439215], [127.31638062585662, 35.074458306383434], [127.31618436744739, 35.08096238461139], [127.31271477835172, 35.08376205506579]]], [[[127.30045646202612, 35.08083691943861], [127.30469894597073, 35.07944638920457], [127.30296143888219, 35.07602756044729], [127.29880261677422, 35.07745580674059], [127.30045646202612, 35.08083691943861]]], [[[127.28239835685056, 35.22450616133264], [127.28697330084097, 35.224556722376214], [127.28696025779232, 35.220851614853906], [127.28244518740019, 35.22086223293343], [127.28239835685056, 35.22450616133264]]], [[[127.2642084912501, 35.226661611644225], [127.26422120444794, 35.22955169338882], [127.26755398161562, 35.231737898254146], [127.26775534825474, 35.235312538978825], [127.27108845625504, 35.23749864297244], [127.27195821838801, 35.24476141513977], [127.28350413930512, 35.24477323724308], [127.28354651116075, 35.23758483260179], [127.28768908511617, 35.23526680215752], [127.28702315353202, 35.23240879311766], [127.28240653537979, 35.228938179359126], [127.27076111601639, 35.228706444126225], [127.27009064591569, 35.22462470276012], [127.26832689726554, 35.223201590520475], [127.26488048824632, 35.22378624872049], [127.2642084912501, 35.226661611644225]]], [[[127.27845054309034, 35.09760440031909], [127.28301838490889, 35.097655145073894], [127.28300558189423, 35.09394995851347], [127.27849751619108, 35.0939603965772], [127.27845054309034, 35.09760440031909]]], [[[127.27819001217462, 35.203555784059915], [127.27890840953263, 35.20728791398207], [127.28342030309273, 35.20723911927155], [127.28335073438046, 35.20065169626256], [127.27893586966162, 35.20063137555479], [127.27819001217462, 35.203555784059915]]], [[[127.275992079417, 35.10973876556281], [127.28023647856772, 35.10834908879363], [127.27849936823861, 35.104929923857604], [127.27433864967738, 35.106357333295236], [127.275992079417, 35.10973876556281]]], [[[127.25454907311656, 35.311096618054904], [127.25999523770756, 35.311228021804105], [127.26163322133225, 35.31400698597646], [127.26388506948695, 35.31478820976002], [127.27214726005471, 35.314580940003815], [127.27414183066934, 35.31217392714989], [127.27219212876747, 35.30974237132116], [127.26732895200627, 35.30935173759502], [127.26682608151066, 35.305367545600014], [127.26391543295173, 35.30378248147065], [127.26160284910766, 35.304573624105196], [127.25998286030956, 35.30735961753172], [127.25459717540998, 35.30745274699387], [127.25454907311656, 35.311096618054904]]], [[[127.26024295619361, 35.085337412273994], [127.26023008626908, 35.08817755157074], [127.26197086375646, 35.08961727290112], [127.26782809055692, 35.089626086310325], [127.26964006585051, 35.08818253463116], [127.26965051058512, 35.08336820761278], [127.26789440013467, 35.08187884675339], [127.26191636852079, 35.081903503882245], [127.26024295619361, 35.085337412273994]]], [[[127.22356236006895, 35.16850832838979], [127.21901684646497, 35.169095812511145], [127.21907344372394, 35.172799004400964], [127.22836578300107, 35.17352966060541], [127.23126206644284, 35.171932678902756], [127.23128880602611, 35.167093862709116], [127.22956147941184, 35.16561551295881], [127.2270598568883, 35.16562022751438], [127.22356236006895, 35.16850832838979]]], [[[127.22240786989705, 35.138101242094514], [127.22697795068335, 35.13815408943384], [127.22696766736443, 35.134448911500066], [127.22245735103087, 35.13445727444595], [127.22240786989705, 35.138101242094514]]], [[[127.20487320672764, 35.14678521282606], [127.20749077073751, 35.148031917439624], [127.20775426133869, 35.15173480723622], [127.20949547849426, 35.153175265480336], [127.21783537979256, 35.15335113017716], [127.22068342522032, 35.151737490748786], [127.22069673639861, 35.146923207189836], [127.21894014183076, 35.145433154617784], [127.21110544829078, 35.14530306958678], [127.20714394604138, 35.142371439582355], [127.20423417345852, 35.14399239738032], [127.20487320672764, 35.14678521282606]]], [[[127.2049165964718, 35.16409122001327], [127.20848435317168, 35.16470279042907], [127.21135748601162, 35.161277745182694], [127.21550156736123, 35.16180616875269], [127.21717505067153, 35.1583671127111], [127.21414284713804, 35.156788548693505], [127.21196171168421, 35.15757099224107], [127.21034291408857, 35.160356384480124], [127.20597060890724, 35.15988923250941], [127.20425129879992, 35.16137378077733], [127.2049165964718, 35.16409122001327]]], [[[127.20081636712325, 35.17774985101202], [127.20151358714165, 35.184348614786146], [127.20953992153642, 35.1843349947454], [127.20951560985283, 35.174861194714126], [127.20252398700228, 35.1743051511673], [127.20081636712325, 35.17774985101202]]], [[[127.1638900887754, 35.21954724132932], [127.16814211359647, 35.21816149237816], [127.1664073277843, 35.214740774541816], [127.16223904610575, 35.21616433274267], [127.1638900887754, 35.21954724132932]]], [[[127.15520245446153, 35.2066602042461], [127.15591525558622, 35.21039307937939], [127.16042741607562, 35.210348867109865], [127.16036777549422, 35.203761345151904], [127.15595275225118, 35.20373654099019], [127.15520245446153, 35.2066602042461]]], [[[127.11824324564253, 35.209037599820874], [127.11374133781169, 35.2095827726408], [127.11301767016526, 35.21243131446815], [127.11478965452908, 35.21388223050768], [127.12056979440906, 35.214524245196706], [127.1200593760004, 35.22107750155777], [127.12332304845202, 35.22313955646314], [127.12358297618148, 35.22684259202612], [127.1252944157823, 35.22827267474439], [127.1278515776023, 35.22824361768639], [127.13368724112912, 35.2240827447381], [127.13699228981166, 35.22557785360285], [127.14381817878146, 35.22555589372097], [127.14650713491463, 35.228282066969214], [127.15416187868942, 35.227729450696415], [127.15699748070915, 35.23114076059994], [127.16112138588801, 35.229732828232194], [127.16043769461763, 35.22685403532179], [127.15484747102843, 35.226682382958785], [127.14887487909677, 35.220543841059744], [127.14205964626328, 35.22061428953237], [127.1382955961335, 35.217660470115916], [127.12969324926495, 35.2169607785197], [127.12973503717073, 35.21159557088463], [127.13580452755474, 35.21039908842563], [127.1369635046091, 35.205586956288236], [127.14033090134366, 35.20389914356648], [127.14408160127914, 35.20538823555749], [127.14698161397013, 35.20383595587485], [127.147045414776, 35.19895311278135], [127.14531893207133, 35.19747356702699], [127.140556033474, 35.198780569840714], [127.13713446758356, 35.197280942890316], [127.13227481331869, 35.19748851755622], [127.12632509047971, 35.20364093005341], [127.12073705462427, 35.203825563756794], [127.11983664246827, 35.208317965205026], [127.11824324564253, 35.209037599820874]]], [[[127.10312259560378, 35.216138661892565], [127.10769698425756, 35.21619599929051], [127.10769209088367, 35.21249084659415], [127.10317743539076, 35.21249477802364], [127.10312259560378, 35.216138661892565]]], [[[127.08849964619345, 35.23636237607738], [127.08922356304745, 35.23933434980143], [127.09509285074184, 35.24031048146728], [127.09548240984803, 35.24417389875891], [127.09719372211156, 35.245604374922685], [127.10309206284778, 35.24563270120727], [127.10489630563194, 35.244216170201696], [127.10491528742462, 35.239327654808605], [127.10165142998069, 35.237265109452835], [127.10139246414151, 35.23356203146929], [127.09968133175528, 35.23213161152408], [127.09369219253641, 35.232124796928595], [127.08849964619345, 35.23636237607738]]]]}}, {"type": "Feature", "properties": {"regionNm": "광주", "districtNm": "광산구", "districtKey": "광산구", "regionCd": "29200", "buildingCount": 26630, "avgScore": 17.6, "maxScore": 40.0, "dominantRiskCd": "B", "rawAvgRiskCd": "A", "avgScoreScaled": 73.67, "styleRiskCd": "D"}, "geometry": {"type": "MultiPolygon", "coordinates": [[[[126.64590283881327, 35.145671096992096], [126.64659182311813, 35.14940691744945], [126.65350555182606, 35.15080190159317], [126.65263813264146, 35.156284464545145], [126.65619364135208, 35.15943742873555], [126.65702994039646, 35.166724699750844], [126.66260267377727, 35.1675261080576], [126.66620119025299, 35.17039315142193], [126.67389184757691, 35.16902677118757], [126.67713174451455, 35.17085410345546], [126.67804851448864, 35.17541527253084], [126.68145208345882, 35.17675129521296], [126.68048059404377, 35.179360237545865], [126.67725059161108, 35.18105118953498], [126.67331748125623, 35.17960449110092], [126.67102500933082, 35.1803643189924], [126.66924083845643, 35.18608167787542], [126.66623251731492, 35.185226898602245], [126.66395388859074, 35.18266129878366], [126.66049842671407, 35.183201376477435], [126.65624198179808, 35.18696742098072], [126.65598326608983, 35.19373948371247], [126.6580334826997, 35.19616030926266], [126.66380647764043, 35.19617647378032], [126.66619603263173, 35.1948485017512], [126.66970358463516, 35.19637052396951], [126.67352790797545, 35.193473671918355], [126.67759158105673, 35.19375002156732], [126.67726864167008, 35.20051668378213], [126.68052023631316, 35.202590639430255], [126.68140045243324, 35.20711044444694], [126.68406188266836, 35.20845587846357], [126.68496486081584, 35.21585224294248], [126.68838619188985, 35.21641994783944], [126.69091299399011, 35.2137508002862], [126.69651740213575, 35.212959123690155], [126.69657541092191, 35.20292493197126], [126.7009634814167, 35.20075036573662], [126.70511835401044, 35.20265304003521], [126.70534880517557, 35.20924121569071], [126.70827024542456, 35.210889828820456], [126.71410996008986, 35.20723331314067], [126.71422965761201, 35.20279198041172], [126.7176218867494, 35.20149301867515], [126.71939309943821, 35.19865924505251], [126.72552420282078, 35.1987085408025], [126.72822851334473, 35.20209435843646], [126.73305473974455, 35.20078771938962], [126.7374528943947, 35.202684969456726], [126.73701202307493, 35.20647987571403], [126.74115384776017, 35.20879706856705], [126.74017132743036, 35.21115297031688], [126.7365292955085, 35.21299237671007], [126.73293521309839, 35.21147816932352], [126.72715250065563, 35.212213088288976], [126.72614546776647, 35.21969214901684], [126.72006936281038, 35.22086807338925], [126.71911946810522, 35.22562984624486], [126.72105079325314, 35.228016116206405], [126.72702907793487, 35.22895623074184], [126.72612042675159, 35.234298806871884], [126.72795257679621, 35.237160147693245], [126.72611056587756, 35.23996243782698], [126.72637559513659, 35.243996336627866], [126.73152963697889, 35.24822993003093], [126.73611594892051, 35.24786261964805], [126.74208921701103, 35.25403308768063], [126.75043832090547, 35.25424116199537], [126.75332567744422, 35.25256330201904], [126.75267472033988, 35.24984345311067], [126.74616762337415, 35.24445877001951], [126.74657079969826, 35.24024294688574], [126.74983843262243, 35.23818442012683], [126.75008221525604, 35.234323558053426], [126.74566480030943, 35.229088883127496], [126.74981613393686, 35.2267412281239], [126.7508506290382, 35.22246808105267], [126.75755988367584, 35.222727607225494], [126.75781183403667, 35.22544094521638], [126.7545520301499, 35.22749294466526], [126.7544884344387, 35.22954102150367], [126.75625438852099, 35.23099716578957], [126.76095988657944, 35.231196840709345], [126.76776887316434, 35.22683229717681], [126.77141892217588, 35.2283238720153], [126.77625136703455, 35.22814233141764], [126.77873644778239, 35.22487358964687], [126.78328931943224, 35.22527082347661], [126.78599958321104, 35.222535316961675], [126.80319711002026, 35.22261860963258], [126.80691653841205, 35.22113243880927], [126.8137984661791, 35.22282717006824], [126.81431070552539, 35.22685733912868], [126.81602046059382, 35.228218445482014], [126.82081562645132, 35.22860638916884], [126.8219968893468, 35.233437154704134], [126.82774408864402, 35.23419461220739], [126.83068338012471, 35.232605955355304], [126.83146406450626, 35.22844961792818], [126.8394929167958, 35.228251844047804], [126.84328913133764, 35.22528950591761], [126.85007484584501, 35.22537195786642], [126.85532547207714, 35.221076129718185], [126.8555942421406, 35.205625136378146], [126.85378169343026, 35.202573706562454], [126.85569390280031, 35.19707459809217], [126.86240384098625, 35.19224112394027], [126.86241208378712, 35.18735157555653], [126.85367101897792, 35.18015474870483], [126.8420027356786, 35.17987260520297], [126.8381048414992, 35.176628707065184], [126.8371325231554, 35.17203033923561], [126.83168842621004, 35.17129665155521], [126.82913340233056, 35.16859685951768], [126.8240717507309, 35.16795611714142], [126.8238531116413, 35.158533556251314], [126.82023271558162, 35.15488984890763], [126.82118945561118, 35.15340096344638], [126.82668208205934, 35.152644378711884], [126.82762623903176, 35.14808696194312], [126.83112027031684, 35.14502235039329], [126.82763906812468, 35.142002105938765], [126.82669217312477, 35.13742188349277], [126.81975213667506, 35.13601851641902], [126.81970782621944, 35.12010552877701], [126.81166690891028, 35.1137566295553], [126.80580804693795, 35.11372577679468], [126.80398734198137, 35.11516237898202], [126.80464958970904, 35.117998576599895], [126.81513180799756, 35.12670955148633], [126.81072953022667, 35.130597531580676], [126.8151638528961, 35.13534133527839], [126.81859253503303, 35.13673975979318], [126.81757925193808, 35.13926346002719], [126.8148756591072, 35.14028692113245], [126.81257265428685, 35.13735207994877], [126.80707499888148, 35.13660647528878], [126.80320992414867, 35.1334722652243], [126.80282365018562, 35.129582306607425], [126.79958288737048, 35.127537168223775], [126.79861330823418, 35.12293846276296], [126.78561496877117, 35.12182739578847], [126.78552610155167, 35.113494782930765], [126.79522789228866, 35.10640433662719], [126.79589989589135, 35.100802509037074], [126.7894633678446, 35.09621577467479], [126.78550398724786, 35.09914732367524], [126.77865623365702, 35.09873995046638], [126.77860297723652, 35.096088797891426], [126.7818640259525, 35.09402933315568], [126.7822586359141, 35.09016623021946], [126.78712662930509, 35.08972254312366], [126.78887228962721, 35.088323050197175], [126.78913594269808, 35.08144973748251], [126.78721508802603, 35.07911528132702], [126.782454891689, 35.078770206798566], [126.77317428632705, 35.07042508321379], [126.76731854739992, 35.070392381899836], [126.76549813778111, 35.07182841750977], [126.76612812252333, 35.07814994003764], [126.76173006954525, 35.081398988425676], [126.76355061359513, 35.084364790946786], [126.76171329408656, 35.0871677123023], [126.76160292604631, 35.092938873270306], [126.7579666528716, 35.09477898348548], [126.75437735055955, 35.09326540249648], [126.74860318917985, 35.09400139568519], [126.7476408515933, 35.09589731994648], [126.74932785057311, 35.09922208720973], [126.73996260879649, 35.10767876491966], [126.73374296517505, 35.10836330458238], [126.73196840790453, 35.105503240566115], [126.72861201979502, 35.10492444244068], [126.72677895776427, 35.1063853992297], [126.72645193065439, 35.11017087346864], [126.72428010045668, 35.110797709061394], [126.72163064730383, 35.11004216980397], [126.72215146067082, 35.106349340028665], [126.71917855046037, 35.10472646443218], [126.71560037822957, 35.10753310321298], [126.71096097165932, 35.107789618350324], [126.70684666431283, 35.11076627275125], [126.7028402430273, 35.107760845991976], [126.69502111316135, 35.10823683255451], [126.69340656601567, 35.105450172360726], [126.69116598987114, 35.10465834247064], [126.68639487766116, 35.10825788771215], [126.67840763883397, 35.10197689373354], [126.67492270919713, 35.102448768014675], [126.67039647536352, 35.10714444063903], [126.67219202056484, 35.10991950281797], [126.67036215005668, 35.11299092353738], [126.67213843956995, 35.11616582041842], [126.6668167673649, 35.12163429464131], [126.66776759734279, 35.12350771955027], [126.67112235738011, 35.12480558542491], [126.6705317364107, 35.12839022802845], [126.67378030366503, 35.130464372678546], [126.67377006089554, 35.13303252691119], [126.67006926111804, 35.13495265605393], [126.6665387272734, 35.13336725958599], [126.66523351094352, 35.128450488588754], [126.66071013236257, 35.12497712185879], [126.6582097776128, 35.124970096853566], [126.65626269461194, 35.12734642937095], [126.65807773563847, 35.133147353457765], [126.65622632892635, 35.13599936625738], [126.65606686702267, 35.14515912132766], [126.6525462428453, 35.14491498136957], [126.64882158441286, 35.142039629397004], [126.64594736201853, 35.14357873645564], [126.64590283881327, 35.145671096992096]], [[126.74008592160924, 35.16245887679171], [126.7388355675507, 35.161554924708675], [126.73979718542417, 35.15946756469296], [126.74304962927498, 35.15765584549094], [126.74708938874542, 35.15905920942247], [126.74940280810053, 35.1582778792346], [126.75093841050317, 35.15265844889629], [126.75766741292074, 35.15619781707177], [126.76216929045866, 35.15255686723316], [126.77396157903718, 35.16178696778615], [126.7852462940358, 35.16129758874902], [126.78702391895449, 35.164156857958936], [126.79257335748258, 35.16493403151717], [126.79345070621444, 35.16667198661398], [126.79245834169892, 35.16835145208269], [126.78646920572551, 35.16908102142994], [126.78445680061954, 35.166179384600774], [126.78109754403822, 35.16560203486963], [126.77580126275994, 35.16984766639795], [126.77551183841334, 35.17388048154922], [126.77733534844656, 35.17669032449693], [126.77549597903702, 35.17964912284605], [126.77901787500483, 35.18270747523148], [126.77991391949858, 35.18750110688356], [126.77587599847865, 35.18925222551944], [126.77139527516427, 35.18525702645201], [126.77106609298825, 35.181420170703994], [126.76688594093513, 35.177702413943116], [126.76453694984255, 35.17693936554248], [126.7609969565833, 35.1784312449031], [126.75769777114165, 35.17684896363758], [126.75035964100955, 35.17079383037158], [126.75003150172715, 35.166956912557666], [126.74585304780022, 35.1632384280649], [126.74008592160924, 35.16245887679171]], [[126.7853880469778, 35.17670380572523], [126.78657203972229, 35.175673409800666], [126.78787412712529, 35.176709238889615], [126.78656663696496, 35.17774048375056], [126.7853880469778, 35.17670380572523]], [[126.78417873489447, 35.17295062504185], [126.7858637686511, 35.17325473680708], [126.78543090712472, 35.17472635841643], [126.7836940507661, 35.17428149625615], [126.78417873489447, 35.17295062504185]], [[126.7818288730144, 35.194003437446234], [126.783013162606, 35.19297308033013], [126.78431547944642, 35.19400894554541], [126.7830076662414, 35.19504014788021], [126.7818288730144, 35.194003437446234]], [[126.78010663559064, 35.220828010228445], [126.77848874474489, 35.22060527430703], [126.77731760294422, 35.217707677311715], [126.78039241107237, 35.21651048932919], [126.78277507023701, 35.218571223267034], [126.78010663559064, 35.220828010228445]], [[126.77080021794048, 35.105834839653234], [126.77129961366128, 35.1043947113765], [126.7754475485099, 35.10393005740504], [126.77535616618957, 35.110485384304006], [126.77083723279378, 35.11022254704423], [126.77080021794048, 35.105834839653234]], [[126.77359245718543, 35.190237298776765], [126.77527780716514, 35.190541558127435], [126.77484466164216, 35.19201313665041], [126.77310749651545, 35.191568122795665], [126.77359245718543, 35.190237298776765]], [[126.77260628918883, 35.21579660959433], [126.77230528578653, 35.21714212303715], [126.76972759855146, 35.21762263710043], [126.7673452981844, 35.21556164742258], [126.77069674103657, 35.21314064381582], [126.77260628918883, 35.21579660959433]], [[126.76483799518884, 35.10482234834189], [126.76358446733173, 35.103824201200396], [126.76484514013198, 35.10278110702615], [126.76609980764262, 35.10382908003578], [126.76483799518884, 35.10482234834189]], [[126.7635051926845, 35.20100423479189], [126.7639030256159, 35.19960752553486], [126.76563935270755, 35.19993585264218], [126.76522757895108, 35.20135300482782], [126.7635051926845, 35.20100423479189]], [[126.76219646617332, 35.14915749545859], [126.75668546519807, 35.14769160789917], [126.75769838082998, 35.14478608606864], [126.76138136451672, 35.14492983319724], [126.76334474264709, 35.147628359844305], [126.76219646617332, 35.14915749545859]], [[126.76105004593164, 35.19999835789296], [126.75979511089203, 35.19900018161046], [126.76105730782605, 35.197957149310476], [126.76231338120016, 35.19900515066345], [126.76105004593164, 35.19999835789296]], [[126.75673499373221, 35.114460530222935], [126.75713251229963, 35.11306382199139], [126.75886697580087, 35.11339224334585], [126.7584555295113, 35.11480939405661], [126.75673499373221, 35.114460530222935]], [[126.75398740708452, 35.21152149562425], [126.75273238247671, 35.21052324767481], [126.75399484847296, 35.209480292077686], [126.75525100722727, 35.21052836504662], [126.75398740708452, 35.21152149562425]], [[126.75298075967432, 35.1952145759245], [126.7533787437234, 35.19381790052405], [126.75511490450471, 35.194146378175155], [126.75470297798758, 35.1955634953092], [126.75298075967432, 35.1952145759245]], [[126.74670107526039, 35.10926876238361], [126.74711314420738, 35.10740424997829], [126.7490975068367, 35.10684473346778], [126.75203883986548, 35.10966430831859], [126.74896764870964, 35.110860812438986], [126.74670107526039, 35.10926876238361]], [[126.73815095578021, 35.15152065753146], [126.72930948330067, 35.14470670186095], [126.72934301871169, 35.13880126524081], [126.73784102334585, 35.13866016658958], [126.74306477879892, 35.13523053914117], [126.74588158238038, 35.13863017258961], [126.75086428189142, 35.13913996644206], [126.75133597880007, 35.143708974180846], [126.74706505185632, 35.14798382598], [126.74239354709464, 35.14825306913551], [126.73815095578021, 35.15152065753146]], [[126.74345323056245, 35.2086153160714], [126.7421983800744, 35.20761695918917], [126.74355515944764, 35.204675005845296], [126.74798608929127, 35.20559166975574], [126.74697206061933, 35.20849707657287], [126.74345323056245, 35.2086153160714]], [[126.74003084297561, 35.17976477146762], [126.73878022580698, 35.178860820249305], [126.73980279630925, 35.176690747867774], [126.74422611687245, 35.175014021877466], [126.74571300175903, 35.17672454332052], [126.74378536507461, 35.17943310529396], [126.74003084297561, 35.17976477146762]], [[126.72954901882034, 35.16243581280187], [126.72831353060486, 35.16162546728047], [126.72843932672649, 35.15667539425929], [126.73374576076235, 35.15627999686341], [126.73364843639011, 35.160323257481686], [126.73778783216967, 35.16264057236734], [126.73686651765466, 35.16491374840579], [126.7334428117729, 35.16601442293445], [126.73182582441225, 35.163228289817894], [126.72954901882034, 35.16243581280187]], [[126.73068587804862, 35.12024803600754], [126.72923017926414, 35.12060731517873], [126.72755413818683, 35.11909369777802], [126.72970136320995, 35.11588332889925], [126.73689329932743, 35.116035591534974], [126.73671751759457, 35.11906071298925], [126.73068587804862, 35.12024803600754]], [[126.73448912408186, 35.197662022905234], [126.7328037828895, 35.19735719628973], [126.73323771455044, 35.19588577279477], [126.7349747504066, 35.19633135771269], [126.73448912408186, 35.197662022905234]], [[126.73204290382613, 35.16949057717305], [126.73360566591401, 35.16917280321751], [126.73519904427539, 35.170836871059585], [126.7321537141906, 35.177632383326824], [126.7288187230915, 35.17519755274057], [126.72917184513011, 35.17106894714146], [126.73204290382613, 35.16949057717305]], [[126.73328185085084, 35.193908355598744], [126.7323358207948, 35.194916346177145], [126.72643354499178, 35.194877340940906], [126.72476350791301, 35.19136539984519], [126.73267116946406, 35.190734344487076], [126.73328185085084, 35.193908355598744]], [[126.72995895068468, 35.13621424041009], [126.72830543723553, 35.13716987360257], [126.72544157227065, 35.13480915734098], [126.72580434487156, 35.1277962016261], [126.72967152319572, 35.12578267639972], [126.73386083375307, 35.128962638142454], [126.73021448665014, 35.132326785005674], [126.72995895068468, 35.13621424041009]], [[126.73088014242605, 35.226497208763966], [126.72919421975426, 35.22619233075067], [126.72962837337818, 35.22472092818775], [126.73136600239754, 35.225166565418924], [126.73088014242605, 35.226497208763966]], [[126.7234899062895, 35.189735524714685], [126.71861753883302, 35.19477987200552], [126.71509236535033, 35.19370779308014], [126.71569918018476, 35.1871928970448], [126.72204964248753, 35.18716332092555], [126.7234899062895, 35.189735524714685]], [[126.72363632440117, 35.14647082497877], [126.7154398778302, 35.15368237060095], [126.71079785149146, 35.15393886501426], [126.7084057524275, 35.156549986753035], [126.70376354301354, 35.15680621063757], [126.69941419003524, 35.1597536948494], [126.69760239874647, 35.15896611133578], [126.697422644849, 35.152465313686704], [126.69417260308133, 35.15039180269162], [126.69329226642799, 35.14587204765205], [126.68671025147488, 35.14484272919654], [126.68687425268435, 35.14080705910951], [126.68275844536831, 35.13944698260986], [126.6810079498225, 35.14283998974492], [126.68508729260144, 35.145033108817984], [126.68449713012443, 35.14861780999982], [126.68774685424826, 35.15069157948598], [126.68812037136703, 35.15490926466978], [126.68399244519546, 35.159250700375026], [126.68112556073174, 35.16019653078222], [126.6797180127173, 35.15786780968182], [126.67986336155744, 35.15242019157916], [126.67656383394124, 35.15025875984551], [126.67660309105717, 35.144657724952815], [126.67478991643469, 35.14174991187051], [126.67666955802956, 35.13624081089157], [126.6804897275198, 35.13306972173074], [126.68370546663446, 35.13292965889024], [126.6862010763631, 35.13560598398638], [126.68875524657932, 35.13563895419228], [126.70609337115712, 35.12070598130325], [126.70969359209538, 35.12193753177987], [126.70917211274958, 35.125630295340045], [126.71278449748165, 35.128818396753516], [126.7091626830475, 35.13225357126666], [126.70915537813438, 35.13430783591177], [126.7166547611145, 35.13926012140491], [126.71682195261681, 35.14380449335094], [126.7222875655346, 35.144561607632255], [126.72363632440117, 35.14647082497877]], [[126.71383791769571, 35.17160669106434], [126.71547956794036, 35.16776903623667], [126.71975442724518, 35.16783719825573], [126.71953492228636, 35.17177868737892], [126.72278645958674, 35.17385151776461], [126.72271697994145, 35.176502376227816], [126.71905565710227, 35.17676550124116], [126.71383791769571, 35.17160669106434]], [[126.71296978330837, 35.18394239721308], [126.70892674942746, 35.18715527985713], [126.70928697282912, 35.196692627653704], [126.70131983515878, 35.198493798217285], [126.69658944436131, 35.19716906378289], [126.69483019755295, 35.19865786614632], [126.69512725582833, 35.202492038043395], [126.68983034491553, 35.202412991815216], [126.6902239133575, 35.19859638921433], [126.6869722284139, 35.1965226923028], [126.685221737296, 35.19053093088126], [126.69092113842422, 35.18495730059049], [126.69556498542204, 35.18470157832962], [126.69805942002677, 35.182041322160906], [126.70366158139734, 35.181249299453206], [126.70457015870579, 35.17934117875568], [126.70275522508204, 35.1764337919244], [126.70512735230307, 35.17052141505847], [126.70957584327437, 35.17105332802431], [126.7089612690352, 35.177472625944205], [126.71222777375917, 35.17959555501948], [126.71296978330837, 35.18394239721308]], [[126.70544309626654, 35.11885101289535], [126.70425891388699, 35.11988062484627], [126.7029587921081, 35.118843896565856], [126.70426638411061, 35.11781354435288], [126.70544309626654, 35.11885101289535]], [[126.69600868974804, 35.17569512764087], [126.69639513952504, 35.17697847874907], [126.69436776542832, 35.178286187682964], [126.69086052236405, 35.17676487688792], [126.68699399834537, 35.17822497468631], [126.6825798059531, 35.17574781677001], [126.68413479893708, 35.172693057022215], [126.68745554314518, 35.173334184514154], [126.69087916700364, 35.17183941928624], [126.69600868974804, 35.17569512764087]], [[126.6909029041398, 35.16522771137367], [126.68964936328994, 35.16422880934223], [126.6909119104324, 35.163186503778476], [126.6921665465489, 35.164235231632446], [126.6909029041398, 35.16522771137367]], [[126.66638675252827, 35.1478566634826], [126.66513744173609, 35.14695195414235], [126.66623192616687, 35.144705109882224], [126.6699158258967, 35.14457876249623], [126.6700697213668, 35.14760466427813], [126.66638675252827, 35.1478566634826]], [[126.66603181879995, 35.1562432111168], [126.66721700983516, 35.1552139843416], [126.66851725009037, 35.156251090520236], [126.6672085921059, 35.15728104469911], [126.66603181879995, 35.1562432111168]]], [[[126.69902470954533, 35.19273394401997], [126.70359742811436, 35.19280654213087], [126.70361088390915, 35.189101418254786], [126.69909757677395, 35.18909028885839], [126.69902470954533, 35.19273394401997]]]]}}, {"type": "Feature", "properties": {"regionNm": "전남", "districtNm": "나주시", "districtKey": "나주시", "regionCd": "46170", "buildingCount": 33972, "avgScore": 15.52, "maxScore": 34.0, "dominantRiskCd": "B", "rawAvgRiskCd": "A", "avgScoreScaled": 23.43, "styleRiskCd": "B"}, "geometry": {"type": "MultiPolygon", "coordinates": [[[[126.88806437627981, 35.07004384356747], [126.89001750203892, 35.07254405837462], [126.89349127466988, 35.07197921333873], [126.89349983488758, 35.06538958186795], [126.88899329422615, 35.0653855413602], [126.88806437627981, 35.07004384356747]]], [[[126.51730145897469, 34.92024570301465], [126.5172629817903, 34.923085714220306], [126.5189574854711, 34.924524331717784], [126.5272074820669, 34.92476774975845], [126.53015561514451, 34.923161792097474], [126.53105685706781, 34.91610646749538], [126.53726352923924, 34.915432202982885], [126.53900294518711, 34.91827681720296], [126.54239806744074, 34.9196432421395], [126.54155278712143, 34.92222977622334], [126.54327855413501, 34.925470290620915], [126.53829514520064, 34.92977244691451], [126.538013879023, 34.93348158352905], [126.53446594781579, 34.93659787466979], [126.53638661602548, 34.939014215282704], [126.5414933940353, 34.93927451655157], [126.54233447900444, 34.9405102954149], [126.5409245530626, 34.942637294457576], [126.53529984058044, 34.94346301506912], [126.5352786611376, 34.94772457793559], [126.53114340638204, 34.949980034906886], [126.53086627940502, 34.95391764146917], [126.53627293534797, 34.95920471138552], [126.54482293072836, 34.95987056794834], [126.54482458119068, 34.96555917491463], [126.54663559218811, 34.96837249960749], [126.54500811309109, 34.97222791873935], [126.54824733496672, 34.974305411905846], [126.54846471175239, 34.98089404236628], [126.55264986574576, 34.98466947515931], [126.5597041564612, 34.98522522610604], [126.5613623233027, 34.983825725736544], [126.561635625269, 34.980123297944964], [126.56488619246501, 34.97809513251764], [126.56491205206038, 34.973205538402475], [126.5613346297859, 34.970107856842375], [126.56218365799614, 34.96757670904078], [126.56550429153152, 34.96830268017733], [126.57247998275226, 34.9739706669654], [126.58073400166322, 34.96750184113816], [126.58331844545997, 34.96866198907283], [126.5851278105058, 34.97408689724195], [126.58358079371227, 34.97822922489938], [126.5903577323478, 34.98040186214343], [126.59044602430907, 34.992530749010335], [126.59549884645557, 34.997103458990864], [126.59370711468547, 35.00034546701439], [126.59896180034137, 35.00576815425654], [126.59716137460416, 35.008905223687805], [126.59808323400709, 35.010788001671685], [126.60042589941185, 35.01155425781418], [126.6032668595935, 35.00997958657112], [126.60175696749585, 35.005777356820325], [126.60359164525113, 35.000458372601244], [126.60750280801166, 34.997232256265185], [126.61412395413252, 34.9971625232156], [126.61647733487291, 34.999965003595854], [126.61119774201741, 35.00606659522634], [126.6146649360101, 35.00914723393174], [126.61528419593364, 35.01183173884707], [126.60609081834886, 35.01232144783836], [126.59678384047699, 35.020607439969766], [126.59202455863795, 35.02092816468037], [126.59008747368527, 35.02325274587552], [126.59203037805582, 35.02575771995139], [126.59868483914673, 35.025687203900056], [126.60150908137818, 35.02688987812165], [126.60024789637946, 35.0292720726534], [126.59548812415834, 35.02959292943155], [126.59353977122646, 35.03199538475185], [126.60139743140056, 35.03966418525766], [126.59699153981157, 35.043517340696766], [126.60050955773534, 35.046685857320135], [126.60034733112384, 35.049804389524354], [126.59551018058963, 35.04975047978943], [126.59312374824478, 35.05107711013778], [126.5884953453926, 35.049726888798446], [126.58642471859112, 35.052162012310994], [126.58989465986225, 35.05521625304229], [126.59170630911917, 35.060641002071684], [126.58988571780343, 35.06363339859753], [126.59011166003913, 35.067623540733585], [126.59293904016367, 35.069217037263435], [126.59626108689763, 35.068595618278536], [126.59778068377233, 35.07156521349762], [126.59073724571637, 35.073419103766426], [126.59002898910367, 35.07911066337233], [126.59670812156938, 35.08399993876425], [126.59700378546187, 35.087787130058366], [126.59873284438221, 35.08923632674122], [126.60706466940651, 35.08945418446174], [126.60993368457736, 35.08782941155197], [126.60834896811237, 35.08405933756468], [126.6101861361097, 35.08116227459426], [126.60927262512001, 35.07922886910036], [126.60577222776726, 35.078661199079825], [126.60263815191335, 35.08209346977048], [126.5993109150059, 35.079655084544214], [126.60002584329796, 35.07455932658991], [126.60465937372842, 35.07485558007683], [126.60646842151651, 35.073446453546715], [126.60639616674987, 35.067948090476854], [126.60829794762186, 35.06566333556465], [126.61283491732813, 35.0690800063641], [126.61768053082045, 35.069496873438624], [126.61889754835336, 35.07436039591861], [126.62438924682719, 35.0751145090469], [126.62585135003573, 35.07723584603362], [126.62908162386053, 35.07837489997613], [126.62830193731298, 35.081066059837184], [126.62512382780064, 35.08298873057504], [126.62508943008685, 35.08499285172989], [126.62794309549744, 35.086635678516], [126.63126559321054, 35.08601330525964], [126.63279250233819, 35.08877631244044], [126.63604770135238, 35.08993347382194], [126.63628756151552, 35.097458152578184], [126.64315247548062, 35.098049881711525], [126.64849626821731, 35.0939627490353], [126.6508677311526, 35.09493419365064], [126.64936474365851, 35.098483121253075], [126.64957669164812, 35.10528217052544], [126.65476396734809, 35.10958773180632], [126.65829293497445, 35.109021289785666], [126.65920732930361, 35.10166804659967], [126.66249675083685, 35.099574627567954], [126.66274075509719, 35.0959092011977], [126.66599757468155, 35.09385961218819], [126.66606325643228, 35.091811546882816], [126.66311395030661, 35.090160488781386], [126.65608925279972, 35.09165319907121], [126.65255346056351, 35.09013202031891], [126.64850677086575, 35.091515232609034], [126.64691669664028, 35.08985002153463], [126.64871257517851, 35.08442285457562], [126.65187806222092, 35.083068355875504], [126.6549220456768, 35.086534019549205], [126.6618759449933, 35.08597652868531], [126.6628066642483, 35.084048652190596], [126.66088936320399, 35.08171221428031], [126.6525452576376, 35.081861144088066], [126.65234879593086, 35.07560195401694], [126.67149639908786, 35.07499544101874], [126.67310535210042, 35.0715460471841], [126.67140124642151, 35.0701829165818], [126.66679703526441, 35.069912005677665], [126.66554099053825, 35.067189327725195], [126.6701160169511, 35.06506828318848], [126.67495571507068, 35.06638961159007], [126.6766797774959, 35.06294650921762], [126.67156170934105, 35.058692952285696], [126.66705049726696, 35.0584661409831], [126.66328911109193, 35.05554980236899], [126.65612538880666, 35.061229085033894], [126.65290100267205, 35.061269560777774], [126.64452375899043, 35.053356587394084], [126.6486686839833, 35.050501008741264], [126.64806357519572, 35.04768080480731], [126.64099785927588, 35.04704243576361], [126.6390504127461, 35.04944562072099], [126.64078415903703, 35.05271182356838], [126.63579803078086, 35.05701787501389], [126.63571668448691, 35.05901610424589], [126.63980559345934, 35.06126057255469], [126.63993647553458, 35.06574098748036], [126.646674669495, 35.06688993684941], [126.64598856361434, 35.06973458352168], [126.6477991391979, 35.072642846769554], [126.64575377148134, 35.074312492805014], [126.64222917734266, 35.07280331406438], [126.63987770596577, 35.07355486978192], [126.63980339389563, 35.08072491253352], [126.63654138604427, 35.08170394624218], [126.6303487847276, 35.07772002858865], [126.63131329382745, 35.06670153304815], [126.62948830515114, 35.06383869197863], [126.63110268850235, 35.05995660833664], [126.6292931573091, 35.058511553694004], [126.62465787950569, 35.058778361913426], [126.62253154636657, 35.05218325294864], [126.62765118252635, 35.04752941628443], [126.62817259447898, 35.04011164292566], [126.63184879971678, 35.04049757651757], [126.63526785362377, 35.039004322145416], [126.6387352360844, 35.04052580626472], [126.64890097375678, 35.039871273516276], [126.65410413450189, 35.045622110339735], [126.65995423049223, 35.04661927427051], [126.66104484426111, 35.05137990139579], [126.66552617704319, 35.05137412121032], [126.66558686269198, 35.04192037275101], [126.66094695005044, 35.03841345005262], [126.64958055465719, 35.03884471810882], [126.64806545835631, 35.03289705122957], [126.65408260761697, 35.03170765270333], [126.65602745899811, 35.029331304954916], [126.6557571429635, 35.02534787053186], [126.65405428029204, 35.023984493028166], [126.64935865354207, 35.02365512397579], [126.64920571649469, 35.02062913982731], [126.65277083241102, 35.01886964731829], [126.65757644134801, 35.02020071202765], [126.66009813909064, 35.01753209214333], [126.6659437577088, 35.01676438717603], [126.67109406617759, 35.02208668737734], [126.67104712243703, 35.03093247878805], [126.66741489404274, 35.034102110511384], [126.66736911388115, 35.03891631834663], [126.67056898801225, 35.04095736644178], [126.67089294220403, 35.044794557252175], [126.67508634226748, 35.04853393281326], [126.67844003559554, 35.04911420373224], [126.68027266543857, 35.04765396159532], [126.68052881261308, 35.04088167029822], [126.67870266714294, 35.03801955101264], [126.68088978792112, 35.03153325346852], [126.68524059498887, 35.03224607325625], [126.68495512264833, 35.03617870833049], [126.68900604315085, 35.03760418139549], [126.69085357607634, 35.036094031176475], [126.68924536508551, 35.032278218133534], [126.69117742753863, 35.02947398654118], [126.69673708319586, 35.028846776241664], [126.69967382853059, 35.031667634927445], [126.69544262885836, 35.03425101849539], [126.69520308381946, 35.04097361128682], [126.69702987158253, 35.04383548415401], [126.69546485660322, 35.04778713180163], [126.69826170196926, 35.04933408712299], [126.70058744227968, 35.04859954772361], [126.70087748775252, 35.04396062013268], [126.708174160279, 35.03995112160664], [126.7095805194301, 35.042279551576954], [126.70944841953714, 35.04775288387747], [126.7135954781374, 35.05009559465896], [126.71237745867124, 35.05266480510284], [126.70668566908215, 35.05349536349397], [126.69892716596243, 35.06007536569342], [126.69818887617006, 35.069994182354456], [126.69460396815543, 35.06979122766329], [126.69423415508365, 35.06592647758541], [126.6925038846132, 35.064478630260915], [126.68546139888343, 35.06508983744964], [126.68457094681223, 35.06979029413575], [126.68639186229358, 35.07274877673956], [126.68454874854365, 35.07555899142261], [126.68632327393956, 35.078706599488996], [126.68411112942051, 35.08149583890964], [126.6795042163638, 35.08174210055707], [126.67775684046813, 35.08314001208173], [126.67754214506822, 35.08959897850711], [126.67396380523543, 35.09273226922903], [126.67482242461355, 35.098130079524644], [126.67134976842699, 35.099603561742455], [126.67041032969709, 35.10142652048511], [126.67062461702896, 35.10531563912111], [126.67227210083382, 35.10672558410496], [126.67689207916489, 35.10699379579585], [126.67939488959128, 35.10967611129823], [126.68730467629982, 35.10986416183814], [126.69110237077743, 35.1127811623013], [126.69406533923119, 35.11114578026412], [126.69440463366622, 35.10447606599512], [126.69835750991857, 35.1012803770729], [126.70148246447458, 35.101288111505895], [126.70286724813661, 35.10685514610112], [126.69939471925822, 35.10832943019046], [126.69846457873851, 35.11025758287179], [126.70400472832539, 35.115519887455534], [126.7080377269959, 35.114158680972], [126.70884819588545, 35.10935228265572], [126.7144528587129, 35.109166578015696], [126.71485357839306, 35.10442883008329], [126.72046392663817, 35.103988300232665], [126.7260139186572, 35.0998341173968], [126.73010014449292, 35.10184659061379], [126.73100618234596, 35.10924275620856], [126.74150446121699, 35.1098037195452], [126.75376050806915, 35.09976980357816], [126.75310016867893, 35.09693332692051], [126.74965217510417, 35.09551290552735], [126.75074614140405, 35.092918352270885], [126.75774236751434, 35.09123437386723], [126.76126990220551, 35.09274020387811], [126.76362082766776, 35.091986294126166], [126.76433107630261, 35.08915798010314], [126.76114200393042, 35.087169214918106], [126.76099896935257, 35.08469614133661], [126.76783385167342, 35.082515838731986], [126.7677739595193, 35.07692283654707], [126.77138104987445, 35.07384490834097], [126.7716239063184, 35.069880490884124], [126.76958247067016, 35.067512317628356], [126.75792792838618, 35.06718619609555], [126.75769994799447, 35.06088896435243], [126.75927825833902, 35.06032092014645], [126.76370800909805, 35.063698992546854], [126.76620651732121, 35.063703833936756], [126.76793169759884, 35.062225486335265], [126.76839873344645, 35.05545636643345], [126.77324659440129, 35.05506402556872], [126.77592167236675, 35.05234019065989], [126.78026973668852, 35.05219255545022], [126.7855885148799, 35.04809119041002], [126.78818027614615, 35.04960562489322], [126.78661006251811, 35.0537064532634], [126.79163747301412, 35.058171096618544], [126.78984154099514, 35.06133811740273], [126.79189399069416, 35.06378383215804], [126.79520179519359, 35.0632486974692], [126.79683512761284, 35.06106273971836], [126.80227508349057, 35.060345470188764], [126.80326620178924, 35.05574993191283], [126.80696031464822, 35.05382568662376], [126.81048715471412, 35.055330092021755], [126.81750563290645, 35.05541776892715], [126.81887174790981, 35.05748699312166], [126.82216976074845, 35.05869838861869], [126.82142400145761, 35.061466583358424], [126.82334542163763, 35.0638005062897], [126.8336559208518, 35.063752822771136], [126.83749345093509, 35.066737885554055], [126.84085127752238, 35.066171001426554], [126.84584050785686, 35.06117621703236], [126.84896396527549, 35.06118014629509], [126.85295749187567, 35.06447352591833], [126.85475838434999, 35.06980066702899], [126.85320542252073, 35.073971545057155], [126.85644541621794, 35.0760152661378], [126.8573340345457, 35.08053391395519], [126.85961269177712, 35.08136394320532], [126.86282634939391, 35.07882681332739], [126.86232458162615, 35.070073395112246], [126.86617962632104, 35.06911419378078], [126.868936846662, 35.07251151164819], [126.87369438942355, 35.07272759395569], [126.87688363482043, 35.070083774753314], [126.874890596511, 35.06767912339972], [126.86730437370932, 35.06822753236792], [126.86443143174422, 35.06480422940948], [126.85976157323707, 35.065115292360986], [126.85844526622492, 35.06248944519599], [126.85578337540284, 35.06109808447238], [126.85617926561288, 35.05552732410082], [126.85969267082756, 35.05389339580047], [126.86661395902587, 35.05548170472716], [126.86724716274313, 35.06242461729537], [126.87016665586316, 35.0640693618349], [126.87492746434889, 35.06387625919055], [126.87868367636949, 35.06092181903992], [126.89128506375191, 35.06120573222004], [126.89419808481021, 35.05959226448689], [126.89250792420806, 35.0561791700631], [126.88465249251485, 35.056016366534614], [126.88077290011864, 35.05307410118053], [126.87688263851506, 35.054538948257914], [126.86915038741657, 35.0497190380216], [126.87013680003365, 35.046954737068056], [126.87503725373494, 35.04653199877611], [126.87763836521212, 35.04320195673489], [126.88556336307819, 35.04365798016739], [126.88723496432776, 35.040349637208735], [126.8854556784606, 35.03884556316268], [126.88072796459717, 35.03865204143167], [126.87850723982646, 35.03941589232574], [126.87674499405547, 35.042252090011566], [126.87273715083577, 35.04114701936042], [126.87317526527272, 35.03446709348431], [126.87034360339614, 35.032880104733486], [126.86692372874283, 35.03345598892578], [126.86460981974861, 35.029908210900906], [126.86642889624702, 35.026860883094024], [126.8662038380039, 35.017177657994516], [126.85907816452891, 35.010912893438594], [126.85996104571873, 35.00927400786604], [126.8666656557853, 35.007755443985545], [126.87019162075218, 35.009258123370266], [126.87497988172865, 35.009081712414975], [126.87749419489613, 35.006408548486384], [126.88306047795395, 35.00562825405486], [126.88724735347499, 35.001922315923906], [126.8877407465163, 34.99793725615414], [126.89252378834617, 34.99756081913003], [126.89427981850801, 34.99613526855419], [126.89268928008025, 34.992246800189584], [126.89452921439663, 34.989391078533615], [126.89430830055522, 34.982617823024086], [126.8925452178066, 34.98116363689282], [126.88692364986072, 34.98066006722858], [126.88732201502661, 34.976892454428366], [126.88565833853282, 34.97543559882058], [126.88077625998733, 34.975577072872575], [126.87953654762184, 34.96725754553199], [126.86685049016923, 34.966984593811475], [126.86561743340026, 34.963918670118005], [126.86978401511051, 34.96152277428469], [126.8690383790192, 34.95859335218947], [126.86458993999149, 34.95865736581347], [126.86380375618117, 34.96358437184523], [126.85634024514749, 34.96514174694338], [126.84963330757857, 34.96364406417587], [126.84720529572745, 34.9606613252396], [126.84901423562428, 34.95766497558716], [126.8481185418615, 34.95575344179008], [126.84155751914685, 34.95475584125952], [126.84110061520614, 34.94995547131614], [126.83554084780599, 34.94916228017245], [126.83161374382675, 34.945951219080584], [126.8297060160031, 34.940254895542395], [126.83178007906697, 34.93729940824312], [126.83525878349941, 34.93560597054664], [126.83878108599835, 34.937109570173604], [126.841052291059, 34.93640281729559], [126.84533735127145, 34.93259955056661], [126.84374513611965, 34.92863946494379], [126.84590498173732, 34.925130950610466], [126.85062253267145, 34.92539630202289], [126.85309544212592, 34.92212583906144], [126.85763190683288, 34.9225202565091], [126.8622311045819, 34.91901181367949], [126.86310973532788, 34.91430990080187], [126.86128592850807, 34.9113539826409], [126.86311931087226, 34.908540978818486], [126.86107016118876, 34.9061235080343], [126.84973854800334, 34.90595510069079], [126.84369535198373, 34.900366675371245], [126.83913977438192, 34.900131296153994], [126.83663807219209, 34.89745218568395], [126.83126401249737, 34.897108888360414], [126.83138296387301, 34.89307865524643], [126.82618426661409, 34.888793406306554], [126.8185832361111, 34.88932964843383], [126.81571853543393, 34.88590511564891], [126.80978570903929, 34.88587523923169], [126.80077273494807, 34.894032429768316], [126.80101775933336, 34.89797158146317], [126.80393793713644, 34.89956921789726], [126.81675165399015, 34.89020700494835], [126.82020966104866, 34.893614391928544], [126.82486527568419, 34.89390028530886], [126.82604994906897, 34.896749276721565], [126.8192225916124, 34.89798641452143], [126.81916796397067, 34.901689796047606], [126.82497126658754, 34.90248446328257], [126.82867578630909, 34.900997501749465], [126.83418984497563, 34.90517214808012], [126.83884616234394, 34.905457507423904], [126.84282056867426, 34.90887988125741], [126.84299714641217, 34.91533985896698], [126.847144927782, 34.917711887323065], [126.84615576374154, 34.9233593225069], [126.84469377527714, 34.923961425320876], [126.84210701734546, 34.92280682105959], [126.84118386961578, 34.918246680456875], [126.83781535543974, 34.91695681582864], [126.83764689240395, 34.912434760143015], [126.83210313755939, 34.91226650493951], [126.82611681834825, 34.906090998031885], [126.8203037223657, 34.906070072301844], [126.81850201626834, 34.90748245321228], [126.82007329291397, 34.91139643653351], [126.81848479789824, 34.91530571881299], [126.82614981607941, 34.92086290532286], [126.8243900762566, 34.923925959963626], [126.81563910308125, 34.92395942924053], [126.81493663622949, 34.92969813706106], [126.81911994747905, 34.93111080475691], [126.82550952263757, 34.92481549028115], [126.82839417028535, 34.925691981731305], [126.82907516387088, 34.92732226420831], [126.82543074204439, 34.93061835737402], [126.82510287727936, 34.9372886690098], [126.82014302631895, 34.93782049650384], [126.81840684786826, 34.93926142189204], [126.81845955850865, 34.94130980679617], [126.82169745873158, 34.943373266679956], [126.82202700778322, 34.947503309605814], [126.8181587144989, 34.951853813396234], [126.82200830417337, 34.95615661781703], [126.81706836044619, 34.96145494445617], [126.81391643461691, 34.96008649522397], [126.81400753455083, 34.9488581248946], [126.81044597466132, 34.94565890827747], [126.81027189416594, 34.9391989231909], [126.80744472288488, 34.93761045580991], [126.79596441305044, 34.93731719234425], [126.79651822321865, 34.93435707875201], [126.79469939040467, 34.93154742843099], [126.79630335140828, 34.927663019949975], [126.78860179704796, 34.921012724303075], [126.78516101347479, 34.92045694990545], [126.78061787097904, 34.92390124796831], [126.77895916296085, 34.929585474434184], [126.77581651412717, 34.92889532663228], [126.77222577529734, 34.93039505314685], [126.76774634038125, 34.92838092483289], [126.76861499616749, 34.925806883363535], [126.77179782737518, 34.9238558662478], [126.77213314016078, 34.92004462014302], [126.77531566538138, 34.91809350785099], [126.77572085792939, 34.91420478977166], [126.78161845456992, 34.91320430695078], [126.78959559767726, 34.90560566165139], [126.78515240805307, 34.900815437558165], [126.77952041918401, 34.89998811324652], [126.7725370964543, 34.894283226987376], [126.76925702104809, 34.89686116101022], [126.76924973337655, 34.90273503898092], [126.7710670667176, 34.90554507787213], [126.76922474708056, 34.9083989608726], [126.77105105342979, 34.911313973024654], [126.76926709426664, 34.91674315699006], [126.76356485929661, 34.91763456744819], [126.75974783427957, 34.914368645255195], [126.76155892245376, 34.91137358283789], [126.76129313397166, 34.90733953675881], [126.75451761289149, 34.90517641660063], [126.75467488260223, 34.902703868642355], [126.75786831485499, 34.90072768619821], [126.7571518232536, 34.897878253027564], [126.74122368020598, 34.897119109841675], [126.74037597666911, 34.89294287731204], [126.7385681630343, 34.891499419862384], [126.73281652223208, 34.891486914383954], [126.73055399930594, 34.89281183242489], [126.727035576146, 34.89130510102961], [126.72471451976125, 34.89204018825012], [126.72048735534342, 34.895783238476305], [126.72006986912349, 34.90255621250556], [126.7161975498271, 34.90567534020915], [126.71170131610987, 34.905873454520034], [126.70993289038147, 34.907321897997164], [126.71060144606123, 34.91013316776275], [126.71406363019463, 34.91160735635783], [126.71393927085556, 34.9196128086616], [126.70360641064, 34.920835136830924], [126.70265145752099, 34.928227170049595], [126.69934457486997, 34.93037178168855], [126.69996547453876, 34.936026203716445], [126.70568247199101, 34.936936961033226], [126.70777781114752, 34.940486802766394], [126.70598975136595, 34.94177643439403], [126.70225909191697, 34.94027379196214], [126.6987507694803, 34.94177761274913], [126.69403517894514, 34.940452797805754], [126.69229675130228, 34.941891909846696], [126.69202946606244, 34.94559468963441], [126.6901519205685, 34.94630454058115], [126.68473411053257, 34.94311401745943], [126.67998297073294, 34.9433126327508], [126.67721128408628, 34.94669966180169], [126.67421162807707, 34.94584509422362], [126.66699419376933, 34.939842619347736], [126.6666707942903, 34.9360053551212], [126.66336609375813, 34.933802615953134], [126.66319177679382, 34.93022687704133], [126.65815103669063, 34.92566311696242], [126.66017641375718, 34.923704642788316], [126.66375658419655, 34.92522100346598], [126.66729772225611, 34.92371960989721], [126.67204174104437, 34.925033940165555], [126.67397418678202, 34.92270798689088], [126.67321703113718, 34.91997716192303], [126.67727500027719, 34.91784714725984], [126.67558553858666, 34.9144565203068], [126.67076010508531, 34.91461609745847], [126.66872859726506, 34.90800165350035], [126.67086888732733, 34.90642262954311], [126.67558215629779, 34.90774833837924], [126.68012876231107, 34.90430797521597], [126.68110028811562, 34.89973149410064], [126.68435594474519, 34.897674555548825], [126.68460016860612, 34.8937865185127], [126.68261700520995, 34.891378685835335], [126.67435290135718, 34.89155012203456], [126.67409326078794, 34.88826238578424], [126.67763385706449, 34.88514194872578], [126.67455905454358, 34.88252254667318], [126.6697777728761, 34.882691093955614], [126.66726054964235, 34.8853599991881], [126.66270447641233, 34.885576879127164], [126.66099647963836, 34.88700404348663], [126.6603376124384, 34.891655593860385], [126.65683247374223, 34.89112719179746], [126.65353708147309, 34.89261672249265], [126.64765326912253, 34.88840705123341], [126.64089501855325, 34.88846113699224], [126.63716424425817, 34.88549173688557], [126.6336966420015, 34.886049297286256], [126.62950434968887, 34.88974653894077], [126.62924106137444, 34.8937352350039], [126.63269557501243, 34.89671040570298], [126.63357002550833, 34.90123075046165], [126.63710294012836, 34.9032365603311], [126.63557296760685, 34.90612013448513], [126.63010567736436, 34.90622961335651], [126.62937753444923, 34.90900738125675], [126.63120970021866, 34.91052785452554], [126.6359598981129, 34.909212272347126], [126.63942654368914, 34.91092080941386], [126.64317322578202, 34.91413565278691], [126.64315038325664, 34.91941365864109], [126.6357888867668, 34.921414092722856], [126.63232655686474, 34.91989252599169], [126.62407167795027, 34.920065377475446], [126.61423757484953, 34.92920940155145], [126.59084283986056, 34.929158690142025], [126.58891154086801, 34.92623955904907], [126.58353592067526, 34.92552555558885], [126.58197176236453, 34.923362017857045], [126.5788738734527, 34.922336483181496], [126.57919475862715, 34.91842725573673], [126.57508558146381, 34.91614159282319], [126.57569082503753, 34.912602172304325], [126.57399161277601, 34.91123767184253], [126.5694969646181, 34.911013138384725], [126.56863753639256, 34.90946630207889], [126.5696095941151, 34.906977305367775], [126.57291869940323, 34.907621517361925], [126.57575657376634, 34.90604744098305], [126.57419701842386, 34.9021303676148], [126.57581075501201, 34.89824891184746], [126.57400572811268, 34.896803026198555], [126.56937236002214, 34.89812134238087], [126.56597104051684, 34.89652871651493], [126.56532433001104, 34.892418443994245], [126.56244195479984, 34.89081655400358], [126.55418988994577, 34.89098467972862], [126.54679823170379, 34.8968189457113], [126.542574093049, 34.89381683252849], [126.53566020312635, 34.89434949541127], [126.53444602751193, 34.89917409298275], [126.52960630986499, 34.89955696564911], [126.5243780599301, 34.903852962157806], [126.52442344910297, 34.90590143685518], [126.52769151022929, 34.90806378579441], [126.52757166155588, 34.913337743721954], [126.5215400285764, 34.914485800035685], [126.5173490729195, 34.91815333583951], [126.51730145897469, 34.92024570301465]], [[126.8693299109777, 34.985115648735196], [126.87771995232698, 34.98680014506649], [126.87767269478209, 34.99198718943803], [126.87330901904775, 34.99609790220699], [126.87030550574663, 34.99524817373394], [126.8629197635916, 34.988996050631684], [126.86340438033551, 34.98625218896875], [126.8693299109777, 34.985115648735196]], [[126.86927497467974, 34.98195166189164], [126.86966992860104, 34.98055454752939], [126.87140205214088, 34.980881360964304], [126.87099322100909, 34.98229893122622], [126.86927497467974, 34.98195166189164]], [[126.86837684578377, 34.972899625123574], [126.86669561215284, 34.97259665952847], [126.86712593598811, 34.97112469225669], [126.86885895466042, 34.971568364660975], [126.86837684578377, 34.972899625123574]], [[126.86716669819273, 34.969147143581296], [126.86598670471571, 34.97017837176631], [126.86468689347745, 34.96914335192636], [126.86599007108069, 34.96811121822054], [126.86716669819273, 34.969147143581296]], [[126.86520280779041, 34.9786156632122], [126.86487510297376, 34.9772500171005], [126.86665044671427, 34.97694598984195], [126.86690653641996, 34.97844709888307], [126.86520280779041, 34.9786156632122]], [[126.86136371393646, 35.028894097776266], [126.86018904489165, 35.03141308649034], [126.8576642976937, 35.03008491188279], [126.85927899042727, 35.02800820074611], [126.86136371393646, 35.028894097776266]], [[126.86072259106436, 35.06882786886171], [126.86032705509946, 35.07022493241384], [126.85859309186458, 35.06989796144147], [126.85900257844918, 35.0684804549618], [126.86072259106436, 35.06882786886171]], [[126.83782140570383, 34.967771045414274], [126.84552352172594, 34.96883319090412], [126.84932036703147, 34.97174530401718], [126.85302170732318, 34.96888379722213], [126.85641053907138, 34.96848586448307], [126.85848127892268, 34.971924237456165], [126.85688496771508, 34.97590593038342], [126.86107710379156, 34.978523874964736], [126.85688753672851, 34.982529417694145], [126.85630566409523, 34.986579125739844], [126.85297913050276, 34.98728919271773], [126.85152872469618, 34.98167928650409], [126.84618870293356, 34.98160918204645], [126.84447497298086, 34.97875545185598], [126.83898763573652, 34.9780113026379], [126.83512877721118, 34.97487804536679], [126.83491973036776, 34.96944289651083], [126.83782140570383, 34.967771045414274]], [[126.85466994929928, 35.04037454425103], [126.85628449278553, 35.04059626065847], [126.8568815789303, 35.04254271739673], [126.85546233007062, 35.04515495168204], [126.8520204835796, 35.04282574044654], [126.85466994929928, 35.04037454425103]], [[126.85170514161129, 35.007891310805554], [126.85210052010893, 35.00649426060606], [126.85383311913901, 35.00682132445174], [126.85342385468249, 35.00823882844765], [126.85170514161129, 35.007891310805554]], [[126.84425259469931, 34.98555769163201], [126.84599172628624, 34.985947587361125], [126.84634499478183, 34.990315208921324], [126.8495815248233, 34.99235913266338], [126.85142603908905, 34.997875689222795], [126.84959000242199, 35.00082723579231], [126.85043184128271, 35.00626272075594], [126.846726305124, 35.007649528827045], [126.84361936249991, 35.00392323844351], [126.84543863755195, 35.00087621267653], [126.84448681759082, 34.99897704009632], [126.8410423918784, 34.99842284539346], [126.83598092741978, 35.001864001743606], [126.83309743743236, 34.99804483276601], [126.83534878144366, 34.994870667339505], [126.84107486121756, 34.99398153034739], [126.84189460600102, 34.98675877967478], [126.84425259469931, 34.98555769163201]], [[126.83067685183376, 35.004979379491196], [126.83097610139826, 35.00363366860562], [126.8347383379157, 35.0027340943492], [126.84006431391133, 35.00851242885853], [126.84589075593941, 35.00893631080806], [126.84612934010764, 35.012051318794306], [126.84280837145697, 35.01424067282758], [126.84254592763595, 35.01817900806981], [126.84957347873308, 35.024175061070125], [126.84912226543625, 35.02989424972246], [126.84589917981609, 35.02993985939614], [126.84339332512626, 35.027260934387996], [126.83898194899204, 35.027706256392285], [126.8374713129764, 35.02496592611596], [126.8349606011734, 35.023835426407814], [126.83305085658077, 35.0181392228658], [126.83488418769412, 35.015335176874046], [126.83489609390664, 35.009410636750346], [126.83067685183376, 35.004979379491196]], [[126.84045848575576, 34.9596421909831], [126.838734756891, 34.964134592381996], [126.83515189148483, 34.96334032604363], [126.83532945534411, 34.957430536882626], [126.83855373057115, 34.95666786721822], [126.84045848575576, 34.9596421909831]], [[126.83994815244498, 34.92746545376027], [126.83957982414867, 34.92884925779376], [126.83567142264613, 34.929631091431816], [126.83519440010531, 34.92536008616171], [126.8387061944668, 34.92559890428564], [126.83994815244498, 34.92746545376027]], [[126.83640367728522, 34.91852785624351], [126.83474558742704, 34.91879718673425], [126.83437702836592, 34.91733581429722], [126.8361995325255, 34.91712549862266], [126.83640367728522, 34.91852785624351]], [[126.83329962256263, 34.99016313005662], [126.8316861326862, 34.98994110892675], [126.83107891250177, 34.98780177225046], [126.83358173556925, 34.985845308405565], [126.83595906115517, 34.98790505950927], [126.83329962256263, 34.99016313005662]], [[126.83572227536352, 34.92295750055563], [126.83454255321749, 34.92398843186738], [126.83324386493494, 34.92295307070584], [126.83454670232663, 34.92192126554675], [126.83572227536352, 34.92295750055563]], [[126.82994367450237, 34.918047362300115], [126.82833160560413, 34.91782529805143], [126.82718640665989, 34.91480068156289], [126.83130035082986, 34.91328582280353], [126.83313952259144, 34.91667454749181], [126.82994367450237, 34.918047362300115]], [[126.82987000748768, 34.99712544995018], [126.83019720848502, 34.99849118469947], [126.8284212666025, 34.998794676215226], [126.82816581785997, 34.99729349278766], [126.82987000748768, 34.99712544995018]], [[126.82924440694308, 34.993513540863646], [126.82749062140687, 34.99372509016912], [126.82724717449393, 34.99228691012053], [126.82901089165765, 34.99209322159855], [126.82924440694308, 34.993513540863646]], [[126.82723672769612, 35.002369605589706], [126.8289906984046, 35.002158060789256], [126.82923420433478, 35.00359623517216], [126.82747024074445, 35.00378992585529], [126.82723672769612, 35.002369605589706]], [[126.82480109512808, 34.96647236721654], [126.82355277716469, 34.965569265981884], [126.82464048578782, 34.96332090070151], [126.82831602865451, 34.96318970903653], [126.82923728778405, 34.96617046831509], [126.82480109512808, 34.96647236721654]], [[126.82944163565912, 34.89832702069373], [126.82778392981095, 34.898596258205814], [126.82741558291603, 34.89713486041186], [126.82923765786177, 34.8969246471933], [126.82944163565912, 34.89832702069373]], [[126.82507511461202, 34.98928483668596], [126.82389430519167, 34.990315650136104], [126.82259470825882, 34.989280183753905], [126.82389873220569, 34.98824850758135], [126.82507511461202, 34.98928483668596]], [[126.81217765919297, 35.03051412772902], [126.81056343560093, 35.03029182502987], [126.80996753655631, 35.028345139998585], [126.8103112720005, 35.02123563322223], [126.81737591531878, 35.02071376709929], [126.82147226866378, 35.02404965488514], [126.82322925121147, 35.03003963627045], [126.8212744429929, 35.03143219762677], [126.81768672883692, 35.029920479436846], [126.81217765919297, 35.03051412772902]], [[126.81016880821245, 34.98535559712865], [126.8105787998695, 34.98349082389399], [126.81244237076541, 34.982930064909766], [126.8174592138681, 34.98321641788601], [126.81844138825788, 34.98489910375949], [126.81435880795013, 34.988155556662576], [126.81016880821245, 34.98535559712865]], [[126.81011551500755, 35.008430898718366], [126.81099322941377, 35.006281918536544], [126.81454856755069, 35.006820105953736], [126.81389450449961, 35.00974540970272], [126.81098527309223, 35.00974091432346], [126.81011551500755, 35.008430898718366]], [[126.81075881660018, 34.97798903773869], [126.8095066558492, 34.976991348815126], [126.81076479265407, 34.97594774709954], [126.8120181195123, 34.976995262651876], [126.81075881660018, 34.97798903773869]], [[126.80740860110535, 35.049830754314414], [126.8062266964409, 35.050861382102816], [126.80492636840326, 35.0498257345211], [126.8062315785374, 35.048794262274086], [126.80740860110535, 35.049830754314414]], [[126.79762291575712, 35.04854824826709], [126.79722640527429, 35.04994510768576], [126.79549312615931, 35.04961723579154], [126.79590359943089, 35.048199940697465], [126.79762291575712, 35.04854824826709]], [[126.79226124577214, 34.94723107688624], [126.7925315308083, 34.94590332469281], [126.7962051742701, 34.94496103814674], [126.79804360104623, 34.94835027396056], [126.79477086758429, 34.94939193746428], [126.79226124577214, 34.94723107688624]], [[126.7851410116795, 35.01384006221891], [126.7906435473399, 35.01530465797412], [126.78963342247815, 35.01821052723812], [126.78595607414626, 35.01806765598717], [126.78399502769062, 35.01536944646024], [126.7851410116795, 35.01384006221891]], [[126.78451725451666, 35.01022793890136], [126.7841907674992, 35.00886208612162], [126.78596708718644, 35.00855924350723], [126.78622179865388, 35.01006051042482], [126.78451725451666, 35.01022793890136]], [[126.77818663804723, 34.97028170648666], [126.77858308032506, 34.96888489068572], [126.78031459022537, 34.969213001975476], [126.77990425006534, 34.970630263277236], [126.77818663804723, 34.97028170648666]], [[126.77406330969123, 34.98713357022434], [126.77523997499856, 34.9846154034455], [126.7777619883359, 34.98594529313276], [126.77614607258022, 34.98802093009738], [126.77406330969123, 34.98713357022434]], [[126.76673849172478, 34.97851578962503], [126.76512541463903, 34.978292885071085], [126.76452001187639, 34.97615321812154], [126.76702405473993, 34.97419812693116], [126.76939937161336, 34.97625917784557], [126.76673849172478, 34.97851578962503]], [[126.76515195156996, 34.99521594846849], [126.76390008557341, 34.99421779314353], [126.76515906323559, 34.99317467014575], [126.76641206794257, 34.99422265228451], [126.76515195156996, 34.99521594846849]], [[126.76043083174123, 35.05101155125492], [126.76073140353323, 35.04966602873304], [126.76330384880313, 35.04918567208324], [126.76568122997568, 35.05124677849898], [126.76317479500683, 35.053201807668636], [126.76043083174123, 35.05101155125492]], [[126.76061584353269, 34.98755491295234], [126.7610126687911, 34.98615816000764], [126.76274447036087, 34.98648652206213], [126.76233373993047, 34.987903718421485], [126.76061584353269, 34.98755491295234]], [[126.7582783344877, 35.058395991530105], [126.75709569124605, 35.059426136337024], [126.75093777011197, 35.0585188805863], [126.74970072432613, 35.05364052916514], [126.74422451985468, 35.05350311437716], [126.74271658444843, 35.050761626578186], [126.74020640205914, 35.04962917309584], [126.74037987990755, 35.0461724103606], [126.74747201427266, 35.046696560912196], [126.75813404446731, 35.05550790720329], [126.7582783344877, 35.058395991530105]], [[126.73800203683575, 35.02796386337933], [126.73229485662962, 35.0261609298782], [126.7323163326812, 35.013241911171605], [126.72682077946288, 35.01308357276532], [126.72422987024412, 35.009742208620864], [126.71981881622088, 35.01018320188308], [126.71831353298016, 35.00730846535673], [126.72595532583871, 35.00459378632438], [126.72538009820755, 35.001729988473585], [126.72184493168817, 34.99970989767524], [126.72900980938171, 34.993859789976035], [126.73356637990605, 34.9975049938724], [126.73585315697761, 34.996743933861886], [126.73761927095072, 34.99390977546322], [126.74393183965441, 34.99466260723463], [126.74535285575844, 34.99725284921807], [126.74118085761333, 34.99964444050971], [126.74182585005597, 35.00250551602892], [126.74534605265983, 35.003089403817356], [126.74893976548975, 34.99972749443161], [126.7514144544163, 35.00085107926743], [126.75233352618908, 35.00541182466966], [126.7558396234905, 35.00701396659624], [126.75487776677552, 35.01496401921353], [126.74755100265257, 35.02101469866726], [126.74423373302689, 35.02111495442243], [126.74173147443554, 35.01843394029728], [126.73823046605197, 35.01906484947554], [126.73759047333031, 35.02185741524061], [126.7412103275637, 35.0252374572372], [126.73800203683575, 35.02796386337933]], [[126.75117500581804, 34.980765989131406], [126.74992352923483, 34.97976768893625], [126.75118246097097, 34.9787247081957], [126.75243506766412, 34.97977283542554], [126.75117500581804, 34.980765989131406]], [[126.74889894353792, 35.08231872137835], [126.74728387738853, 35.082095575191076], [126.74668911270827, 35.080148600457285], [126.7481124311042, 35.077537669280275], [126.75155276170263, 35.079869809844226], [126.74889894353792, 35.08231872137835]], [[126.74892545327225, 35.07366563485564], [126.74724260741199, 35.07336101346904], [126.74767560806943, 35.071889504210276], [126.7494100966304, 35.07233488043102], [126.74892545327225, 35.07366563485564]], [[126.7422436002898, 34.96692854506972], [126.73697604559527, 34.96308980480157], [126.73698478146586, 34.96035585879324], [126.74840365082504, 34.95869384233477], [126.74968962217568, 34.96085432723359], [126.7422436002898, 34.96692854506972]], [[126.74661434008976, 34.98175765068592], [126.7470113742636, 34.98036094305034], [126.74874299677901, 34.980689504370694], [126.74833205493884, 34.982106653831806], [126.74661434008976, 34.98175765068592]], [[126.73977846458895, 34.92693886129529], [126.74014845800957, 34.92555536597587], [126.74193513623592, 34.92591143324731], [126.74139425283714, 34.9273374052892], [126.73977846458895, 34.92693886129529]], [[126.72788407211985, 35.07073586945425], [126.72609692616794, 35.07025329211443], [126.72618850711582, 35.066977555879845], [126.73690727467854, 35.05821167801501], [126.74042082713756, 35.058219247368925], [126.74056806364835, 35.06412948172561], [126.73558676920842, 35.06461817932717], [126.72788407211985, 35.07073586945425]], [[126.7407846932808, 35.04393790853391], [126.73960204101647, 35.04496788521479], [126.7370467841794, 35.044125144937475], [126.73500821322924, 35.04049313148146], [126.73708816253135, 35.03927240899039], [126.74038142307177, 35.040855261677436], [126.7407846932808, 35.04393790853391]], [[126.7351707369437, 34.987104319529706], [126.73338536355519, 34.98662185086726], [126.73364276027344, 34.98320998472657], [126.73715548223159, 34.98157958161125], [126.74082308612454, 34.98336196584634], [126.74064776496884, 34.98638716109162], [126.7351707369437, 34.987104319529706]], [[126.73730516830769, 35.035277231281256], [126.73612259810065, 35.036307175877205], [126.73262833475174, 35.0352877853111], [126.73331744814013, 35.032380726874855], [126.73690737806028, 35.03159911786522], [126.73730516830769, 35.035277231281256]], [[126.73039342661382, 34.90572610602283], [126.72923334111749, 34.904367768513204], [126.73209881000996, 34.90201495927963], [126.73604831946362, 34.90537759192778], [126.73400829168317, 34.9072417591626], [126.73039342661382, 34.90572610602283]], [[126.73467569888294, 34.990738773836114], [126.73427840420598, 34.99213543759318], [126.73254660010996, 34.99180666978598], [126.7329578631873, 34.9903895774424], [126.73467569888294, 34.990738773836114]], [[126.72512140575799, 34.949535033299234], [126.72643779389122, 34.94580804018113], [126.72463574278721, 34.94275459206256], [126.72787838516706, 34.93905305487717], [126.73150862385054, 34.940587017931826], [126.73059429407644, 34.951367895923745], [126.7271289763864, 34.95255568077554], [126.72512140575799, 34.949535033299234]], [[126.72583667493647, 34.906717017343084], [126.7262068089769, 34.905333560519836], [126.72799298808293, 34.90568983167689], [126.72745199896244, 34.90711574591886], [126.72583667493647, 34.906717017343084]], [[126.72331333728643, 34.92878583274424], [126.722062908198, 34.92781302330731], [126.72332279829924, 34.925498164147804], [126.72778850873465, 34.925719483838826], [126.72682019997796, 34.928668118024106], [126.72331333728643, 34.92878583274424]], [[126.7191247387767, 34.96210369950143], [126.71953667262302, 34.96023923496451], [126.72275709017083, 34.95854704885895], [126.7252774519639, 34.95987802692989], [126.7229001323946, 34.963421037113825], [126.71999255816397, 34.963414368502896], [126.7191247387767, 34.96210369950143]], [[126.72277864529553, 35.087427251833404], [126.72152589768716, 35.08642867049397], [126.72278683402433, 35.08538601181375], [126.7240406955724, 35.08643441945272], [126.72277864529553, 35.087427251833404]], [[126.71881426238349, 34.912469889670554], [126.71918454056139, 34.91108645622489], [126.72097081303754, 34.91144283069306], [126.72042966429625, 34.91286871157634], [126.71881426238349, 34.912469889670554]], [[126.71567082196859, 34.947673481491606], [126.71608275944475, 34.94580902426435], [126.71806342132267, 34.94524998317848], [126.72099424404334, 34.948100277584174], [126.71793235466352, 34.94926613016071], [126.71567082196859, 34.947673481491606]], [[126.71320420329124, 35.10001739811737], [126.70484530854625, 35.098412565307584], [126.70490449813676, 35.09593183002302], [126.70911895312848, 35.09194947260009], [126.71214252077327, 35.09271044346237], [126.71608136255794, 35.0960458366047], [126.71602251137847, 35.09852657892736], [126.71320420329124, 35.10001739811737]], [[126.71208701866033, 34.970740511560734], [126.71275983639252, 34.96868270686855], [126.71625013432036, 34.96823926630554], [126.71597651061057, 34.97262388050875], [126.71208701866033, 34.970740511560734]], [[126.70881187884197, 34.977521868032916], [126.71034927586788, 34.97653342959917], [126.71330916445334, 34.97883140737596], [126.71327799332161, 34.9877734578008], [126.711018324641, 34.98962241601391], [126.70842070475223, 34.98776189008517], [126.70881187884197, 34.977521868032916]], [[126.7110681582189, 34.96104016239646], [126.71074308204851, 34.959674107499744], [126.71251860172043, 34.95937233334094], [126.71277182512758, 34.960873759744096], [126.7110681582189, 34.96104016239646]], [[126.69848027194679, 35.015259544650895], [126.69722891698403, 35.014260707476126], [126.6984035301608, 35.01203658237822], [126.7022024534673, 35.00898948309468], [126.70560526498296, 35.00916985456198], [126.7055737256136, 35.01797084825353], [126.70227529418388, 35.01817617191596], [126.69848027194679, 35.015259544650895]], [[126.70086608891815, 35.033572944309434], [126.70126415632026, 35.03217640322392], [126.7029966820059, 35.03250561872388], [126.70258468676096, 35.03392259615373], [126.70086608891815, 35.033572944309434]], [[126.6905630779675, 34.975858901189945], [126.69116968666359, 34.9743840240279], [126.6952949645464, 34.974602980231445], [126.69510729977335, 34.980512502010505], [126.69143182162706, 34.98036677533276], [126.6905630779675, 34.975858901189945]], [[126.68959951279103, 35.07924771366551], [126.68934462986209, 35.07780422239818], [126.69190314581174, 35.07682423979331], [126.695039215811, 35.0786011894007], [126.69487215704756, 35.08189369469841], [126.69131179800422, 35.08151438147408], [126.68959951279103, 35.07924771366551]], [[126.68661865666762, 35.091224637527105], [126.68692059086682, 35.089879313575516], [126.68972682370264, 35.08942944036609], [126.69239171745288, 35.09240719167257], [126.68912986036979, 35.0933876390416], [126.68661865666762, 35.091224637527105]], [[126.689861253579, 35.010022991433495], [126.68953634260556, 35.00865689160386], [126.69131299687226, 35.008355435813606], [126.69156597691405, 35.00985689311128], [126.689861253579, 35.010022991433495]], [[126.68387693130614, 35.01682099290327], [126.68475803227102, 35.01467294475279], [126.68831288043977, 35.01521482679451], [126.68755887253148, 35.01880198377226], [126.68387693130614, 35.01682099290327]], [[126.68447849799453, 35.00945514073745], [126.68322740223365, 35.0084561596173], [126.68448761699516, 35.00741388191018], [126.6857398027787, 35.00846269023488], [126.68447849799453, 35.00945514073745]], [[126.68244294692761, 35.02735957931301], [126.68076130311277, 35.027054039472446], [126.68119524379786, 35.02558276106558], [126.68292838758438, 35.02602908437052], [126.68244294692761, 35.02735957931301]], [[126.68121811992232, 35.0293740526128], [126.68003493580673, 35.030403448432345], [126.67873653206003, 35.029366454287036], [126.68004299115239, 35.0283363420926], [126.68121811992232, 35.0293740526128]], [[126.67296130126385, 34.99600369531817], [126.67335965521694, 34.9946072386784], [126.67509127501013, 34.99493684968503], [126.67467899268718, 34.99635373959555], [126.67296130126385, 34.99600369531817]], [[126.67187432294344, 34.918474478996195], [126.67160218895913, 34.919801959436064], [126.66792827239078, 34.920740480846725], [126.66609581933388, 34.9173492911401], [126.67021281101441, 34.915839901454255], [126.67187432294344, 34.918474478996195]], [[126.67189585069748, 34.89800385952022], [126.67023765277577, 34.89827094598666], [126.66987210112755, 34.89680908442107], [126.6716945532092, 34.89660123465506], [126.67189585069748, 34.89800385952022]], [[126.66857987695128, 34.98694081179586], [126.66679490549208, 34.98645736602494], [126.66638759858598, 34.98159597997078], [126.66984025890618, 34.97928034124326], [126.67123181955151, 34.98478246749575], [126.66857987695128, 34.98694081179586]], [[126.66246952630976, 34.99020615237085], [126.66286802926449, 34.98880972967047], [126.66675392784835, 34.988046672733304], [126.66722254637199, 34.99231825433969], [126.66370843965302, 34.992074469127964], [126.66246952630976, 34.99020615237085]], [[126.66553218588452, 34.95803887073931], [126.66520787777019, 34.9566726974867], [126.66698349419254, 34.95637158938057], [126.66723587755268, 34.957873106897615], [126.66553218588452, 34.95803887073931]], [[126.65446383674386, 35.00997673748775], [126.65264309949282, 35.009398674610615], [126.6526035379254, 35.00358025370771], [126.65656349582665, 35.00026537133157], [126.65958943917087, 34.9995201287781], [126.66122283751511, 35.00232743203892], [126.66464332010447, 35.00373019812388], [126.6637966746124, 35.00888976973813], [126.65446383674386, 35.00997673748775]], [[126.66427048600768, 35.06555881353533], [126.66405851367459, 35.06684556425601], [126.66004202496616, 35.06854698986878], [126.65759096263149, 35.06709138148581], [126.6601240739642, 35.06360856908615], [126.66303046458874, 35.06369051877875], [126.66427048600768, 35.06555881353533]], [[126.62056262487187, 34.970171006076974], [126.62635838142577, 34.97102655792433], [126.63218104240045, 34.96558096615262], [126.63784766585765, 34.96476255110534], [126.63882227925917, 34.96018647181691], [126.64105143969728, 34.959478457787974], [126.64297329088764, 34.960286066306374], [126.64388249901417, 34.9647986149207], [126.64977666803148, 34.96582696608031], [126.65016895755649, 34.969742039220044], [126.65514465545634, 34.9741212699796], [126.65361157547179, 34.97835510472977], [126.65679381696208, 34.98034669526424], [126.65710292177617, 34.984159392878105], [126.66126336658571, 34.98839410181412], [126.65631427697811, 34.99205376257134], [126.65074683663741, 34.992823656046724], [126.64971178213683, 34.997482485346666], [126.64301960464297, 35.00227987967877], [126.64301068152929, 35.00433417498336], [126.64660118510902, 35.00749970140429], [126.64559356388973, 35.015139491153406], [126.64229696828296, 35.0149164505403], [126.64182632554015, 35.01092957827742], [126.63765357241343, 35.00832866988054], [126.63871158372056, 34.98857734514707], [126.64380383973817, 34.98838548544574], [126.64545808047178, 34.985005083396906], [126.64133598542232, 34.98356589024698], [126.63814612788869, 34.987019721685925], [126.63229536856734, 34.986255869051014], [126.63131699872501, 34.98457169834819], [126.63592393663353, 34.97926057644741], [126.64476853857025, 34.97922331599423], [126.64480903692267, 34.9754999364238], [126.63786946843284, 34.974902349787236], [126.63535537050758, 34.978177395811144], [126.6308169698854, 34.97777467046886], [126.62670633381482, 34.98074869228166], [126.62020490775706, 34.975376686598686], [126.61690458101903, 34.97482555009182], [126.6073869486659, 34.98320250919045], [126.60284842273285, 34.9827162286137], [126.60365227144274, 34.97747062330423], [126.6062804648626, 34.976181887205804], [126.60761236206172, 34.97356186018205], [126.61221398861824, 34.973913754803796], [126.614830439013, 34.970586567940224], [126.6180807549136, 34.97123689717719], [126.62056262487187, 34.970171006076974]], [[126.64625049147375, 34.931470351487555], [126.64500093822178, 34.9304967543323], [126.64626053349602, 34.929429074771285], [126.64751093170257, 34.930504061994725], [126.64625049147375, 34.931470351487555]], [[126.63816355839943, 34.93821651051733], [126.63853530745251, 34.936833337193946], [126.64222693970461, 34.935977649345645], [126.64481804934995, 34.940140775302716], [126.64235848722838, 34.94158230272461], [126.63816355839943, 34.93821651051733]], [[126.6431213194179, 35.08857340169343], [126.64272198148888, 35.08996973170879], [126.64098849267084, 35.08963965283119], [126.64140183862018, 35.088222905384775], [126.6431213194179, 35.08857340169343]], [[126.6437384929641, 34.93253797005408], [126.64207951158079, 34.9328046661265], [126.64171431212694, 34.931342730230426], [126.64353759564987, 34.931135308859254], [126.6437384929641, 34.93253797005408]], [[126.63020902939888, 34.946448099417104], [126.62859696483254, 34.94622338604033], [126.6280059732735, 34.94427580793895], [126.62943066291368, 34.941666218136305], [126.63343672442535, 34.94331258806386], [126.63020902939888, 34.946448099417104]], [[126.62666677264671, 34.95509055265455], [126.62505454920543, 34.95486579157775], [126.62391632357274, 34.95183931559901], [126.62803580432569, 34.95033137909232], [126.62929545784483, 34.953027781270784], [126.62666677264671, 34.95509055265455]], [[126.62569440497924, 35.062561530384976], [126.62529490147604, 35.06395780794849], [126.62356203425078, 35.06362748242882], [126.6239755455565, 35.06221078936153], [126.62569440497924, 35.062561530384976]], [[126.62348988458143, 34.957915821023335], [126.62316627563202, 34.9565495398095], [126.62494203756056, 34.956249047229846], [126.6251936529897, 34.957750647409526], [126.62348988458143, 34.957915821023335]], [[126.61000557037272, 34.966973649028574], [126.61021811632342, 34.965686975268646], [126.61264478986656, 34.965160028784005], [126.61580347303072, 34.966269757918], [126.61381393181868, 34.96963199963126], [126.61000557037272, 34.966973649028574]], [[126.6075593121054, 34.96596467817817], [126.60630981469372, 34.96496490736351], [126.60757032546802, 34.96392342248992], [126.6088208660439, 34.96497302128083], [126.6075593121054, 34.96596467817817]], [[126.60376361668786, 35.026524860345575], [126.60251325228577, 35.025525054583575], [126.60377474723123, 35.024483626038986], [126.60502615290841, 35.025533259273736], [126.60376361668786, 35.026524860345575]], [[126.60233839511216, 34.933136130603955], [126.60266156982627, 34.93450246966265], [126.60088619938892, 34.934802640197304], [126.60063509360968, 34.93330098741427], [126.60233839511216, 34.933136130603955]], [[126.60055161538754, 34.965941831513526], [126.59930220416516, 34.96494198917249], [126.60056280253859, 34.963900577621956], [126.60181325268955, 34.9649502479711], [126.60055161538754, 34.965941831513526]], [[126.59892269041417, 34.98499514921819], [126.60053542869332, 34.98522025955569], [126.60113709144726, 34.987264122052224], [126.59968562477472, 34.99266154353815], [126.59624224557227, 34.99022894588825], [126.59660116154497, 34.986100636827736], [126.59892269041417, 34.98499514921819]], [[126.59540512123655, 34.96936319269881], [126.59508193609722, 34.967996842059435], [126.59685804388403, 34.96769676301565], [126.59710917931835, 34.96919841535307], [126.59540512123655, 34.96936319269881]], [[126.5812254666435, 34.93475139697889], [126.5795461014702, 34.93444446576898], [126.57998134442266, 34.93297353543912], [126.58171197966584, 34.9334212936297], [126.5812254666435, 34.93475139697889]], [[126.57614354520379, 34.94278372680986], [126.57489465749562, 34.94180941493416], [126.57592221797834, 34.939709318611435], [126.579485805847, 34.93879362777531], [126.58160260286459, 34.943085061978344], [126.57952281563898, 34.944303140832936], [126.57614354520379, 34.94278372680986]], [[126.57380815656167, 34.92105455222879], [126.57343539703186, 34.92243752405083], [126.57164954563439, 34.92207898423975], [126.57219332285374, 34.92065378545186], [126.57380815656167, 34.92105455222879]], [[126.57098153940666, 34.90130063069445], [126.57130407435923, 34.902667055701386], [126.56952928122789, 34.90296677376281], [126.5692788380808, 34.90146505310937], [126.57098153940666, 34.90130063069445]], [[126.56780484953104, 34.90412446922507], [126.56948355294354, 34.90443155943172], [126.56904827919699, 34.90590245879832], [126.56731829065394, 34.905454522927364], [126.56780484953104, 34.90412446922507]], [[126.54712116102482, 34.94395958596526], [126.55164501622386, 34.94505003915266], [126.55546997312048, 34.94359535103464], [126.55928549284752, 34.946641503725466], [126.55840778974165, 34.9484709512688], [126.55284243275908, 34.94923637612166], [126.55266494954584, 34.95373926619491], [126.54915030764438, 34.95497620951544], [126.54777378873806, 34.954249575686674], [126.54750429098999, 34.95004208329903], [126.5439201151829, 34.94687364263409], [126.54712116102482, 34.94395958596526]], [[126.55007410525332, 34.92882181991215], [126.54975182523926, 34.92745534631661], [126.55152721522576, 34.92715592281453], [126.55177740751121, 34.92865767186269], [126.55007410525332, 34.92882181991215]], [[126.54629573751585, 34.91731939269291], [126.54468448271417, 34.917093570720716], [126.54352143785633, 34.914262296238434], [126.54659260747118, 34.913002280888534], [126.54896061683039, 34.915067614014916], [126.54629573751585, 34.91731939269291]], [[126.54463392514388, 34.939785278606706], [126.54338545880793, 34.938810645495245], [126.54464648773144, 34.93774403140057], [126.54589567406157, 34.93882005423574], [126.54463392514388, 34.939785278606706]], [[126.53940743298871, 34.91272283914945], [126.53972948642122, 34.91408934171171], [126.53795433748819, 34.91438859533932], [126.53770443766447, 34.912886816603105], [126.53940743298871, 34.91272283914945]]], [[[126.8771729704606, 35.02945629778956], [126.88045663801547, 35.02684841648159], [126.87727544592764, 35.02422521815848], [126.87408642309353, 35.02684197420366], [126.8771729704606, 35.02945629778956]]], [[[126.87727635204482, 34.96023014782751], [126.88055724606306, 34.95762222831453], [126.87737872122585, 34.9549990081662], [126.87419239229926, 34.9576158024856], [126.87727635204482, 34.96023014782751]]], [[[126.86745982979204, 34.944207777272794], [126.86812825897277, 34.9508086887998], [126.87613179648982, 34.95081711388434], [126.87683693522636, 34.947988062499164], [126.87359040657005, 34.94591929822813], [126.8726431677454, 34.94133928543635], [126.86821797588931, 34.94128577513335], [126.86745982979204, 34.944207777272794]]], [[[126.83581351969504, 34.88249613777118], [126.83773088906956, 34.884985616331576], [126.84264545236869, 34.88546516167307], [126.84374455726696, 34.89022430349391], [126.84918573061434, 34.890338953126175], [126.85174700529507, 34.89366854450394], [126.85646705445659, 34.89236116383668], [126.85993239799403, 34.89387636220633], [126.86634988300479, 34.89313812919344], [126.8682159046223, 34.89600402685324], [126.87043044777698, 34.8967724796238], [126.87340382349369, 34.895159525776414], [126.87177126491517, 34.89177249918102], [126.86689411916717, 34.891913427885584], [126.86642562922532, 34.8874033260818], [126.86477917559942, 34.88599596827995], [126.85988455940532, 34.88576186148199], [126.8560189105105, 34.88718604442205], [126.85072892257504, 34.8830686653296], [126.84597977785994, 34.88272610121055], [126.8402091563714, 34.877274734580105], [126.83668391270521, 34.877899337051545], [126.83581351969504, 34.88249613777118]]], [[[126.86913609834228, 34.913841816369136], [126.87337726088084, 34.9124663206048], [126.87166121510298, 34.909041231064016], [126.86750334792214, 34.91045474244718], [126.86913609834228, 34.913841816369136]]], [[[126.86681662680142, 34.928490168972154], [126.87009658388098, 34.925882516271784], [126.86691961416479, 34.923259012126856], [126.86373418467583, 34.92587554783711], [126.86681662680142, 34.928490168972154]]], [[[126.85630461265688, 34.931362649317045], [126.85958501598678, 34.928755282664675], [126.85640827139459, 34.926131505461036], [126.85322239786301, 34.92874776329361], [126.85630461265688, 34.931362649317045]]], [[[126.82183071132353, 34.87382300972961], [126.82205341590584, 34.87778834323311], [126.82498731418896, 34.87941002318802], [126.83167817772778, 34.87391490348535], [126.82850442736226, 34.87129038153846], [126.82378752185082, 34.871483079662], [126.82183071132353, 34.87382300972961]]], [[[126.7974483482809, 34.90940370171712], [126.79723113718897, 34.91432279713403], [126.79904967942566, 34.91713241652736], [126.79743502176852, 34.92099130785906], [126.80156778682446, 34.92245077767561], [126.81032691636459, 34.91529326017706], [126.80875602949142, 34.911379154600255], [126.8103699677139, 34.9075201043913], [126.8075188209188, 34.90588152772461], [126.8003270762779, 34.90586992558773], [126.7981114642881, 34.906686128000516], [126.7974483482809, 34.90940370171712]]], [[[126.8008168019293, 34.87955936115979], [126.80276277834099, 34.882061036589086], [126.80622909979532, 34.88149864826101], [126.80624456366837, 34.87490883606264], [126.80174846102689, 34.87490158827385], [126.8008168019293, 34.87955936115979]]], [[[126.78352448271288, 34.892166944729965], [126.78426763270319, 34.89593281848237], [126.79118818446106, 34.89645247451316], [126.79311660687422, 34.89412459951514], [126.79332020267591, 34.88771148382162], [126.79826474351654, 34.88778462356293], [126.799896599497, 34.88437748104968], [126.7968825265188, 34.88278844942595], [126.79470470479738, 34.883563434857926], [126.79307718424923, 34.88634337263613], [126.78872185124857, 34.88586119600982], [126.78415118880162, 34.889355325988646], [126.78352448271288, 34.892166944729965]]], [[[126.74626583128175, 35.01460259823356], [126.75051422801046, 35.01323144282216], [126.74880122482608, 35.00980468545793], [126.74463616917573, 35.011213940372286], [126.74626583128175, 35.01460259823356]]], [[[126.68420974610626, 35.055067098881594], [126.68750054096084, 35.05246448257164], [126.68432456138831, 35.04983625965022], [126.68112842030826, 35.05244790114287], [126.68420974610626, 35.055067098881594]]], [[[126.6632820461272, 35.02616690960624], [126.66657233389971, 35.02356484575], [126.66339813931219, 35.02093607246613], [126.66020246972892, 35.02354717776504], [126.6632820461272, 35.02616690960624]]], [[[126.59980060916841, 35.10096785872017], [126.60813545486562, 35.100804512103686], [126.60987704914622, 35.09738696966183], [126.60703437460755, 35.095769298188394], [126.598700040013, 35.09593257266127], [126.59673068728192, 35.098424436444084], [126.59980060916841, 35.10096785872017]]]]}}, {"type": "Feature", "properties": {"regionNm": "광주", "districtNm": "남구", "districtKey": "남구", "regionCd": "29155", "buildingCount": 15506, "avgScore": 18.69, "maxScore": 38.0, "dominantRiskCd": "B", "rawAvgRiskCd": "A", "avgScoreScaled": 100.0, "styleRiskCd": "E"}, "geometry": {"type": "Polygon", "coordinates": [[[126.76795824402332, 35.058070535223074], [126.77085356445451, 35.06086151994052], [126.77549295066453, 35.059535578870246], [126.77786947532267, 35.06087457034837], [126.78618082008757, 35.06132936831372], [126.78816002029944, 35.06412310486131], [126.78632021991541, 35.067073649446236], [126.78720276540645, 35.06953559411227], [126.78373332549779, 35.07101231474003], [126.78279657006507, 35.07289035487405], [126.78729908025599, 35.077657031087384], [126.79301790938949, 35.078384184652634], [126.7966147577719, 35.07688390126453], [126.80451648398396, 35.078784570990166], [126.80374254788903, 35.08147688185526], [126.80054316104126, 35.083454190981534], [126.80029677210985, 35.09022672601316], [126.80572977886129, 35.09550179098994], [126.81049197831436, 35.094207925455635], [126.81390322190582, 35.09571678332831], [126.81872774208412, 35.095533518514664], [126.8204825142073, 35.09404287616463], [126.82002216477551, 35.090346100891345], [126.82412956947199, 35.0899167062373], [126.82509409984584, 35.09412494034803], [126.82684733837637, 35.095554524700766], [126.83189589176251, 35.094281872120085], [126.83855846655693, 35.098645355896366], [126.84083634419095, 35.09786088970061], [126.84246647529844, 35.095080416099535], [126.84558570332534, 35.095895726799164], [126.84613419861661, 35.10280659477985], [126.85139258338211, 35.10712459414542], [126.85832245731095, 35.10657402774165], [126.85931595904259, 35.099093689268756], [126.8631282399341, 35.098801176316236], [126.86364245672432, 35.11140534589512], [126.86768370464966, 35.11355985670462], [126.86693897598713, 35.11632830878648], [126.86889280485411, 35.118673126503325], [126.8783231138116, 35.11869209856867], [126.8842542067315, 35.11318751637699], [126.88860454069328, 35.11343169677646], [126.8880010799822, 35.116349598500385], [126.88980390950593, 35.119349785781054], [126.88795638428806, 35.12476671644228], [126.88446542194065, 35.12777879310337], [126.88627338209766, 35.133768349125134], [126.88093778575755, 35.139312824508536], [126.88277317662627, 35.14222606692896], [126.88092510498643, 35.14802007182532], [126.88280578787364, 35.1503773643467], [126.88742895518983, 35.150637557659564], [126.89000061387733, 35.153328053449705], [126.8977438678031, 35.15345721453902], [126.90035782485943, 35.15616177453296], [126.9028828668753, 35.15620180701621], [126.90462217296228, 35.15475973053253], [126.90509035352405, 35.15082474616368], [126.90991335695391, 35.150438532746165], [126.91239977681151, 35.147773828808546], [126.9179508529077, 35.14701016628952], [126.91899708293232, 35.142330927661746], [126.92565248088484, 35.13756240419255], [126.92591697675135, 35.13385244462044], [126.92920089777783, 35.13175178622739], [126.92943306112628, 35.12808581501099], [126.93268451050332, 35.12602905973382], [126.9327435492975, 35.12398084576861], [126.9309767483117, 35.122527247245436], [126.92636870165742, 35.122266186775335], [126.92398926443884, 35.11964783739485], [126.91935032513194, 35.11937735161731], [126.91200533503391, 35.11333193574536], [126.91106867145562, 35.094308935387346], [126.90543915222176, 35.09345758129648], [126.90174087808582, 35.09058865363357], [126.89350228412964, 35.090781133087305], [126.89058847230176, 35.09421025005698], [126.88703759530371, 35.09332784003024], [126.88709520926186, 35.08924034335316], [126.88194306935354, 35.08501326247479], [126.87701633660882, 35.084535296407815], [126.87662677765765, 35.080645533709635], [126.8733860963099, 35.07860235183349], [126.87313796478361, 35.07489870131569], [126.87148764920933, 35.073491469563045], [126.86888174043457, 35.073488680367404], [126.8663733221762, 35.07615581771248], [126.86090838451581, 35.07689414895046], [126.86076977116717, 35.08424019715847], [126.85738466843684, 35.08554321260011], [126.8515125793547, 35.0912895709919], [126.84880369368983, 35.09011173023588], [126.8485619714617, 35.08352366255858], [126.8452213186492, 35.081275794666226], [126.84531565702318, 35.078885968287], [126.84880606528628, 35.075820802358024], [126.84532714009637, 35.07280103730691], [126.84508029312491, 35.06909732902487], [126.84331623247644, 35.0676424460912], [126.83285678750501, 35.068205568287574], [126.83191527415802, 35.07296837278578], [126.83372415431361, 35.076020185084325], [126.8296490538584, 35.079263415690754], [126.82427008825458, 35.075656742919314], [126.82402418476548, 35.07195299622917], [126.82077410279652, 35.06988285182301], [126.81985052157017, 35.06532265827359], [126.81638804956891, 35.06472028130464], [126.81439531629245, 35.06706909429562], [126.81428215718005, 35.075724711376004], [126.81022870403989, 35.07896534692108], [126.80594732212411, 35.07847831693863], [126.81021963622837, 35.0729092697783], [126.81022906777, 35.06417825711711], [126.8067110768119, 35.06112076492299], [126.80706415438142, 35.058343547771194], [126.81378461205449, 35.058205549940496], [126.81540749771084, 35.060396736587194], [126.8209001201666, 35.06114195737704], [126.82346678884566, 35.06383389077723], [126.82923052687019, 35.063842142116485], [126.83104964671239, 35.062405144059746], [126.8302903339848, 35.05950003778249], [126.8244372052558, 35.05851107910418], [126.82403620761623, 35.0545965940201], [126.81885751269158, 35.0503227584246], [126.80940530823284, 35.05028753912603], [126.80688743409603, 35.05295926243983], [126.80134171902468, 35.053717866964774], [126.79977180948731, 35.056491906310754], [126.79645489988657, 35.055853858247445], [126.79315538992194, 35.05734712080045], [126.78716110849864, 35.05312247974829], [126.77547809372757, 35.05292492425171], [126.77199922822237, 35.054429549481085], [126.76840110912273, 35.05291915054021], [126.76530391804798, 35.05549724650255], [126.76795824402332, 35.058070535223074]], [[126.88419258797514, 35.092928719935536], [126.88544742407163, 35.093925625112156], [126.88418841958153, 35.09496997889988], [126.88293237178775, 35.09392322297429], [126.88419258797514, 35.092928719935536]], [[126.86558628069504, 35.09443947580105], [126.86598184534147, 35.09304240074538], [126.8677163278973, 35.09336926599643], [126.8673068661142, 35.094786796131096], [126.86558628069504, 35.09443947580105]], [[126.83309444495598, 35.09111697213036], [126.83141092258222, 35.09081351748177], [126.83184250698378, 35.089341707418576], [126.83357782759083, 35.08978588118099], [126.83309444495598, 35.09111697213036]], [[126.8121326115961, 35.08940013483251], [126.81095555739235, 35.09191861459577], [126.80842975303037, 35.090589425345904], [126.8100468879251, 35.088513397601], [126.8121326115961, 35.08940013483251]], [[126.79749950418368, 35.074228076101846], [126.78968203292308, 35.07312138742711], [126.7883682288042, 35.070263906390856], [126.79708295943743, 35.0683430114436], [126.80070787893285, 35.07140352280525], [126.79749950418368, 35.074228076101846]], [[126.79752087657936, 35.06557494887369], [126.79576547072199, 35.06578603184588], [126.79552237222332, 35.064347806387836], [126.79728771134874, 35.06415458658237], [126.79752087657936, 35.06557494887369]]]}}, {"type": "Feature", "properties": {"regionNm": "전남", "districtNm": "담양군", "districtKey": "담양군", "regionCd": "46710", "buildingCount": 15945, "avgScore": 16.57, "maxScore": 44.0, "dominantRiskCd": "B", "rawAvgRiskCd": "A", "avgScoreScaled": 48.79, "styleRiskCd": "C"}, "geometry": {"type": "MultiPolygon", "coordinates": [[[[127.0884226128228, 35.198074397203186], [127.0884675345624, 35.20677717231639], [127.09024211115339, 35.208146834411416], [127.09613766189592, 35.208109089920654], [127.09807546740241, 35.2056986206114], [127.09636702324346, 35.19946734891163], [127.09857943397654, 35.196799234398185], [127.10415655336965, 35.19600880618437], [127.1083431480673, 35.19229535011689], [127.10834042104156, 35.19024108231116], [127.1065943918495, 35.18884010764881], [127.10208303631089, 35.18863530682597], [127.09959505973924, 35.18597086846798], [127.09712268215512, 35.18598447484579], [127.09541597167924, 35.18741768359897], [127.09516608748876, 35.191121203903954], [127.0890784072732, 35.195220099603034], [127.0884226128228, 35.198074397203186]]], [[[126.87045726895536, 35.264376621594565], [126.87042621670427, 35.27010091999584], [126.87406240583464, 35.27330972342697], [126.87392530992011, 35.281641789496206], [126.87757355360031, 35.28494662045469], [126.87368299022634, 35.289290253210496], [126.87368304963688, 35.29516377597185], [126.87550701825917, 35.29787561847665], [126.8736743276184, 35.30077661723324], [126.87457437852775, 35.30268786287893], [126.87909168252318, 35.302730780525124], [126.87937255402599, 35.29809159469725], [126.88730688411314, 35.29332735304156], [126.89201505308911, 35.29529663071288], [126.89126947118103, 35.29806514760784], [126.89322834435765, 35.300409511779556], [126.89668726859814, 35.299862809385836], [126.9024764477933, 35.29408267396724], [126.9052517520454, 35.295189998370454], [126.90558769843925, 35.299026431419975], [126.90891368779721, 35.301222489222745], [126.9088506848614, 35.306732519821736], [126.91068176274582, 35.30954030763818], [126.90875055258893, 35.31234791258652], [126.90499006840139, 35.314197007695164], [126.90150607419898, 35.31268316820465], [126.8931820332596, 35.312885797069264], [126.89123726772856, 35.31526584143935], [126.89216551695115, 35.32003058780325], [126.89561719677134, 35.320610677597905], [126.89814046898489, 35.31793723915174], [126.90533601718545, 35.316454692114796], [126.90957970102203, 35.318385273045465], [126.90883450357003, 35.32115388825058], [126.91076453064937, 35.32348634023994], [126.91563185097294, 35.323691999344526], [126.91905764530979, 35.322190821353956], [126.92248044309058, 35.32369658411352], [126.9292036823604, 35.323654124511556], [126.93187782907255, 35.326384350332354], [126.93674041899106, 35.32678847448241], [126.93720196653003, 35.330723953502165], [126.93885862078095, 35.33213023805188], [126.94368626187197, 35.330857612621536], [126.94580168335172, 35.332349620328166], [126.94368580205592, 35.3356574213868], [126.93890942898531, 35.33599171767523], [126.93623044268357, 35.33871901835667], [126.92032413720554, 35.33940326747559], [126.91936000429918, 35.3441847427101], [126.92114942371269, 35.34732880410558], [126.91520671780556, 35.35309486503081], [126.90896975089534, 35.353788342621655], [126.90720822515675, 35.3509491733803], [126.90498101877515, 35.35018142816816], [126.90142567072434, 35.35168962356438], [126.89781202612629, 35.35018310988917], [126.89496482404938, 35.351764582781655], [126.89494430375595, 35.35667851395095], [126.90016056173691, 35.36097346005481], [126.90367650096675, 35.360419993355364], [126.90464105640828, 35.355842046888306], [126.90760223167499, 35.35465275549335], [126.91331197282604, 35.36047607605948], [126.91931859119163, 35.3616212458465], [126.92118181295312, 35.3672329019126], [126.91934349064623, 35.37003808263339], [126.91920670814314, 35.37636441345409], [126.91186558830879, 35.37615244811267], [126.90897708993172, 35.3778340568687], [126.90904760478524, 35.379832490361], [126.91328729575653, 35.38355004622791], [126.91773663895194, 35.38350437035006], [126.9199841033654, 35.377739234115786], [126.92628157159302, 35.38173258851223], [126.92659358595888, 35.38551883126231], [126.92830490085133, 35.38695166401413], [126.93421344943272, 35.38698823179016], [126.93602377899221, 35.385574255919686], [126.93605523440387, 35.37780164085836], [126.93195744193862, 35.375617026964775], [126.93275915007706, 35.37293054134237], [126.93093158529256, 35.370219591393266], [126.93276380504025, 35.36731775740093], [126.93254559053051, 35.36337848458188], [126.93077360018268, 35.36192493483907], [126.92625308441788, 35.3617135794518], [126.92537071494122, 35.36007322436508], [126.92903043530896, 35.35667779438936], [126.9285152319429, 35.350124885655326], [126.93481575898775, 35.346485262091164], [126.9414116315259, 35.34769142037273], [126.94014837333543, 35.35354575435795], [126.93549771731652, 35.35326231162972], [126.93368810086876, 35.3546762879672], [126.93531827155566, 35.358086752307315], [126.93886300928297, 35.35757687688716], [126.94077089720271, 35.35469596564346], [126.95337053700216, 35.3546790781718], [126.95810080971425, 35.35884397496274], [126.95892879686025, 35.36112164581269], [126.95483935450993, 35.36329479128683], [126.95446428087678, 35.36717479580079], [126.94750285184604, 35.37298860844089], [126.95099834964033, 35.37605949636859], [126.95126205808725, 35.37978835330192], [126.95438588080498, 35.38166888543934], [126.9554318920112, 35.384104803830624], [126.94943835963925, 35.38502890975979], [126.94749186649815, 35.387436924015546], [126.94955725838764, 35.389879853610594], [126.95744904191832, 35.38941935311879], [126.96006156295843, 35.39275555365564], [126.97058414157743, 35.39216142026413], [126.9714990243886, 35.38741787843226], [126.96967807541127, 35.38436826913969], [126.97152608664334, 35.37895032407629], [126.97341117640296, 35.378236175771335], [126.9755878656973, 35.378868365289826], [126.9759021730198, 35.38265448388981], [126.97773620822842, 35.38411984800081], [126.9811903026217, 35.383469592420916], [126.98301377166108, 35.37778330271563], [126.98591613805887, 35.378655995221216], [126.98821041930552, 35.3812154716577], [126.9928645281545, 35.381483312691664], [126.99413634371678, 35.38420247638699], [126.99069388656028, 35.38559544895914], [126.98975826374262, 35.38747499407179], [126.99164763653027, 35.389830506707234], [126.99420993348286, 35.38985703926996], [126.99614427248143, 35.38752612896866], [126.99540170652261, 35.38475695754956], [126.99944482782861, 35.382656885692256], [126.99892373156567, 35.37898855052362], [127.00578356961483, 35.37776374564816], [127.00723585599383, 35.37278090833562], [127.01073376182624, 35.37302427767473], [127.01189952949169, 35.3778120853454], [127.01760838899489, 35.37852994383699], [127.023450508034, 35.37481604254279], [127.02484211144012, 35.36989432165129], [127.02766464118872, 35.36915439865061], [127.03043875497713, 35.372547873240464], [127.03392977473925, 35.372008841450715], [127.03397500404438, 35.3683056477223], [127.02856268808968, 35.36820527772432], [127.02747804621782, 35.36576506003484], [127.03410779393732, 35.36046892162191], [127.03908251324906, 35.364613427169076], [127.04006984681963, 35.37203753147709], [127.04348108407613, 35.37255548232426], [127.04771371525405, 35.36957693561351], [127.04959878932604, 35.37029075540224], [127.04985584110196, 35.3739938624126], [127.05151533159211, 35.375398591741664], [127.05853130699357, 35.374914247962074], [127.05953078810225, 35.37293458562245], [127.05595031239719, 35.369793566149426], [127.05575592684019, 35.36333438447205], [127.0455995201938, 35.355715336140676], [127.04537711398297, 35.35316514905829], [127.04909476067061, 35.352581375995804], [127.05409545844994, 35.3575802336647], [127.05764015235681, 35.358090315647786], [127.05929739673483, 35.3566840845499], [127.0599412238526, 35.352626140902615], [127.06802211932364, 35.352375993570604], [127.06982934137788, 35.35096000689795], [127.06920745026683, 35.34814203706037], [127.06562387496207, 35.34631975032356], [127.06982189557104, 35.342307228183145], [127.06982012836173, 35.34025300925772], [127.06697401530279, 35.33867070251446], [127.06336022730387, 35.340176166529425], [127.05864685485139, 35.338856456428495], [127.0568751778889, 35.340309856320744], [127.0562351205162, 35.34496322431154], [127.05086678540175, 35.34473034682507], [127.04802077921057, 35.343443762943316], [127.0489790038781, 35.338564174139655], [127.0522581264395, 35.33644772351364], [127.05058301723282, 35.333138686491864], [127.04453270742276, 35.33310308541716], [127.0416165765131, 35.33653569970713], [127.03868498437322, 35.33579126906189], [127.03508114564167, 35.33729867591107], [127.03303567512499, 35.33562371135096], [127.03528858008671, 35.33244600804791], [127.03990861907451, 35.33218623134025], [127.04165514371412, 35.330783150449], [127.04104968209103, 35.31858063283128], [127.04800744729098, 35.317184866628175], [127.04891301926604, 35.31269307490904], [127.05216882110734, 35.310633172132604], [127.05219965952618, 35.30853491058747], [127.05039131775371, 35.307120711062566], [127.0445496307579, 35.30713547343953], [127.03575489382871, 35.31411282579347], [127.03176439439086, 35.31272663732262], [127.02701937023721, 35.31289674945076], [127.02401133329411, 35.316350579297996], [127.01633358838801, 35.314609496649396], [127.02110921445136, 35.30943266272662], [127.02582261852973, 35.30911586818897], [127.02753672064017, 35.30775701014453], [127.02721235887329, 35.300961157335884], [127.03291751315689, 35.30044056324926], [127.03879035034068, 35.2949493310573], [127.04445129615985, 35.2941301954785], [127.04863800719455, 35.29044465992933], [127.0488974014374, 35.28673452706805], [127.05071445602854, 35.28595071691535], [127.05384048043399, 35.28667998746468], [127.05333351985992, 35.29037414068018], [127.05696666528898, 35.29355189805855], [127.05664123187837, 35.2977775035707], [127.05332864244076, 35.29993163721447], [127.05401219277618, 35.302740839644024], [127.06270963525787, 35.302777355360476], [127.06559928169963, 35.30619581631813], [127.06903695721071, 35.30568636532753], [127.07004456192733, 35.30375735231763], [127.06820458295591, 35.30080474165784], [127.07003036244177, 35.29793803173005], [127.06618598969803, 35.29345246967804], [127.07044781725652, 35.28916646135542], [127.07506528167968, 35.288905342329606], [127.07681026960688, 35.28750174535432], [127.07714152923998, 35.27789677166852], [127.08059864227178, 35.27753200383023], [127.08328720639345, 35.28025955900414], [127.0866018779578, 35.27971648534974], [127.08692106426547, 35.27504620028699], [127.09016310830833, 35.273914725314334], [127.09163610719138, 35.271796855309574], [127.09719394102262, 35.271024985572915], [127.09817102176342, 35.26642720012618], [127.10144595567019, 35.26430939660068], [127.10069918713855, 35.26151196111769], [127.09534066731815, 35.26145284717899], [127.09370942264273, 35.2586715918905], [127.0915226513227, 35.25789466902154], [127.08847849143012, 35.25950539385931], [127.08892568887197, 35.26327638254612], [127.0862183584687, 35.26395990547978], [127.08201197007195, 35.26095475118325], [127.07736610735326, 35.262292385745106], [127.07381506387757, 35.260783538820604], [127.07021519996141, 35.262292007061475], [127.06349109435482, 35.260769671003324], [127.06260705195598, 35.259130290631006], [127.06627165627799, 35.255680866863145], [127.06613903597672, 35.24596874445117], [127.07046308485599, 35.24553167613622], [127.0716077367514, 35.25373702693226], [127.07497268190052, 35.25430630823446], [127.07679172291365, 35.25286566579144], [127.07681080417075, 35.245167155594935], [127.07265369665554, 35.24285121275393], [127.07289355388274, 35.237487697697205], [127.07725346346356, 35.23664944893815], [127.077900374368, 35.241302182073646], [127.07964122107144, 35.24274448679386], [127.08381231121582, 35.241323774192914], [127.08313642208634, 35.23560485192092], [127.07713744780888, 35.23503706269195], [127.07640100817059, 35.22883258935464], [127.08045636305056, 35.227836120293475], [127.08208653591744, 35.23061756991932], [127.08433436157935, 35.23140215494619], [127.09149287390372, 35.231389425851795], [127.0943320392815, 35.22980330134712], [127.09274154946709, 35.22589308406445], [127.0945797523509, 35.22303443783568], [127.09365713507657, 35.21778256191977], [127.09808428414618, 35.21437868492053], [127.0961122886343, 35.211932660366564], [127.09265844258643, 35.212485067363325], [127.0907592647351, 35.215368434346026], [127.07157403942577, 35.215383691590354], [127.07083611498217, 35.221066528606805], [127.0749450893556, 35.22329626743417], [127.07507406103024, 35.22815282446152], [127.06737202608971, 35.233535683185146], [127.06875972681607, 35.23799317708675], [127.06691484923026, 35.23921942220261], [127.06331346830981, 35.237715028021135], [127.0609635676228, 35.238543583652884], [127.06009281004083, 35.243246676781], [127.06193119041025, 35.246199440633966], [127.06033783786152, 35.24776432906321], [127.05625526079801, 35.246370116874736], [127.05250619814997, 35.24786528913854], [127.0488331309332, 35.245772614549814], [127.04898218494728, 35.24329982037034], [127.05591611360236, 35.23753081799671], [127.05555987844761, 35.22144495599664], [127.05942770475556, 35.217261059242524], [127.05502691461494, 35.21336841394786], [127.05632272467233, 35.21129756556631], [127.06099680867524, 35.21101621852953], [127.0629341217121, 35.208633407116444], [127.06269868116985, 35.201860708637895], [127.05905825304505, 35.19865753499357], [127.06292459831633, 35.19418466467784], [127.05934101063526, 35.190965791487585], [127.05903614637737, 35.18404314879444], [127.06290274905682, 35.17984084806936], [127.06106922483251, 35.17687958580713], [127.06290903755445, 35.173994301364424], [127.0619658636855, 35.16020988295527], [127.0661768833316, 35.157663550429], [127.06552908124547, 35.15201119656563], [127.06311858698976, 35.151192645323945], [127.06031363610796, 35.152734021872746], [127.06088432281018, 35.1592121146504], [127.05329732175885, 35.16427471587241], [127.05307995423713, 35.170778314132725], [127.04971769325616, 35.17307314181144], [127.04950682134162, 35.17979630003151], [127.05134909799567, 35.182652778422465], [127.04951031961573, 35.18556497793709], [127.05335757162106, 35.18962359456387], [127.05303489717028, 35.202869490519994], [127.05487210957389, 35.2058223823781], [127.04975570423404, 35.21051970384431], [127.0504011013449, 35.213287764313264], [127.0539536129411, 35.215298212158544], [127.04978622407747, 35.21912259961557], [127.04960056200923, 35.2255821018655], [127.0455150821355, 35.22965718114509], [127.0353352716886, 35.22966058072203], [127.03389377804683, 35.22695560720596], [127.0305613302181, 35.22573179233619], [127.03106892441077, 35.222037694597454], [127.02743998133886, 35.218859119619175], [127.02811789446103, 35.21366479396091], [127.0328215506894, 35.21393219755042], [127.03533701082897, 35.2112558506222], [127.04084104418605, 35.2105171494137], [127.04187079103819, 35.20588918233125], [127.0451184753655, 35.203848214701786], [127.04444718553724, 35.20101336930214], [127.04103665103105, 35.199687547427885], [127.04183302528041, 35.197000261850185], [127.03984124080532, 35.194649134185774], [127.03641886275462, 35.195209067078096], [127.02869146800788, 35.20182347678162], [127.02844655289661, 35.205812856677156], [127.03027374819429, 35.208715359136235], [127.02783138732717, 35.2124095520304], [127.01635069988359, 35.211969703890325], [127.01461214728505, 35.21341337134925], [127.01396715498372, 35.2174711678043], [127.00583882359302, 35.217730177512195], [127.00193341826879, 35.2207164666485], [126.99522996408498, 35.216638725788854], [127.00009166745743, 35.21131066557066], [127.00351437372456, 35.20973015236618], [127.00821937730441, 35.21105204150566], [127.01021923095978, 35.208649331352724], [127.0099632481789, 35.20471079616451], [127.00481895731917, 35.20047137874673], [126.99990514510057, 35.20024292208779], [126.99648597023061, 35.20174642186949], [126.9944126484227, 35.20034621667503], [126.99631709126145, 35.19708293858196], [126.99943497282887, 35.195203623115134], [126.99992366172003, 35.19066871625047], [127.0034219274109, 35.19112029895016], [127.00583710706054, 35.193746196085264], [127.01167067728841, 35.1937582440109], [127.0135006165312, 35.19229299537011], [127.01381468595198, 35.18850678498191], [127.02117083290285, 35.18246548284915], [127.02439983347585, 35.18241521680295], [127.02691636350404, 35.18509033543491], [127.03028818555316, 35.18456125386854], [127.03455222543113, 35.18080153176663], [127.03489051044517, 35.17696518785153], [127.03806266364015, 35.17503179531151], [127.03840076008127, 35.17119543804917], [127.04157260612308, 35.16926195194573], [127.04185008372319, 35.16550845285019], [127.04508205307371, 35.16349200173453], [127.0450793282114, 35.15855337113432], [127.04327443807857, 35.157139027513225], [127.03855700528584, 35.15734637637845], [127.03807623056143, 35.14995277944108], [127.03508432275112, 35.14831212007019], [127.03214463967267, 35.15000427998577], [127.03227304518921, 35.15971659670755], [127.02467717818757, 35.159782716435124], [127.02401958623022, 35.1556995476479], [127.02226161192948, 35.154272827391026], [127.01811387490231, 35.155726116461786], [127.01814021073326, 35.16061468176725], [127.0249768259579, 35.16569137234096], [127.02675286832877, 35.17112333783912], [127.02482893772759, 35.173932859651764], [127.0153827792196, 35.17499262332638], [127.01461345190572, 35.17995399994593], [127.00479428268838, 35.18079276083867], [127.00057908091009, 35.18452086431509], [126.99971555463027, 35.18933809965319], [126.99071630378243, 35.1894637342863], [126.98626725249898, 35.1942002336778], [126.9897581672979, 35.19724299551382], [126.99021810993369, 35.20004987575381], [126.98283993517721, 35.20028829035262], [126.97856710492576, 35.196838048406995], [126.97791077768888, 35.191430249445254], [126.98362241632034, 35.19086089393944], [126.98538101444498, 35.189434071253764], [126.98365450145805, 35.186010714705716], [126.9767378332456, 35.18652872991465], [126.97653554041307, 35.191039225632316], [126.97382389913746, 35.191870365599684], [126.96876941340298, 35.192262726190776], [126.96714387157787, 35.18947973354502], [126.9649601620406, 35.188700515666845], [126.95903533853681, 35.18951848249919], [126.95911597492635, 35.19606491427968], [126.96489483525265, 35.19681454435504], [126.96872428429704, 35.19534689463236], [126.97197944979698, 35.197008182469595], [126.97404722176758, 35.20006337368042], [126.9717956558565, 35.20304705443894], [126.96718272588932, 35.203304237571835], [126.96543765217098, 35.20470627345252], [126.96476250120146, 35.214582521530616], [126.95823478669939, 35.2147039434988], [126.95434501796413, 35.211764099979156], [126.95137586880828, 35.21335442459629], [126.95140676635542, 35.2154527183477], [126.95465885652855, 35.217512554478645], [126.95556560277687, 35.22230487470692], [126.94782681130296, 35.22782461955335], [126.94788292811029, 35.229872855476515], [126.95113550403049, 35.231932781748974], [126.95095293077924, 35.234573975418876], [126.94014234983348, 35.234840002523214], [126.93728585413811, 35.236447023427864], [126.93733055274618, 35.238520796888956], [126.94156418281925, 35.242237441518725], [126.94726164949998, 35.242499752422766], [126.94849700019063, 35.24505601242623], [126.95107656344449, 35.24626700367986], [126.95162568591991, 35.2490152743169], [126.93721481502475, 35.249972144011274], [126.93547902033909, 35.24426914255729], [126.93101519801854, 35.24419779224181], [126.92976871902542, 35.24905666293461], [126.9249711184262, 35.24943453370223], [126.9232101680414, 35.2508604623096], [126.92297410261578, 35.254825078194195], [126.9248045038077, 35.25763267547793], [126.92287501646017, 35.26044053231526], [126.91792732384555, 35.260967179480524], [126.91616600044514, 35.26239300235889], [126.91776288859757, 35.26628099847197], [126.91589060706828, 35.2718902264092], [126.9102553904162, 35.27261023538706], [126.90730271949502, 35.26979455402091], [126.91149888920687, 35.26730370138576], [126.91084589738882, 35.264443636238134], [126.90630450698882, 35.260979475233924], [126.90162770461906, 35.26069668336794], [126.89785406544318, 35.25761527877505], [126.89586643812888, 35.25482340497805], [126.89769729908832, 35.25192204468405], [126.89675060039251, 35.24997259763775], [126.89128543416778, 35.249860040390196], [126.88621035126494, 35.24419453138959], [126.8828471521912, 35.243620002692545], [126.87750466477222, 35.24793852410845], [126.87812900747184, 35.253617309150926], [126.88047876793024, 35.25444699934093], [126.88408179060943, 35.25294417719451], [126.88751135921747, 35.25445374085813], [126.89111425297551, 35.25295070908869], [126.8930180737026, 35.25518842623736], [126.8895230328809, 35.258143274930056], [126.88386223105796, 35.2578735482592], [126.88043850154307, 35.259373749193216], [126.87567172436144, 35.258067577240794], [126.8710838953537, 35.26156472609066], [126.87045726895536, 35.264376621594565]], [[127.07921237581823, 35.22383676764136], [127.08146068170936, 35.219121430260756], [127.08435843969124, 35.21999178777087], [127.08650071174647, 35.22282136299244], [127.08445185082347, 35.22597307253601], [127.08194695932747, 35.22691725886183], [127.07921237581823, 35.22383676764136]], [[126.98887377192466, 35.262402810983396], [126.98928109113493, 35.260537516130455], [126.99186718385954, 35.25952368813425], [126.99648332090472, 35.263160213955786], [127.00029919082611, 35.26025305835532], [127.00712803298357, 35.2602668917031], [127.01089781524348, 35.25880545703415], [127.01269293017019, 35.2607316979306], [127.00761319643746, 35.26528158280942], [127.0082918109261, 35.26816122467978], [127.02411338464826, 35.268205534622], [127.02587720296259, 35.271043040024836], [127.03162155692004, 35.274691996946395], [127.03639427684833, 35.27449255712733], [127.0388803481606, 35.27182531058544], [127.0434270732744, 35.27160594051329], [127.04591282581627, 35.268938548416145], [127.05263530497824, 35.267409761170555], [127.05627084171786, 35.268915780366875], [127.07323363164785, 35.2681599587237], [127.07511395598543, 35.27141740717041], [127.06903556253971, 35.272559636908284], [127.0618450296644, 35.278367992373376], [127.05752784923935, 35.27542356882205], [127.05502283627594, 35.27542473403385], [127.05235159940993, 35.28103892446443], [127.04217635297013, 35.280988786397735], [127.03869266515467, 35.28250101131315], [127.03514145506263, 35.28099103448686], [127.03165763618976, 35.28250305689116], [127.02452720248456, 35.28100118215118], [127.02091265415265, 35.28385889815817], [127.01636518299796, 35.28407742191917], [127.01213585410474, 35.28705491223164], [127.01020266277445, 35.28625318467644], [127.00843717318313, 35.28044441741847], [127.01043443571619, 35.27895794722055], [127.01397475835759, 35.28045638167965], [127.01625400107025, 35.279746390758234], [127.0163502459568, 35.2760125694578], [127.01403576235002, 35.2752267354332], [127.0102033733131, 35.27669579927244], [127.00473964443475, 35.272541258551136], [126.99689305446226, 35.272397326735984], [126.99421849783937, 35.26966851382263], [126.98954088809056, 35.26938911999309], [126.98887377192466, 35.262402810983396]], [[127.05307275677407, 35.263414059232126], [127.05189085597452, 35.264447047048165], [127.04505314562385, 35.26354825114571], [127.04514931425597, 35.25952931818129], [127.04223046138951, 35.257914380782196], [127.03397340326777, 35.258105940550415], [127.03165201205051, 35.26067499073675], [127.02863771963582, 35.2615222621989], [127.02601692498264, 35.25736752390177], [127.03129785691692, 35.2530332904005], [127.03516305039079, 35.25450224534752], [127.04229057234818, 35.25449110327856], [127.04605945512414, 35.253028572351205], [127.05304660965767, 35.25780249273072], [127.05307275677407, 35.263414059232126]], [[127.04537688079373, 35.23168768582836], [127.04655838947372, 35.2306547563369], [127.04786465695435, 35.2316877815974], [127.04655957046438, 35.23272182518002], [127.04537688079373, 35.23168768582836]], [[127.04415791822113, 35.23370576361889], [127.04595052301103, 35.234183639901595], [127.0458715643436, 35.237459534750656], [127.04342273304864, 35.23850992770138], [127.04179657591641, 35.24129304004032], [127.0379123137591, 35.24042484257843], [127.038502098038, 35.237457400200476], [127.04415791822113, 35.23370576361889]], [[127.03512332463175, 35.15931937175189], [127.03638101868937, 35.160314703511766], [127.03512291871844, 35.161360613706556], [127.03386391984345, 35.16031543321678], [127.03512332463175, 35.15931937175189]], [[127.03164242718022, 35.24008162014353], [127.0329013252175, 35.241076974083704], [127.03164193539979, 35.242122834855536], [127.03038173334379, 35.24107763277472], [127.03164242718022, 35.24008162014353]], [[127.02998356231404, 35.171940982514165], [127.02965233924924, 35.170575824511396], [127.03143126473456, 35.17026939568075], [127.03169097593384, 35.17177010949314], [127.02998356231404, 35.171940982514165]], [[127.02309002194694, 35.32024046382337], [127.0247790002963, 35.3205412441833], [127.02585098514515, 35.32354083643264], [127.02173772438205, 35.32500383156684], [127.019899321188, 35.3215598334469], [127.02309002194694, 35.32024046382337]], [[127.0227433858186, 35.30009992526893], [127.02127992281449, 35.30380520973973], [127.01064662708829, 35.31253102255345], [127.00475535398512, 35.31350930547022], [127.00445340864022, 35.3181822709731], [127.00000155054737, 35.31894937291829], [126.99960981682875, 35.312793910864514], [127.00318534528063, 35.30949539266832], [127.00122308043046, 35.307152811545], [126.99648295725706, 35.307412210931005], [126.99648314467305, 35.30308142856665], [127.00822870073735, 35.303349783120346], [127.01565557304905, 35.29747864239787], [127.02080971917263, 35.29774709111048], [127.0227433858186, 35.30009992526893]], [[127.02004885860221, 35.2906471159766], [127.02044273307602, 35.28924958123198], [127.02218200974978, 35.28957422513392], [127.02177424365472, 35.290992231988966], [127.02004885860221, 35.2906471159766]], [[127.01300666805906, 35.250267904810606], [127.01777236094236, 35.24587151989577], [127.02139555415398, 35.246275000865616], [127.02139622882835, 35.248843147463795], [127.01738830021692, 35.25213216426899], [127.01425752460183, 35.25213257361565], [127.01300666805906, 35.250267904810606]], [[127.01957226360696, 35.326009630202016], [127.02126134894831, 35.32631045937421], [127.0208319236149, 35.327782887860955], [127.01909051119706, 35.32734141240164], [127.01957226360696, 35.326009630202016]], [[127.01728127566363, 35.35860355377523], [127.01846498630532, 35.3575709195215], [127.01977293883867, 35.358604225719624], [127.01846545688642, 35.35963794547986], [127.01728127566363, 35.35860355377523]], [[127.01596818324484, 35.353654650263586], [127.01563645352087, 35.35228949513709], [127.01741940706468, 35.35198328020593], [127.01767944212023, 35.35348397882105], [127.01596818324484, 35.353654650263586]], [[127.01513525232744, 35.31984398249721], [127.01474113848148, 35.32124149293633], [127.01300121358628, 35.320916743891615], [127.0134092827389, 35.31949877356906], [127.01513525232744, 35.31984398249721]], [[127.0070381096458, 35.3329117067584], [127.0057851079936, 35.33182178122674], [127.00802004991783, 35.32584879519142], [127.01416843446604, 35.32968846377685], [127.01533578080273, 35.33200969809005], [127.01249522491604, 35.333203341988884], [127.0070381096458, 35.3329117067584]], [[127.0085849393646, 35.34505196790578], [127.00679010794333, 35.34457354727663], [127.00673993066589, 35.34145817315834], [127.01122470092552, 35.34116776886476], [127.01086075528367, 35.34402597943277], [127.0085849393646, 35.34505196790578]], [[127.00540600615065, 35.34788706469478], [127.00507447773755, 35.34652187924969], [127.0068573444452, 35.34621581983321], [127.00711716563508, 35.34771654263963], [127.00540600615065, 35.34788706469478]], [[126.98487286649464, 35.27622637215635], [126.98558693327867, 35.27472335013199], [126.99277287604237, 35.27471563873978], [127.0002394237717, 35.28080565971236], [127.00029999202954, 35.28345664066375], [126.99315764087572, 35.28386051227882], [126.99172931087458, 35.27889768636256], [126.98612347734237, 35.278091323754914], [126.98487286649464, 35.27622637215635]], [[126.99450988972168, 35.25852365358397], [126.99289065975496, 35.25830378365439], [126.99227723735761, 35.25616534436016], [126.99478443955331, 35.254205642334384], [126.99717362847356, 35.25626214936825], [126.99450988972168, 35.25852365358397]], [[126.99108805839525, 35.21645692138743], [126.99141882262145, 35.217822174509585], [126.98963870997159, 35.21812801318015], [126.98937962452275, 35.216627220695464], [126.99108805839525, 35.21645692138743]], [[126.98839504517983, 35.24161511789862], [126.98878922588628, 35.24021767486387], [126.99052732882359, 35.240542776365245], [126.99011925683396, 35.24196068804688], [126.98839504517983, 35.24161511789862]], [[126.9772730797284, 35.241166446783595], [126.9786680216338, 35.23465491297657], [126.98233112310224, 35.234383942920786], [126.98349600228516, 35.240156105000516], [126.97913944136677, 35.24210626078477], [126.9772730797284, 35.241166446783595]], [[126.96834839964745, 35.263684936137835], [126.96709395957059, 35.2627833503296], [126.96750246155847, 35.25474554809021], [126.97333718379355, 35.25134682270636], [126.98335261818366, 35.2519300541989], [126.98307234913634, 35.262220467273856], [126.97898922231725, 35.266381042214235], [126.97588688607254, 35.26729185029826], [126.97311864255765, 35.263897066209296], [126.96834839964745, 35.263684936137835]], [[126.98271503513077, 35.375911171928024], [126.98153060143878, 35.37694345275878], [126.98022284054981, 35.37590973583263], [126.98153107242116, 35.37487643273184], [126.98271503513077, 35.375911171928024]], [[126.97698699470935, 35.36643803897232], [126.975441031316, 35.37021428034264], [126.97173657317894, 35.37322012445385], [126.96830832230435, 35.3737461923477], [126.96616336926513, 35.36706185008889], [126.97125179397746, 35.36251378593761], [126.97202655239494, 35.3583566244021], [126.97526253969824, 35.35840698721402], [126.97738064610705, 35.36102400862132], [126.97567693945068, 35.364344810593636], [126.97698699470935, 35.36643803897232]], [[126.9647979858406, 35.34155958481544], [126.96353836570856, 35.340563538432114], [126.96479782804084, 35.33827210587831], [126.97133552608545, 35.33742732304857], [126.97565972790763, 35.341455910595876], [126.97560887498413, 35.34457127718654], [126.97203135477864, 35.344427292433444], [126.9695116999598, 35.34175110208976], [126.9647979858406, 35.34155958481544]], [[126.9666987519284, 35.307502809786214], [126.96636803875272, 35.30613750938961], [126.9686821621307, 35.30495057548482], [126.97202081579076, 35.30668342378154], [126.97306639211772, 35.30911921962199], [126.96874201949387, 35.3098890740508], [126.9666987519284, 35.307502809786214]], [[126.9699009368846, 35.2412141878013], [126.96821380797658, 35.24091263785025], [126.96864372667318, 35.23944037511223], [126.97038298417112, 35.23988258258046], [126.9699009368846, 35.2412141878013]], [[126.96132184930723, 35.249261371170505], [126.96006369992199, 35.24826527430123], [126.96141642895769, 35.24591633261116], [126.96850146892558, 35.24554808937717], [126.96826360685006, 35.24919528662335], [126.96132184930723, 35.249261371170505]], [[126.96868218011969, 35.23746287775462], [126.96749958570996, 35.23849504570155], [126.96619422825735, 35.23746115452695], [126.96750041026402, 35.23642797848298], [126.96868218011969, 35.23746287775462]], [[126.95970014268778, 35.229624612807896], [126.95936986201545, 35.22825927595227], [126.96291599471435, 35.22536641458975], [126.96699048418245, 35.22861640470341], [126.9649368563416, 35.23176608813993], [126.96243040256856, 35.232707800275655], [126.95970014268778, 35.229624612807896]], [[126.95928008187732, 35.38830919265189], [126.95758993557484, 35.388007499907665], [126.95651962441262, 35.3850073350263], [126.96063710426992, 35.38354657557518], [126.96191440277255, 35.386239362810976], [126.95928008187732, 35.38830919265189]], [[126.9567487169182, 35.250260874978444], [126.95714348245744, 35.24886353735482], [126.95888164318394, 35.249189092891854], [126.95847297692859, 35.25060689551203], [126.9567487169182, 35.250260874978444]], [[126.94908950431739, 35.33345514339859], [126.95048653496634, 35.329828306212576], [126.95368048484342, 35.3280938048995], [126.9580653497969, 35.329914020788415], [126.95806402336142, 35.33248213129402], [126.95404940698927, 35.33576900081467], [126.95091541007295, 35.33576776899044], [126.94908950431739, 35.33345514339859]], [[126.95580826546222, 35.29601153838048], [126.9541883943241, 35.29579115144525], [126.95357570753102, 35.2936525296401], [126.9560849973774, 35.29169364300753], [126.95847430783468, 35.29375090156626], [126.95580826546222, 35.29601153838048]], [[126.92934630958204, 35.26051866144817], [126.9304095075345, 35.25949307937395], [126.9378934159447, 35.26006973362686], [126.94180305488777, 35.25708553330297], [126.94725169256974, 35.26026446579262], [126.95106918336187, 35.25735886231771], [126.95437643272656, 35.25757351707188], [126.95645090956224, 35.26053250585949], [126.95460701288951, 35.26338903549248], [126.9549574857538, 35.270771431616154], [126.95132554036643, 35.27394944930603], [126.95084771429546, 35.2779100707401], [126.9472391502637, 35.279611400974495], [126.94011548073468, 35.2779052343297], [126.93990985227485, 35.272220701034215], [126.9459118442344, 35.27108250536607], [126.94666690380556, 35.268154367796285], [126.9414072289555, 35.263865128460694], [126.93660444662562, 35.2636812778196], [126.93261581674295, 35.26506643586274], [126.92936643249264, 35.26324594786989], [126.92934630958204, 35.26051866144817]], [[126.94623747037154, 35.28514773250147], [126.9509216427091, 35.286486704845224], [126.95075341310806, 35.28951206477616], [126.94723166519964, 35.291148560053124], [126.94002792405524, 35.28937078684363], [126.93934830465476, 35.28646198500928], [126.94623747037154, 35.28514773250147]], [[126.93854344302768, 35.31614461279321], [126.93815252124502, 35.31486205529464], [126.94006169915546, 35.31355497227837], [126.94470619305791, 35.315444790673844], [126.94369580282428, 35.321236076298995], [126.9400045066845, 35.32109786600435], [126.93854344302768, 35.31614461279321]], [[126.93348880543722, 35.28359749079639], [126.93230509401282, 35.28462930582207], [126.92654109869763, 35.28391224050886], [126.92386852596731, 35.2811818794101], [126.91864384191827, 35.28091394939601], [126.91789340279924, 35.279692175087874], [126.92238664098858, 35.27606337970839], [126.92610363746799, 35.277557856244], [126.93266691891438, 35.27684209137759], [126.93532978133562, 35.28061666832027], [126.93348880543722, 35.28359749079639]], [[126.92154303471187, 35.29639190561988], [126.921938629869, 35.29499469449654], [126.92367763429039, 35.295320754264786], [126.92326812169722, 35.29673842619061], [126.92154303471187, 35.29639190561988]], [[126.92105435989758, 35.30002694911306], [126.92274253868854, 35.300329154866844], [126.92231146617385, 35.301801238393296], [126.92057114767074, 35.30135834324369], [126.92105435989758, 35.30002694911306]], [[126.91908305274472, 35.295389241015826], [126.91782470875457, 35.2943927122863], [126.9190863697097, 35.29334804723556], [126.92034594969924, 35.2943943989133], [126.91908305274472, 35.295389241015826]], [[126.9155830756192, 35.28043654495034], [126.91683721585616, 35.281338661853965], [126.91581803194782, 35.28351019945593], [126.91139232153446, 35.28519316042722], [126.90989997968204, 35.28348469281366], [126.91182457799552, 35.2807735255394], [126.9155830756192, 35.28043654495034]], [[126.89906845234498, 35.267885667038996], [126.8987693414387, 35.269231487590645], [126.8943719503349, 35.27091917061162], [126.89088472074074, 35.269217963563925], [126.88973703469532, 35.266801843228144], [126.89461555118166, 35.26449101713664], [126.89906845234498, 35.267885667038996]], [[126.88842638816021, 35.290671176387654], [126.88666636499939, 35.29088355845211], [126.88642100718492, 35.28944556376817], [126.8881910105551, 35.2892510369331], [126.88842638816021, 35.290671176387654]], [[126.87889099370406, 35.262496297856536], [126.88050999569565, 35.26271769278226], [126.88112067080058, 35.264760100747324], [126.87968264311161, 35.27016067149306], [126.876219236954, 35.26773607510085], [126.87656531615775, 35.263607083835645], [126.87889099370406, 35.262496297856536]]], [[[127.08200282596646, 35.18442717178598], [127.08664569919645, 35.18794667072242], [127.09079384816675, 35.18649104238376], [127.09014729488302, 35.18372318646627], [127.08550451156277, 35.18020381917125], [127.08199922759286, 35.180844637676906], [127.08200282596646, 35.18442717178598]]], [[[127.07977914657569, 35.28979919225988], [127.07795008538314, 35.29321952764321], [127.0822002429427, 35.29699471724031], [127.090235388078, 35.296950672219346], [127.09091067906549, 35.29125637256638], [127.08666041823712, 35.28748148559252], [127.08320217811091, 35.286934205901325], [127.07977914657569, 35.28979919225988]]], [[[127.03904117165837, 35.13607770855323], [127.03565141149069, 35.13846586620656], [127.03737550944737, 35.14180158678491], [127.04683838521291, 35.14181903643929], [127.0491559227379, 35.13924964747823], [127.05216548890041, 35.13840185177292], [127.05392747292649, 35.14123901091673], [127.06324372584439, 35.14776926350138], [127.06691256541636, 35.14490266198263], [127.0725086140742, 35.14409357555656], [127.07343896803616, 35.139534239469626], [127.07669432884576, 35.13746685791578], [127.07648474688146, 35.133524956048106], [127.0803455305622, 35.13328322010505], [127.0829648793467, 35.13598384690243], [127.08539771298449, 35.13604174814099], [127.09096187548525, 35.130684089973634], [127.08907564833952, 35.128330023584475], [127.08455943544938, 35.128118746642755], [127.08077997943076, 35.12521538532933], [127.07714734767893, 35.12803273307847], [127.07391137248656, 35.1286912422413], [127.07333630449385, 35.12529075220429], [127.07662354346388, 35.12313916592305], [127.07667897695488, 35.12109088329368], [127.07490968348971, 35.11963938372102], [127.07017686337214, 35.11945325199457], [127.06789638608309, 35.1202819162005], [127.06700311643806, 35.124799983211396], [127.0637480138084, 35.12686710849497], [127.06536038250863, 35.13072769559611], [127.06373736932532, 35.13268562536386], [127.06311281813606, 35.13957830472362], [127.05988553511294, 35.13962960145768], [127.05736932812947, 35.13695514726823], [127.05241894651947, 35.13689191518431], [127.05257646758888, 35.13354435657148], [127.05736666701698, 35.13316142647157], [127.05913384198813, 35.131707973936834], [127.0591192019377, 35.12684391257223], [127.05626661203593, 35.125236773978216], [127.0504311064779, 35.125979637957954], [127.04945300321232, 35.130577146083034], [127.04685816808072, 35.13172940956804], [127.04338072703332, 35.12832860883517], [127.0399001992862, 35.128867928310775], [127.03904117165837, 35.13607770855323]], [[127.07478823893702, 35.132341100044165], [127.0743960490996, 35.13373884616152], [127.07265988693787, 35.133414940840574], [127.07306598493228, 35.13199672730612], [127.07478823893702, 35.132341100044165]]], [[[127.07772476602054, 35.1995146901119], [127.07435976546482, 35.20182856754758], [127.07503210124545, 35.20466324556456], [127.08305822405953, 35.204696324056926], [127.08309819885875, 35.198108683119386], [127.07962816492174, 35.197513841719875], [127.07772476602054, 35.1995146901119]]], [[[127.07446730763728, 35.30768739935355], [127.07517730385545, 35.31142069209337], [127.079695118866, 35.31137948193911], [127.07964191609155, 35.304792019634895], [127.07522142869426, 35.30476427949469], [127.07446730763728, 35.30768739935355]]], [[[127.06623387007102, 35.19095526731908], [127.06905229653347, 35.193717511296434], [127.07250550948363, 35.1931657767217], [127.07674308255791, 35.18938509717253], [127.07605701853281, 35.18369163389609], [127.07258764864486, 35.183096588498316], [127.07007427817493, 35.185773719543164], [127.0645219944135, 35.18654434829747], [127.06379681055834, 35.189392608773815], [127.06623387007102, 35.19095526731908]]], [[[127.05336137206491, 35.31635138740153], [127.05336661840495, 35.31924146160057], [127.05633984435957, 35.32083156504783], [127.0601232210894, 35.31792389605542], [127.06464955946674, 35.31770705555012], [127.0665355758966, 35.3152964489146], [127.06453095087159, 35.31289501939203], [127.05626810178926, 35.31271018829287], [127.05339553306676, 35.3142589275165], [127.05336137206491, 35.31635138740153]]], [[[127.0497436856699, 35.15483132312817], [127.05045120899204, 35.15856485766167], [127.05496057068825, 35.15852457780083], [127.0549094856438, 35.15193693582015], [127.0504972882645, 35.151908283832014], [127.0497436856699, 35.15483132312817]]], [[[126.9862370761756, 35.43640161205088], [126.98723845938837, 35.4383808756118], [126.99065215507147, 35.43890031261964], [126.9967612642582, 35.43269026641988], [127.00471782979454, 35.43314128302821], [127.00733310570887, 35.42980586595542], [127.01528944628993, 35.43025618623497], [127.01872093213235, 35.42680978579968], [127.02326263282681, 35.43042386124763], [127.0214690831816, 35.43356703032579], [127.02238327899036, 35.43542637072919], [127.02810160393513, 35.43628066026868], [127.02939631471376, 35.4411520840867], [127.03297494731639, 35.441768790436576], [127.03491858872914, 35.43938651477866], [127.03503600904524, 35.430226664088515], [127.0399881415167, 35.43024139452448], [127.04196125362438, 35.427847393251504], [127.03998574881483, 35.42540054309861], [127.03542072228203, 35.42579095420313], [127.03457959441371, 35.423735454368256], [127.03820293730583, 35.42014590647423], [127.03817393825054, 35.41237332746702], [127.0353259071781, 35.41079029565702], [127.03296826798936, 35.41154943983837], [127.03194967296609, 35.41621123168119], [127.02592481278263, 35.42020384250917], [127.0241594390517, 35.42304200685213], [127.01812392958382, 35.42304306344289], [127.01633251490365, 35.42018730358807], [127.01283913000574, 35.41964962772], [127.01112602172832, 35.4210815950861], [127.01081092999371, 35.424867652787654], [127.0072821405275, 35.42670096265268], [127.00019312483737, 35.42518934477026], [126.99519157638376, 35.42018831223539], [126.99169833193903, 35.41965002485664], [126.98976307749057, 35.42213656322471], [126.99330355489826, 35.42518857228138], [126.99416968862523, 35.43026060710909], [126.9871645873926, 35.431742837937776], [126.9862370761756, 35.43640161205088]]], [[[127.03041859117663, 35.461932557933736], [127.0346856128172, 35.46055154258423], [127.03295124284006, 35.45712904658412], [127.02876815495497, 35.45854796171261], [127.03041859117663, 35.461932557933736]]], [[[127.01648985145219, 35.44557396356334], [127.01443273120962, 35.44809410892457], [127.01765719361183, 35.4506343349577], [127.02434733224739, 35.44510335342219], [127.02111366584545, 35.44251254348013], [127.01648985145219, 35.44557396356334]]], [[[127.00221595945285, 35.456167954423556], [127.00648315901972, 35.454787934617265], [127.00475010700538, 35.45136502989447], [127.00056682209791, 35.452782969208634], [127.00221595945285, 35.456167954423556]]], [[[126.97943647022758, 35.42019445973027], [126.98014307740844, 35.42392824133874], [126.98457003362586, 35.42395945787505], [126.98489619699468, 35.41640532525661], [126.99073855015592, 35.415788553984044], [126.99879938015376, 35.40942919162623], [126.99969955865356, 35.40491183915166], [127.00318897779891, 35.401947341966306], [127.0013583993768, 35.39908175721907], [127.00319794469408, 35.39612810619114], [127.00218749936376, 35.39419972351968], [126.99767803195732, 35.39430982639738], [126.99755397285983, 35.39879231379214], [126.98999815552489, 35.40375077110258], [126.98973127520547, 35.410363714204315], [126.98362241926912, 35.411572928370596], [126.98356413325993, 35.41592809813599], [126.9800978863722, 35.41734085747864], [126.97943647022758, 35.42019445973027]]], [[[126.98812419908687, 35.398482928651724], [126.99238859738396, 35.39710339334353], [126.99065737643912, 35.39368025375378], [126.9864768261492, 35.39509771887677], [126.98812419908687, 35.398482928651724]]], [[[126.88425764828919, 35.34081483902607], [126.88088130031583, 35.343123268464325], [126.88154805356251, 35.345958948852086], [126.88706638208723, 35.34611031688509], [126.88967461228948, 35.34944805636274], [126.8931044881236, 35.34889229749074], [126.89316752233313, 35.33653637151974], [126.88611203262016, 35.33595350878696], [126.88439846017559, 35.337383698674124], [126.88425764828919, 35.34081483902607]]], [[[126.86848415263646, 35.32053709030533], [126.87274647623427, 35.319161755189974], [126.87102196310573, 35.315736868569246], [126.8668433511008, 35.31715021722167], [126.86848415263646, 35.32053709030533]]]]}}, {"type": "Feature", "properties": {"regionNm": "광주", "districtNm": "동구", "districtKey": "동구", "regionCd": "29110", "buildingCount": 10719, "avgScore": 17.27, "maxScore": 36.0, "dominantRiskCd": "B", "rawAvgRiskCd": "A", "avgScoreScaled": 65.7, "styleRiskCd": "D"}, "geometry": {"type": "MultiPolygon", "coordinates": [[[[126.90575792069924, 35.14903617605445], [126.90572941069712, 35.15476059708051], [126.91249401795953, 35.15971538095969], [126.91342075753114, 35.1671591538935], [126.92391341323183, 35.167763374270486], [126.9267434291089, 35.164350125211236], [126.93456803030021, 35.164838129212235], [126.94731771816926, 35.1536699502828], [126.95308875898432, 35.15277935697905], [126.9540480633456, 35.14820085418415], [126.95753733895785, 35.145186781585046], [126.95658124936224, 35.143288528819284], [126.95322117898722, 35.141998558295334], [126.95411342669682, 35.13946495330295], [126.95805787774482, 35.13626079803497], [126.96259726907165, 35.13604445562646], [126.96508153502963, 35.13337866260733], [126.96958965276795, 35.13317118821423], [126.97133312675854, 35.13176907512847], [126.97070102071642, 35.12542413278688], [126.97416940691613, 35.123942074143656], [126.9751023464661, 35.12211675703016], [126.97310517584303, 35.11965954674904], [126.96966100973252, 35.12023581389755], [126.96947642667119, 35.124779781667044], [126.9634269150828, 35.12839311471691], [126.96025110693733, 35.127579254890435], [126.96084556557305, 35.12115859490361], [126.95796884413005, 35.11947380931959], [126.94703832223142, 35.12813667269075], [126.94391780212766, 35.128044310810935], [126.94168856249718, 35.12515458613467], [126.94382755666935, 35.121940411836746], [126.94859138046556, 35.12160589840312], [126.95052985058632, 35.11922484970791], [126.9503022292921, 35.11533620779157], [126.94856638126252, 35.113892015317454], [126.94609615890695, 35.11390254075067], [126.94225448223148, 35.11686624837321], [126.93967044385394, 35.11510544336186], [126.94002866051183, 35.1106979830818], [126.94701950722533, 35.104852264356175], [126.94680128749786, 35.100912846099796], [126.94354694908402, 35.09884599596393], [126.94367926296654, 35.09611741074516], [126.94929022478739, 35.092681330811196], [126.95318802153741, 35.09566912343459], [126.96130414110061, 35.09593033524818], [126.96194701540259, 35.099988337615784], [126.96365297014263, 35.101420734132944], [126.96787502408459, 35.0999402710146], [126.9671832537415, 35.09141150363], [126.96169673997287, 35.09064531958699], [126.95913993336295, 35.08794823013345], [126.95408223942484, 35.087312913753614], [126.95325382232043, 35.08486147991472], [126.95661291423406, 35.08357399576278], [126.95756105935008, 35.08178135366258], [126.95563547774695, 35.07929383772468], [126.95148684538236, 35.08063004234371], [126.95163289234175, 35.08466625483207], [126.94459367746866, 35.085609931157904], [126.94260214292751, 35.08272910361585], [126.9392203382287, 35.0814205049243], [126.9390730761845, 35.07694038680855], [126.93674979595805, 35.07619889597701], [126.93391290756738, 35.0777813691608], [126.93456522823587, 35.08064139744749], [126.93801581709967, 35.08205656915065], [126.93716128725886, 35.08460612105738], [126.93897434617794, 35.08765636387054], [126.9370680929272, 35.08922127683612], [126.92981736147223, 35.08772377037578], [126.92687107284436, 35.089339396949754], [126.92846510545333, 35.0932273596467], [126.92685303494854, 35.0970878649933], [126.93106349508669, 35.10115073049929], [126.92334837826958, 35.10375912248842], [126.92401467220141, 35.10659468061286], [126.92746617097644, 35.10801014757219], [126.92648973505807, 35.11101253516985], [126.92155701785538, 35.110993174077485], [126.91907201616277, 35.113658084039635], [126.91357341172841, 35.11439126984099], [126.9125645075484, 35.116264849652126], [126.91916161436095, 35.12179201556797], [126.92286118104033, 35.118986972561906], [126.92609798442969, 35.11833249550082], [126.92666429848899, 35.12461805032449], [126.92334090508703, 35.126809564800766], [126.92299759448237, 35.1306456250006], [126.9198244465875, 35.13257601840078], [126.9194809463449, 35.13641206473102], [126.90641970205911, 35.14618284895561], [126.90575792069924, 35.14903617605445]], [[126.9508408390154, 35.142008360016696], [126.95200393955663, 35.14337247671185], [126.94914031264688, 35.145722442412506], [126.94400676676612, 35.14540017984236], [126.94165333487044, 35.14226872125345], [126.94551569333473, 35.138820169870314], [126.9508408390154, 35.142008360016696]], [[126.92782444644499, 35.11428537941856], [126.9261400936197, 35.11398323998018], [126.92657009934796, 35.1125110957559], [126.92830642778057, 35.112953913624104], [126.92782444644499, 35.11428537941856]]], [[[126.94419440618712, 35.075851440572706], [126.94736891122588, 35.07855072233901], [126.95055761344994, 35.07593206192905], [126.94737227582104, 35.073310718148896], [126.94419440618712, 35.075851440572706]]]]}}, {"type": "Feature", "properties": {"regionNm": "광주", "districtNm": "북구", "districtKey": "북구", "regionCd": "29170", "buildingCount": 27585, "avgScore": 16.66, "maxScore": 36.0, "dominantRiskCd": "B", "rawAvgRiskCd": "A", "avgScoreScaled": 50.97, "styleRiskCd": "C"}, "geometry": {"type": "MultiPolygon", "coordinates": [[[[126.9900013545386, 35.16340013032237], [126.9941520687275, 35.16571894266902], [126.99420878385993, 35.172958645863375], [127.00121371969276, 35.174461713940886], [126.99981717354422, 35.177747797897524], [126.99535762816899, 35.17733709853481], [126.99351250692837, 35.178851857422735], [126.99417093722234, 35.18157045163418], [126.99683670651592, 35.18290902350146], [126.99776784614392, 35.187418787891005], [127.00473472838537, 35.1879684329382], [127.00711828602687, 35.18535146335146], [127.01179105473116, 35.185072014796035], [127.01633131837858, 35.18161071111429], [127.01628275767033, 35.17213873239008], [127.01044334934285, 35.17139908662079], [127.00672682093452, 35.17429773785682], [127.00295179752969, 35.1741861601036], [127.00225605686623, 35.16638933069066], [126.99563776848483, 35.165379342245586], [126.99594921891499, 35.161545887507934], [126.99416530160872, 35.16004343640334], [126.99071958220533, 35.160620297892116], [126.9900013545386, 35.16340013032237]]], [[[126.98301726900618, 35.14618727816754], [126.98377185055669, 35.14995178558588], [126.99068525942509, 35.15047166354294], [126.99242289525816, 35.149028324461085], [126.99267730994819, 35.14532498890042], [126.99592381658147, 35.1432853199036], [126.99592391654919, 35.141280078262284], [126.99164681062355, 35.137496727808056], [126.9882457369462, 35.13697729526991], [126.98650828355655, 35.13842057736642], [126.98625361100902, 35.14212390415096], [126.98300690934073, 35.14416331442018], [126.98301726900618, 35.14618727816754]]], [[[126.9829729879365, 35.180705416753064], [126.98371477048111, 35.18453337516293], [126.98822559933063, 35.18449557965206], [126.98817987958934, 35.177907937373156], [126.98464346034186, 35.177395804800945], [126.9829729879365, 35.180705416753064]]], [[[126.97595183684244, 35.16339815614403], [126.97574462373225, 35.168317376686666], [126.97770281627761, 35.17066042360785], [126.98110546494219, 35.17014185458928], [126.98538514503875, 35.16635933348383], [126.9847534575386, 35.16356536447003], [126.98014746066292, 35.160051089422936], [126.97667054245946, 35.160618407162616], [126.97595183684244, 35.16339815614403]]], [[[126.9583899425683, 35.163393397217035], [126.96258406810945, 35.1648880034737], [126.96433771324735, 35.163395294040384], [126.96411827714624, 35.15950299260629], [126.96827327030122, 35.15781267773291], [126.97303156842928, 35.1591436888153], [126.97486142498722, 35.15767901548964], [126.9741369987993, 35.149062262068306], [126.97068538010559, 35.14851175564688], [126.96681310347655, 35.151487815706936], [126.9637517199046, 35.15065523731254], [126.96464373608278, 35.14812155826015], [126.96785689943933, 35.14609015961355], [126.9660746055233, 35.142732698299795], [126.96270409456343, 35.14325999676434], [126.95841343604712, 35.147067269432576], [126.95909243646138, 35.14987707758163], [126.9625463691796, 35.15129153741586], [126.96160744386567, 35.15373887848947], [126.9566353637035, 35.15427625138037], [126.95489698467448, 35.15571907554], [126.95557593573267, 35.15852889933901], [126.95903017300736, 35.15994345760188], [126.9583899425683, 35.163393397217035]]], [[[126.95490664722286, 35.17790792319023], [126.95490839314972, 35.180798066718495], [126.95774681370581, 35.182383048819055], [126.96165510946645, 35.17948596542314], [126.96612039719946, 35.17929917003637], [126.97133208184492, 35.17500985994367], [126.97131968154011, 35.17009575762319], [126.96848142412975, 35.16851109044232], [126.960110444833, 35.1687107933984], [126.95840169083607, 35.17014207548935], [126.95814564449844, 35.17384532297201], [126.9548969806053, 35.17588396809688], [126.95490664722286, 35.17790792319023]]], [[[126.83536588643834, 35.2268379859641], [126.83601759167365, 35.23053433076814], [126.84659370141638, 35.23923944850825], [126.85918016268637, 35.24002228291593], [126.86062190353974, 35.24500681546813], [126.86513828193232, 35.24845256943984], [126.86981425020085, 35.2487367704046], [126.87222682317724, 35.25136530382928], [126.87567720952477, 35.25079183031286], [126.87664202350038, 35.246214024546376], [126.87887695925107, 35.24550168888511], [126.8827483378206, 35.248482510449506], [126.8904985406366, 35.247968271027645], [126.89326279476755, 35.25136494837775], [126.89783809428009, 35.2515983198375], [126.90035259967765, 35.254276036260386], [126.90515474225477, 35.25446132511157], [126.90803893050261, 35.25277976675133], [126.90745393434692, 35.246358602619026], [126.91040299343774, 35.2455196662495], [126.91424145243542, 35.24878071329362], [126.91242842635829, 35.251777884984556], [126.91241133494471, 35.25762433968513], [126.91438056880295, 35.260046242228846], [126.9178376357297, 35.259498928674475], [126.92303426637986, 35.25379719260148], [126.93190853273879, 35.253739056519464], [126.93613045518507, 35.250013391937166], [126.93613206623486, 35.24795914135251], [126.93329178494484, 35.24637366784468], [126.92986340598469, 35.24695129598325], [126.92390628196466, 35.24080167809668], [126.91933151205642, 35.24056929247096], [126.91681680401369, 35.23789196399824], [126.91211051856806, 35.23769834660303], [126.9083990418134, 35.24056151231681], [126.90499917548844, 35.24096086046276], [126.90293731365051, 35.23723493566019], [126.90803530006288, 35.232664915750064], [126.9064395319613, 35.22877677133883], [126.90828439158943, 35.22586677095459], [126.90294053691106, 35.22002458453962], [126.90477013610591, 35.21731605031028], [126.90487059253503, 35.211544855696964], [126.90984649905111, 35.21100961787019], [126.9115868525921, 35.2095674560418], [126.91181217390704, 35.20562836688109], [126.90998338455374, 35.202820551290145], [126.91182752864184, 35.19991048334291], [126.91026261706568, 35.19642767777649], [126.91227375707713, 35.19528151560791], [126.9157632772475, 35.19678280499315], [126.91959487876993, 35.193854492485954], [126.92814550372054, 35.19362317850163], [126.93011525392342, 35.19451719548726], [126.93005378149094, 35.200027336360286], [126.93185999750435, 35.203026860863766], [126.92962415838913, 35.20591421730857], [126.92501093582244, 35.20616979345515], [126.923250922112, 35.20759573404059], [126.92484707989439, 35.21148367100173], [126.92301241200076, 35.21428898447672], [126.92324089051013, 35.21825391945698], [126.92499850935614, 35.21968206159388], [126.9295111331772, 35.219893459511766], [126.93321623188127, 35.22276148671862], [126.9361530604956, 35.2211702621395], [126.93682726272166, 35.21706283413669], [126.93995131149818, 35.2169734671299], [126.9409388020598, 35.21865510383891], [126.94054158154636, 35.22864024355624], [126.93653138594954, 35.23192659235643], [126.93097470234413, 35.23269108902154], [126.93030179463524, 35.23563264017992], [126.93453495378283, 35.23934953193211], [126.93793995136913, 35.23987046719981], [126.94317273575564, 35.23559534939675], [126.94366483688015, 35.23161021434148], [126.94852233202546, 35.23121088895095], [126.95372411257172, 35.226946893656674], [126.95375215889551, 35.222058389234924], [126.95011528685076, 35.2185631056572], [126.95375595861417, 35.2153595558071], [126.9540745144592, 35.20868919029986], [126.95904992654683, 35.20815192967912], [126.96078934994308, 35.20670905913933], [126.96076504757637, 35.20470484958527], [126.95714230103542, 35.201355963907645], [126.96076822090374, 35.19810612589019], [126.96080961457206, 35.196151716167634], [126.95714684569265, 35.19270296677942], [126.96102832545569, 35.1883989753679], [126.95914450941356, 35.186042908891885], [126.95664963227765, 35.185994920565854], [126.95071811560264, 35.19150297979109], [126.94464141080309, 35.19233756623243], [126.9417616058771, 35.188882324435504], [126.94343858688711, 35.18289585812559], [126.94698173412789, 35.17976771896116], [126.9431157495764, 35.17558387627353], [126.943408882873, 35.16856507632375], [126.94699109546555, 35.16534600083672], [126.94350313796421, 35.16230199257316], [126.94257168495422, 35.15774279202841], [126.94019944931934, 35.156963034611195], [126.93666351737019, 35.15846005936764], [126.93336485706102, 35.15695946848728], [126.9285680672804, 35.157138168215916], [126.92273128846784, 35.162587398806], [126.91962548583393, 35.16276641737804], [126.9186411919141, 35.15853444064746], [126.91536027863984, 35.156429580557415], [126.9151029376466, 35.15271929086554], [126.90860023173443, 35.14829025811998], [126.90498751154746, 35.151144577847475], [126.89941153904955, 35.15192584286838], [126.89844913071464, 35.156503905730794], [126.89454174303901, 35.15973933194751], [126.89123651673619, 35.161312144599016], [126.88770362288585, 35.15981010125292], [126.88537638167199, 35.16054821267629], [126.88438858125244, 35.165144350320794], [126.88027285628313, 35.16847006927696], [126.85946322198613, 35.168426142027755], [126.85556882914435, 35.17136001897586], [126.84672002382268, 35.17204285020983], [126.84248389984673, 35.1757899496257], [126.84311081155042, 35.17858464521976], [126.84874553203514, 35.17943889453515], [126.85122511164516, 35.18210847659484], [126.85596177564406, 35.18243922735766], [126.8597059088509, 35.18554198055379], [126.86002518779645, 35.18935406480017], [126.86420653871201, 35.19358173440719], [126.85814624608847, 35.194619728445836], [126.85274721067401, 35.19980228924896], [126.85298632127399, 35.20379189894421], [126.85621735774676, 35.205811054776916], [126.8571073498268, 35.21032961066682], [126.85977180118206, 35.211671191014915], [126.85949244804456, 35.214957747218094], [126.8510819691016, 35.2148015312224], [126.84942402588047, 35.21620494163322], [126.84895277683232, 35.22013966128117], [126.84409546659063, 35.220534992447575], [126.84141712076348, 35.22326024702227], [126.8370063557301, 35.223436356242736], [126.83536588643834, 35.2268379859641]], [[126.9382833940178, 35.20947468512211], [126.93666529090005, 35.20925406216681], [126.93605363613626, 35.20721191441028], [126.93972125882105, 35.20376629376901], [126.9381213462554, 35.19976184570053], [126.94002780792806, 35.19426139504812], [126.9431608435519, 35.19317653830841], [126.9459204082049, 35.19688124768239], [126.94409885434303, 35.199956775758494], [126.94591632978363, 35.203033954819745], [126.9382833940178, 35.20947468512211]], [[126.90612881685595, 35.24481692224374], [126.90592017477628, 35.24610406669272], [126.90189985510233, 35.2478134498324], [126.89943909470213, 35.24636275128068], [126.90138797039383, 35.2431919758013], [126.9038575468518, 35.24220318466099], [126.90612881685595, 35.24481692224374]], [[126.89807181197368, 35.21985262600298], [126.89932876426369, 35.22084937021618], [126.89806797550885, 35.221893843205464], [126.8968098013582, 35.22084724934891], [126.89807181197368, 35.21985262600298]], [[126.89558117242866, 35.24480828170781], [126.89528208964721, 35.24615409882845], [126.89186444462305, 35.24710403348895], [126.89031793554321, 35.2445786601982], [126.89282722969351, 35.24262106957228], [126.89558117242866, 35.24480828170781]], [[126.89104220414501, 35.21984650348377], [126.89229514078653, 35.22074888171953], [126.89120584139555, 35.222997754973406], [126.88751871523512, 35.22313082253806], [126.88659246912601, 35.22015062179356], [126.89104220414501, 35.21984650348377]]], [[[126.91265806667903, 35.229708701135195], [126.91339699033604, 35.23353705597832], [126.91791055861297, 35.233501883413474], [126.9178704961635, 35.226914274071945], [126.91433239721009, 35.22640009042934], [126.91265806667903, 35.229708701135195]]], [[[126.90981367991287, 35.21903331149473], [126.9143880881557, 35.21909795276717], [126.91439197847966, 35.21539279943396], [126.90987716017779, 35.21538952289226], [126.90981367991287, 35.21903331149473]]]]}}, {"type": "Feature", "properties": {"regionNm": "광주", "districtNm": "서구", "districtKey": "서구", "regionCd": "29140", "buildingCount": 15892, "avgScore": 16.36, "maxScore": 34.0, "dominantRiskCd": "B", "rawAvgRiskCd": "A", "avgScoreScaled": 43.72, "styleRiskCd": "C"}, "geometry": {"type": "Polygon", "coordinates": [[[126.80740389646, 35.09266545355585], [126.80408205001828, 35.0949033909123], [126.80404492865323, 35.09700164943661], [126.805844348055, 35.09841955735467], [126.81060268093364, 35.097097214214934], [126.81408089801874, 35.09880075613944], [126.81452874344414, 35.10562119499716], [126.81816674258718, 35.1089278828389], [126.81708092344897, 35.111366818166], [126.81170769670483, 35.11144026558807], [126.80751180342756, 35.115143503421514], [126.80750697178412, 35.11719778879535], [126.80930689368665, 35.118615642219304], [126.81726350975084, 35.11882411798432], [126.81872500641657, 35.12382749046066], [126.82098675531238, 35.12457867667671], [126.82481538500612, 35.123115556216085], [126.82862652577936, 35.12605845429597], [126.8280373982411, 35.13127129098993], [126.82323009174951, 35.13108022718142], [126.82125608525429, 35.13349787274129], [126.82321962850415, 35.13592129267849], [126.82802799392923, 35.135744063830494], [126.82850076100928, 35.14316403138749], [126.8335783921238, 35.14774517495672], [126.83172570635129, 35.15354525943341], [126.82852109970706, 35.15551204008582], [126.82825211084054, 35.159221762739406], [126.8247162801434, 35.162268587730196], [126.82818884347309, 35.16539384897749], [126.82921071598001, 35.17002293370361], [126.84248959499328, 35.17084833078898], [126.84248559553261, 35.174910840107266], [126.84539751394048, 35.176530603249], [126.85358607279318, 35.176364285255076], [126.85638412885694, 35.17360567270094], [126.8665458295893, 35.173671408539086], [126.86991054465464, 35.17216872178755], [126.8734436435914, 35.17367128138388], [126.87824151903759, 35.17349476677829], [126.88065982144435, 35.170871177078524], [126.88533218411752, 35.17059660571923], [126.88985477993204, 35.16716011985819], [126.89111487577026, 35.162285528314186], [126.89939357395187, 35.16195606086754], [126.91100518859466, 35.15269443456076], [126.91188356508474, 35.147992349414636], [126.90991869185913, 35.145597461760346], [126.90396576816713, 35.145592890182265], [126.8981579776811, 35.14978549445784], [126.89084133621273, 35.14495987636414], [126.89056704303454, 35.14120621231566], [126.8854835816471, 35.13655641817421], [126.89083798378884, 35.130696159025305], [126.89058633784002, 35.12678442241022], [126.8872679378747, 35.12458781133174], [126.88633696469377, 35.11725316171331], [126.87391004146946, 35.11716367014151], [126.87302267745345, 35.11230143743978], [126.86662022433892, 35.10786137146105], [126.86310771001708, 35.10936988968477], [126.85969498667659, 35.107862415870706], [126.8525473127957, 35.10784640279934], [126.84865556472913, 35.11078009342973], [126.84085535666291, 35.1109049538114], [126.83906948973375, 35.112404984734475], [126.83953081937548, 35.116101676943764], [126.83531155927187, 35.116498896379774], [126.83433934386198, 35.108951061242585], [126.83799135967124, 35.10565481863647], [126.8373004854787, 35.09993982419955], [126.83286676875369, 35.09988500408921], [126.83176594487423, 35.10459402304355], [126.82842565978926, 35.10498440737955], [126.8258670290134, 35.10168007634819], [126.83097827616781, 35.097017662683314], [126.83021865039956, 35.094112571658755], [126.82143110862305, 35.093436806706215], [126.81755202780278, 35.09049253863858], [126.80931140425501, 35.090668824406286], [126.80740389646, 35.09266545355585]], [[126.86904032697763, 35.12905571105405], [126.86933940754916, 35.12770993267558], [126.87214595428303, 35.12725584050907], [126.87481872680274, 35.13022958591434], [126.87071251840297, 35.13168750646854], [126.86904032697763, 35.12905571105405]], [[126.86946962742182, 35.16138159282387], [126.87034744113517, 35.159232237537424], [126.87390981414208, 35.15976868804175], [126.87325662798031, 35.16269424020128], [126.87034195233109, 35.16269115590467], [126.86946962742182, 35.16138159282387]], [[126.81991960958295, 35.114570860180706], [126.8203160514923, 35.113173941239985], [126.82205077521093, 35.113501459392175], [126.8216404213382, 35.114918828093295], [126.81991960958295, 35.114570860180706]]]}}, {"type": "Feature", "properties": {"regionNm": "전남", "districtNm": "영광군", "districtKey": "영광군", "regionCd": "46870", "buildingCount": 12686, "avgScore": 15.18, "maxScore": 40.0, "dominantRiskCd": "B", "rawAvgRiskCd": "A", "avgScoreScaled": 15.22, "styleRiskCd": "A"}, "geometry": {"type": "MultiPolygon", "coordinates": [[[[126.5806542200679, 35.328692682304585], [126.58815508557373, 35.33456453606889], [126.59330733734862, 35.331406939993784], [126.60231407063829, 35.3317276970056], [126.60580790730981, 35.33022810291027], [126.61045249270758, 35.331577707006396], [126.6122927293386, 35.3301186086161], [126.612541857107, 35.32623102341451], [126.60901114546645, 35.32311710761039], [126.6094670897655, 35.32028339999518], [126.6127017372179, 35.320244146966445], [126.61630518768726, 35.32311263259002], [126.62353357184153, 35.32313535489388], [126.62696468027043, 35.321642479430416], [126.63047693491895, 35.323165635279466], [126.63280056575611, 35.32234405117857], [126.63347260596589, 35.319627611470594], [126.63163128656772, 35.31810721805519], [126.62698124158791, 35.318374012640895], [126.62640226168226, 35.310809343558866], [126.62359786530261, 35.30926075039964], [126.6202661918003, 35.30988283276258], [126.61770145269604, 35.30654856087707], [126.6117680912931, 35.306520520077235], [126.60923579987696, 35.30918794028653], [126.60409028887956, 35.30949119214888], [126.60010909156671, 35.30649166848588], [126.59423653716871, 35.30645049932861], [126.59238105821946, 35.30795905799425], [126.59275694701394, 35.31172807189505], [126.58710951565038, 35.31220735479971], [126.58531456794532, 35.313703540130355], [126.5859604118583, 35.31642422948789], [126.58862380371542, 35.317771751287644], [126.58937903056145, 35.32302225320575], [126.57896585870724, 35.324275110820736], [126.57822244614486, 35.32712030595724], [126.5806542200679, 35.328692682304585]], [[126.61644228829554, 35.314469116536124], [126.61769722203266, 35.31546876053111], [126.61643136519052, 35.316510256121276], [126.61517538146826, 35.31546076126363], [126.61644228829554, 35.314469116536124]], [[126.59427625527091, 35.313042409689785], [126.59467755139137, 35.31164630347837], [126.59641556133381, 35.31197706287565], [126.59600026265323, 35.31339359187283], [126.59427625527091, 35.313042409689785]]], [[[126.62573163750328, 35.30560809295185], [126.62999721985483, 35.30424132777007], [126.62828327669713, 35.30081302525383], [126.62410127689763, 35.3022179720606], [126.62573163750328, 35.30560809295185]]], [[[126.29752661493244, 35.230680193875706], [126.29750504530404, 35.23357011334985], [126.30081175028242, 35.235782736800935], [126.30155800707934, 35.24301039762143], [126.30610928424616, 35.24653845246651], [126.31078289865829, 35.2468442335069], [126.31323779788654, 35.24949656040223], [126.31731630740028, 35.24810469049321], [126.31738255513072, 35.24321668252806], [126.31562427338291, 35.241754210422734], [126.31101177402876, 35.241469702495706], [126.30968513163157, 35.23901838422379], [126.31323509098709, 35.23734995690928], [126.31332906949788, 35.23299528897752], [126.31609624157535, 35.23209298257823], [126.32163095257579, 35.23260670885536], [126.32532996162122, 35.235743628882155], [126.32555364215733, 35.23944808479751], [126.32731205550255, 35.24091041464009], [126.34259635710114, 35.2411833574984], [126.34609096182898, 35.2396912513287], [126.34956131171965, 35.2412209895079], [126.35589166977068, 35.24049331723591], [126.3588977095319, 35.243956961212966], [126.36738614504131, 35.2445406606641], [126.36825838358948, 35.24707906734698], [126.36485881173951, 35.2483681616287], [126.36329497615144, 35.25111820580118], [126.35893698471125, 35.25063165939825], [126.35623069198328, 35.25334662412148], [126.34725814393636, 35.254024779007835], [126.34299498683623, 35.257754112325664], [126.34306094071268, 35.261773280251866], [126.339494650667, 35.262632975414334], [126.33663725082033, 35.2591974013292], [126.33312204798779, 35.25973439592383], [126.33311604970267, 35.26345762586016], [126.33911155641466, 35.26411483064514], [126.33918718740492, 35.26714327526269], [126.33561849923929, 35.27028045175403], [126.34001014248436, 35.27550273345761], [126.33574448550655, 35.27700779685509], [126.33400472838316, 35.2741604289203], [126.33171909534212, 35.273381817335576], [126.32854616780884, 35.276060630422556], [126.33048817781186, 35.27841396879908], [126.33522841326062, 35.278180670566194], [126.33736216860004, 35.281703370507316], [126.33573432796392, 35.2856777166848], [126.33992729575525, 35.28710692624394], [126.34188740549992, 35.28473586889483], [126.34007329477207, 35.28191113647652], [126.34193407591955, 35.27896766517314], [126.34106281610914, 35.27650266348064], [126.34548802519112, 35.273269243541144], [126.34382407447461, 35.26983417004027], [126.34950117242552, 35.264363999876004], [126.35582782209656, 35.263583069314635], [126.36469671720948, 35.27228028559656], [126.37005506150115, 35.27237175798657], [126.37168379638162, 35.27518279553835], [126.37511056830759, 35.2765937304143], [126.37502422515199, 35.281725116572176], [126.36813063076158, 35.28297796893612], [126.3680771911591, 35.2867009472803], [126.3750410463012, 35.28731418006468], [126.37813355733056, 35.283873316511915], [126.38197650555746, 35.28511319290227], [126.38116979370362, 35.29364666955556], [126.3846319072939, 35.296628784801754], [126.3845950254934, 35.29964963493319], [126.38098413880128, 35.29958230114069], [126.37739012487098, 35.29670687933657], [126.37437741583453, 35.298231213248265], [126.37406759603391, 35.302262805489484], [126.37588000027115, 35.305078541291806], [126.37402436570703, 35.30787531787369], [126.37396992877608, 35.31374842810801], [126.37838012200385, 35.31717142998936], [126.37755710436834, 35.33490639094907], [126.38074631559142, 35.336905180813694], [126.38105762138647, 35.340742845952505], [126.38437095129093, 35.34295321629544], [126.3844759799675, 35.35227260346061], [126.38966466557991, 35.35658936505607], [126.39222596670321, 35.35657589021026], [126.39475852626255, 35.353918895382684], [126.39923446250162, 35.353753108742744], [126.4011963185299, 35.351354030045826], [126.40031685092104, 35.34663305668636], [126.39579289110097, 35.34314990770549], [126.39093226810508, 35.342724040667086], [126.3904722345096, 35.33873650209777], [126.38719792850242, 35.33661743762213], [126.38704274837939, 35.33011658665718], [126.38341262587551, 35.32679712939255], [126.38378400330019, 35.32266979500315], [126.38705687577487, 35.320627931548216], [126.3871048966064, 35.31852997007292], [126.37942372007049, 35.31609054265025], [126.38087802805902, 35.313510922797015], [126.3854285862797, 35.31331631827095], [126.38793706442733, 35.31066263600195], [126.39245622396338, 35.31047674572562], [126.39421335952063, 35.30908309026904], [126.39426413654141, 35.304169446075164], [126.3901135544569, 35.30181586793568], [126.39110729547338, 35.29946294086551], [126.4006506490486, 35.298403669329936], [126.40488870421164, 35.29469041977371], [126.40483938169432, 35.28912209356543], [126.40709060612471, 35.287373684435806], [126.41544258106616, 35.286959731259174], [126.41833411925744, 35.290405212828446], [126.4251255998972, 35.29036382572147], [126.42889798603565, 35.29334893048701], [126.43736105469218, 35.29391848515322], [126.43710406242846, 35.296865084098044], [126.43232810342651, 35.29717937441316], [126.42706907409118, 35.30147061459308], [126.4277327260364, 35.30718754778091], [126.43002025093507, 35.30796435905606], [126.43386441078424, 35.30651376822586], [126.43770302137582, 35.30965985238502], [126.43680771618341, 35.311392076274615], [126.43228858358785, 35.31157962454593], [126.43053203867149, 35.312973838448066], [126.4320678662926, 35.31708440497407], [126.43023637005979, 35.322406834361395], [126.42696449413232, 35.3244498758661], [126.42689254806456, 35.32649767986125], [126.43447334125365, 35.33159995797193], [126.43365559086709, 35.33428303952509], [126.43546431796626, 35.33719433617223], [126.4336153429861, 35.34005128935121], [126.43675103555479, 35.34260659971564], [126.43998812336996, 35.34008098020425], [126.4381737965647, 35.33711048643954], [126.44002791845254, 35.33431272408142], [126.43953045155807, 35.33132651905346], [126.44864722786605, 35.33092646504024], [126.45158808332658, 35.327508314806764], [126.45524069569163, 35.32845533640037], [126.45479252039618, 35.33149598740109], [126.45660837829021, 35.33431053181146], [126.45472555530355, 35.34009759324286], [126.45820120631504, 35.34312842456796], [126.45818406055513, 35.345696414974086], [126.45497763049048, 35.34685117083079], [126.45211239796869, 35.343418298165936], [126.44861891144085, 35.34394050961484], [126.44764660244971, 35.34583389222863], [126.44932637705199, 35.34916264661095], [126.43978997550697, 35.357627309162105], [126.43306461331163, 35.35754936601203], [126.4296284821084, 35.359036685280095], [126.42250284492916, 35.35749936007502], [126.4178331955473, 35.36108102511544], [126.41440707334516, 35.35979621305911], [126.4150464195368, 35.35337881364584], [126.41204492957789, 35.351672991978035], [126.4091263243652, 35.353250174872066], [126.40842429483895, 35.35735435767692], [126.40024924105789, 35.35758153863376], [126.39774491504465, 35.36084227069749], [126.39318651985253, 35.36043048568477], [126.39119560528873, 35.3628679737391], [126.39433962991468, 35.36547517631501], [126.39790483911618, 35.36398197991033], [126.40138146289247, 35.365510263696635], [126.4155313149336, 35.36557952753196], [126.41902999877007, 35.364085384211606], [126.42140941693133, 35.36543132958413], [126.42620811860151, 35.36532979371969], [126.42584402825707, 35.36902484690032], [126.41780057250438, 35.369195039788636], [126.41525997667115, 35.3718582954192], [126.41073743546426, 35.37204500332539], [126.40897920056065, 35.37343887390813], [126.40896422321723, 35.37549297344487], [126.41311742844833, 35.37971140450377], [126.40539445959453, 35.382073872751214], [126.40693026699206, 35.3861847121805], [126.40504442943164, 35.391593731521986], [126.40176195143307, 35.393642762751654], [126.40172621506156, 35.39848081177015], [126.40692972748266, 35.402822432303026], [126.41170693057606, 35.40259795547636], [126.41384721932873, 35.406119299208974], [126.41222052072418, 35.41009460655275], [126.41639124168155, 35.411532663815024], [126.41837267061085, 35.40919968465205], [126.41655762877276, 35.40622889301225], [126.41841522562827, 35.40327581213154], [126.4164677088617, 35.400923879365614], [126.41147089427791, 35.40082502851846], [126.4114553859612, 35.389144407425476], [126.41609915195221, 35.385010145964046], [126.41911172339785, 35.386127109987896], [126.41940003826726, 35.389914482354214], [126.42116338126746, 35.39137546058787], [126.42361086154833, 35.39136642604203], [126.42598901032552, 35.38877262581266], [126.42933484025174, 35.38819305632095], [126.4306424202737, 35.39082336203817], [126.43321875370737, 35.39204534873866], [126.43412416365554, 35.39660810581088], [126.43974635953607, 35.39683333514087], [126.44555203490312, 35.403673290660926], [126.4436683450928, 35.40908291757994], [126.43962922561387, 35.412352480870574], [126.43613150919184, 35.412092578057035], [126.43577261043485, 35.408227345796135], [126.43406963905304, 35.40678760127906], [126.42928325976334, 35.40806639614705], [126.42573809958387, 35.40653858888388], [126.42280342357537, 35.40814052515562], [126.4227575809035, 35.413004067046906], [126.42595097065268, 35.41500167860978], [126.42623968940302, 35.418789020608344], [126.42800377887434, 35.42024989913689], [126.44672774955528, 35.42000004601174], [126.44714372524234, 35.42343248088206], [126.44357257067946, 35.426518552905996], [126.4455611079231, 35.42898432008072], [126.44806368537078, 35.42894866622753], [126.45262516670492, 35.42549400901359], [126.45348404909676, 35.41827469321878], [126.455465937749, 35.417390827475664], [126.46092725711166, 35.41783303403966], [126.46147815353483, 35.42188554042913], [126.46441027088265, 35.42349131330957], [126.4744007143986, 35.41702012119896], [126.47627050247587, 35.42279422224059], [126.48325376168962, 35.42337399363797], [126.48524343798331, 35.42093500136452], [126.48176346440316, 35.41790494930952], [126.48191187482787, 35.41517711996665], [126.490355229835, 35.4147516043167], [126.4956370765808, 35.41047174562136], [126.49566753509343, 35.405582549865706], [126.49148338374904, 35.40314025537219], [126.49220315150285, 35.39400671854215], [126.49046346546965, 35.39259693429531], [126.48574732118205, 35.39226107933668], [126.47806183292705, 35.38492712560128], [126.48249138756792, 35.37971880050162], [126.48811508972159, 35.37954373154865], [126.48862118230251, 35.374748671060125], [126.49755985290753, 35.374424571494295], [126.49940308113302, 35.3729672257235], [126.49781290670224, 35.36909938504891], [126.49967523421135, 35.366249988758526], [126.49784863106122, 35.363331102554014], [126.49947536524786, 35.359451061220014], [126.49428059284078, 35.355138963256024], [126.48959280453263, 35.35543561047239], [126.48913505099394, 35.35209404308703], [126.49249357755139, 35.349890208767484], [126.49309000949398, 35.34528267839796], [126.49630635746472, 35.345732084054035], [126.50216813897877, 35.35143543996637], [126.50039537408966, 35.354661906187296], [126.50129669908284, 35.356525135890266], [126.50582597821003, 35.360004373541976], [126.51063229547971, 35.36023362195888], [126.51642545377464, 35.35658661440075], [126.5173894320984, 35.35203190472261], [126.52090356525783, 35.349030676265116], [126.5190817872847, 35.34620859298695], [126.52093762179575, 35.343262354612904], [126.51911596975785, 35.34044027017735], [126.52096218002679, 35.33754475197201], [126.52010715768553, 35.33567230245773], [126.5142894737184, 35.33193617779257], [126.51045297256286, 35.33482783987409], [126.50410175630931, 35.33546471907673], [126.50281543967212, 35.32878469951166], [126.5085256895371, 35.32828887993489], [126.51155296497204, 35.32486508014737], [126.51660710050824, 35.32833305945569], [126.52009428047472, 35.32777903674096], [126.52030446928161, 35.3232360624586], [126.52788120416294, 35.31830702846469], [126.52632619831361, 35.31422210594826], [126.528202111861, 35.308811043211506], [126.53069597208962, 35.30770232076199], [126.53552518827249, 35.311301186769086], [126.53778955273204, 35.31054251989639], [126.53968587383703, 35.30768611723399], [126.55272430999548, 35.308426330995104], [126.55369131641052, 35.31266107688375], [126.55665442521926, 35.31426341502025], [126.56034851195774, 35.31141237780934], [126.56593853606952, 35.31064683429785], [126.56752328515547, 35.30562844774717], [126.57054929902344, 35.30568052866431], [126.57434056461942, 35.30855093139812], [126.57818964932703, 35.30563358100211], [126.58606993711801, 35.305505228839465], [126.58885770220668, 35.302120588332215], [126.5954186277247, 35.30286230130869], [126.59835738516551, 35.30123058898183], [126.59831002992772, 35.299182260745965], [126.59167029759614, 35.29438739998812], [126.59136321097284, 35.29057474299663], [126.58774849465225, 35.28738308894394], [126.59138234501299, 35.28395171005304], [126.59163017351689, 35.28028656297323], [126.59489616970072, 35.27823900780877], [126.59490683699444, 35.276096784197314], [126.58975820284697, 35.271857424229935], [126.58516992907755, 35.27221917329085], [126.57917621152613, 35.26603179729426], [126.57667868209943, 35.26607020499265], [126.57404373869983, 35.2687632655325], [126.56770180011897, 35.269326689947725], [126.5668784021879, 35.26162234695743], [126.56514021606516, 35.260213617966194], [126.56034450188318, 35.25981554244434], [126.5592028169149, 35.25500064480286], [126.54991519227238, 35.25465797826158], [126.54937373411737, 35.25004584506796], [126.54576407170907, 35.24656410459297], [126.54684719671585, 35.24432038871239], [126.55220470215974, 35.24427687575908], [126.55294823481813, 35.24143180270287], [126.54969838157918, 35.239354445686736], [126.54878811653421, 35.234792398069295], [126.541743385969, 35.228959043682984], [126.53376186331462, 35.22892856479762], [126.52602315938611, 35.23546671280431], [126.52499078207715, 35.240368136853625], [126.51458966622081, 35.239766006245716], [126.51463657522606, 35.233683672307784], [126.52417072190092, 35.23261456662905], [126.52841101911679, 35.22887137702413], [126.52787159599177, 35.22239882086288], [126.53058871074772, 35.221577705015164], [126.5356469616303, 35.22120366048724], [126.53725835316234, 35.223992348039985], [126.5394388515123, 35.224779256204364], [126.54305706998522, 35.22328943898997], [126.54646867319757, 35.22480579742954], [126.55350128344304, 35.22490885360452], [126.5626014285236, 35.2333272928147], [126.56088177398263, 35.23666933122193], [126.56287108559762, 35.239106149579506], [126.56697312757434, 35.23776241245946], [126.56684587338233, 35.23372594356713], [126.57344407342228, 35.232736914871104], [126.57412152400282, 35.224176881924436], [126.57230940024084, 35.22273099740091], [126.56307897900287, 35.22206287851517], [126.56392788987785, 35.21944983414322], [126.56711276589344, 35.21752885901229], [126.5671636042791, 35.21557464262599], [126.56046065614645, 35.2106339451141], [126.5601663022964, 35.20684675038212], [126.55851876625351, 35.205435303734], [126.55489400804704, 35.20601329875791], [126.55357810256294, 35.21088032249792], [126.54787129551487, 35.21171465413945], [126.54661225192261, 35.21656548824841], [126.54289019684188, 35.21689278169697], [126.54279544133067, 35.21056590054892], [126.54103254113429, 35.207467074989594], [126.5462248564507, 35.20318621332242], [126.55015680335691, 35.20463702592318], [126.55247336639773, 35.20385948414784], [126.55341040862382, 35.19911908321601], [126.55142381633553, 35.19670920271344], [126.54799811229245, 35.19725531382801], [126.54584114708562, 35.200151555265926], [126.53657287083325, 35.199402734915104], [126.53396966343945, 35.196690410410035], [126.53153550426525, 35.19662142842916], [126.52894334098417, 35.19929945726976], [126.52333832931988, 35.20008337439513], [126.52167834259964, 35.20574364942204], [126.5076743535069, 35.204975087574965], [126.50750661577811, 35.197991127648685], [126.50331240319608, 35.193913714235805], [126.5075214797044, 35.19134247383018], [126.5068832674287, 35.188480289825065], [126.50128864818778, 35.18765152989002], [126.49872880564308, 35.184952876371675], [126.48926795921763, 35.18497293983144], [126.48760445506748, 35.18637136403374], [126.48693316621039, 35.19102164682288], [126.47886724899158, 35.190637638438936], [126.47679155725105, 35.19304368921617], [126.48215649788987, 35.198360642010904], [126.48790464921834, 35.198930647600754], [126.48704343513938, 35.20184144448628], [126.48033379276315, 35.20205873739437], [126.4763959839191, 35.19910336957534], [126.47414486557442, 35.199879738216595], [126.47260797492052, 35.20261125618774], [126.4692877990321, 35.20196424484026], [126.46642329430158, 35.20356010892981], [126.46645600396661, 35.205633984663315], [126.46931562231251, 35.207193993564395], [126.4716330094397, 35.20641800593782], [126.47327785224874, 35.203642655998216], [126.47648420845007, 35.20453270097168], [126.47691079336391, 35.214288443381584], [126.47974097638857, 35.21588456622389], [126.48317110954228, 35.215319696249544], [126.48458970870277, 35.21842601246836], [126.4804155967744, 35.220858133900116], [126.47958467933844, 35.22505596238284], [126.47645507445877, 35.22504246765305], [126.47273305881264, 35.222161758943976], [126.4669100906597, 35.2258478744794], [126.46624818280148, 35.22861323797103], [126.46949545517516, 35.2306928176091], [126.47130034934021, 35.236503203135634], [126.46569553406347, 35.242129033714974], [126.4618446414994, 35.24379589489383], [126.4583358959924, 35.241947168512446], [126.45824208091898, 35.23938310593415], [126.46336437506726, 35.23868512737817], [126.46532008710493, 35.23625781961113], [126.46179892477785, 35.233139639838384], [126.46156200855721, 35.22942857751432], [126.458023278021, 35.226396659204866], [126.45840437319858, 35.21892142131483], [126.45658213606156, 35.216056070296375], [126.45843281573785, 35.21325793923135], [126.45823792219791, 35.20931787417017], [126.45532166372348, 35.20766326868603], [126.44466733593943, 35.20799711114989], [126.44262276985205, 35.20157120082651], [126.44427460401957, 35.19776723365889], [126.44101443450282, 35.19563713506662], [126.44008866353079, 35.191054093757955], [126.4320620090769, 35.19101671743423], [126.43110376623665, 35.198387949762136], [126.42777887273638, 35.20052491085913], [126.42853642479423, 35.203406881139124], [126.43446446560749, 35.20449288662058], [126.43419922810634, 35.208023948157035], [126.42845200951518, 35.20828721670016], [126.42743791494914, 35.21287939094063], [126.42483181390716, 35.214018235654564], [126.42131613709553, 35.21057875479585], [126.4171395005465, 35.21206105977511], [126.41786231955513, 35.21486257218803], [126.42321698279538, 35.21495165489847], [126.42484644391867, 35.217762010247775], [126.42810374461264, 35.21892475287589], [126.42764839390759, 35.22271840327003], [126.43178211763502, 35.225046108081], [126.4306914439686, 35.22804079784928], [126.4238178071549, 35.22772894082472], [126.42115319728757, 35.224986874318624], [126.41329366791159, 35.22479412131146], [126.41244554978854, 35.2205913455104], [126.40827990637088, 35.21686135299008], [126.40144301080275, 35.21560306226029], [126.40201110846792, 35.20905323031453], [126.39784525722845, 35.20515998249071], [126.40559509471863, 35.19948787141823], [126.40493477832548, 35.19667512537845], [126.40141321363767, 35.19496912466175], [126.40564680221438, 35.190860821985346], [126.40499786736967, 35.188022587151906], [126.40150223116002, 35.1874173385521], [126.39919425428849, 35.18996517520397], [126.39629213929267, 35.19082307307655], [126.39343479486766, 35.18738880044647], [126.38917104896416, 35.187877267917195], [126.38643005279864, 35.184469232705645], [126.38100532138404, 35.1840982178169], [126.3811450194211, 35.18010560215977], [126.37707223454372, 35.177902319905016], [126.3769799932021, 35.17344017915496], [126.37469674440335, 35.17266239165431], [126.37064137965754, 35.17403622545397], [126.36906045795399, 35.172463930232155], [126.37090807908126, 35.16957063625665], [126.36997495364484, 35.16761715598431], [126.36062977466747, 35.16682791751395], [126.35781121892121, 35.16835291978333], [126.35779437567273, 35.170495100332815], [126.35949526261489, 35.17186258785765], [126.36475648330513, 35.17216940529083], [126.36539115869148, 35.1733586753547], [126.36122344536611, 35.177067830347156], [126.36078284264019, 35.18097925449556], [126.3549115116917, 35.18192871489121], [126.35413607480199, 35.18485303421072], [126.3558689828333, 35.186264758747356], [126.36066561686951, 35.18647160309745], [126.36604102592584, 35.183332313333366], [126.37204060075615, 35.1868481267162], [126.37141553692793, 35.19232427245914], [126.36808935462342, 35.19445958327694], [126.36807675850993, 35.1993479548982], [126.37213006141941, 35.2007840028219], [126.37646993703271, 35.19780784509453], [126.38162901611659, 35.20120116059518], [126.3820739964679, 35.20516421706856], [126.38530722170873, 35.20722043530332], [126.38620803358573, 35.21178364278344], [126.39220011773413, 35.2123856245233], [126.3925299964846, 35.21675421315041], [126.39611162370443, 35.219856790805885], [126.39559171069364, 35.224422102946235], [126.39190394510413, 35.22512452897995], [126.39138256006265, 35.22053734911717], [126.38968426551423, 35.21909698160585], [126.38131652175477, 35.218653026000915], [126.3808934124262, 35.21180581860871], [126.37568452054516, 35.20747692576913], [126.37315770144957, 35.20750185155078], [126.36866516779627, 35.210892717887695], [126.367611162846, 35.215548794596785], [126.36372557169724, 35.217375679587434], [126.35701881299282, 35.215814214829486], [126.35342930622431, 35.212938089810855], [126.33606192875835, 35.212858137045586], [126.33460578542945, 35.20788738249748], [126.32877277430575, 35.20414358949133], [126.32585792132609, 35.20571884137593], [126.32559841821042, 35.20938337086321], [126.3229207630527, 35.210706861577634], [126.322239335074, 35.21342153101676], [126.3240724667935, 35.21494657824402], [126.3287276437836, 35.21363792417461], [126.33223139751912, 35.215295263762854], [126.33311367891517, 35.22116365609488], [126.32661234561624, 35.22170909544451], [126.32287808336324, 35.21873015536397], [126.31833634603073, 35.218486846969384], [126.31687980481698, 35.21636190401927], [126.31352707748918, 35.21505426611616], [126.31346033005983, 35.210612367171535], [126.30999564739983, 35.209995514085726], [126.30819698845146, 35.21339188571947], [126.31226963090054, 35.21559747069683], [126.31166256920406, 35.219180146210945], [126.31490545916043, 35.22126382944285], [126.3148838762892, 35.22383180271], [126.30765584204187, 35.22572076081561], [126.30278291484926, 35.22439618765655], [126.29817270451635, 35.227871430102304], [126.29752661493244, 35.230680193875706]], [[126.58463937128039, 35.27713204391118], [126.58582735531694, 35.2761036527499], [126.58712846612116, 35.277141618154765], [126.58581683191838, 35.278170652553165], [126.58463937128039, 35.27713204391118]], [[126.58343787148169, 35.27337696736827], [126.58512420494972, 35.273683876253024], [126.58468717581121, 35.2751547304127], [126.58294930482947, 35.27470698914281], [126.58343787148169, 35.27337696736827]], [[126.56583737028498, 35.276199354559004], [126.56745575626505, 35.27642493457103], [126.5680586600061, 35.27846887248399], [126.56801545704151, 35.28442996433543], [126.56646399884772, 35.286755641014295], [126.5600713442542, 35.282739552026996], [126.55907726020655, 35.277773879008244], [126.56583737028498, 35.276199354559004]], [[126.55438805780922, 35.27287571967812], [126.55408323468136, 35.27422065289284], [126.5512699171683, 35.27466732061393], [126.54860431491817, 35.27168654842391], [126.55187497425713, 35.27070997519772], [126.55438805780922, 35.27287571967812]], [[126.54460276948676, 35.28357591650231], [126.54625467455665, 35.27974069775485], [126.54994331980993, 35.279890911433725], [126.55060894019593, 35.282801822550965], [126.54646504710794, 35.28452237438691], [126.54460276948676, 35.28357591650231]], [[126.5458860009187, 35.288529830055865], [126.54719501253909, 35.28750591284839], [126.55002528605011, 35.288704431366064], [126.54950004341103, 35.29455889585965], [126.54587715827864, 35.294141287953465], [126.5458860009187, 35.288529830055865]], [[126.54664351487283, 35.26834493144935], [126.54545515414776, 35.26937293634673], [126.54415470302355, 35.2683345262759], [126.54546669926403, 35.2673059446034], [126.54664351487283, 35.26834493144935]], [[126.54401482109277, 35.2411100558961], [126.54329292408958, 35.24261043547982], [126.53409878234955, 35.24290373631032], [126.53172175480805, 35.240838153487765], [126.53777136060387, 35.23601730687483], [126.54401482109277, 35.2411100558961]], [[126.54340166154093, 35.21929998093846], [126.54221398259412, 35.220327967444376], [126.5409143489464, 35.21928952041417], [126.54222558896399, 35.218260959851214], [126.54340166154093, 35.21929998093846]], [[126.53939761700484, 35.305812929733435], [126.53832890864162, 35.30683503407579], [126.53231787297976, 35.30669043600649], [126.531913280767, 35.302332278250205], [126.53889998229066, 35.30267974774486], [126.53939761700484, 35.305812929733435]], [[126.52516706991146, 35.27717871750879], [126.52391737455261, 35.27627256728154], [126.52461303517522, 35.27300074175328], [126.52129866899863, 35.27079418032432], [126.52113000078555, 35.26721847667538], [126.51785509975296, 35.26510292033157], [126.51755189407535, 35.26087628587236], [126.51865000036757, 35.25926312459737], [126.52251543836005, 35.25951766970673], [126.52229710120858, 35.26348425639794], [126.52520573102672, 35.265111676074916], [126.52756176496877, 35.2642935620881], [126.52822189973188, 35.261527865000446], [126.52414103519084, 35.25932949190081], [126.52404070813492, 35.254867453447766], [126.51846344463475, 35.254059645009285], [126.51762669819414, 35.25212903847164], [126.5197588973174, 35.2503968760432], [126.528871907053, 35.250704650374544], [126.53259754329599, 35.249226957852706], [126.53710710169997, 35.25154527324322], [126.53617673730798, 35.253909945706624], [126.53800261906986, 35.256774109761594], [126.53614418155455, 35.25962417799445], [126.53607811572874, 35.27121518821835], [126.53990096937979, 35.27576824504034], [126.53904436711578, 35.27721394390136], [126.53231166396654, 35.27871413338592], [126.52516706991146, 35.27717871750879]], [[126.53768679335319, 35.21845885227243], [126.53800996261651, 35.219825299724754], [126.53622816287398, 35.220124461482634], [126.53597742575965, 35.2186227477627], [126.53768679335319, 35.21845885227243]], [[126.52655408408265, 35.22085302652536], [126.52633951725119, 35.22213948449551], [126.51672365315768, 35.22841420227609], [126.51139191325007, 35.227965610826814], [126.51083971782377, 35.223913192443675], [126.50666386517095, 35.22140226324764], [126.5076495403802, 35.21643259902502], [126.51147540057298, 35.21451324924757], [126.51488604052732, 35.216030492289974], [126.52181717182258, 35.216085321780774], [126.52655408408265, 35.22085302652536]], [[126.52173689494583, 35.20767705897036], [126.52292464358494, 35.20664927177867], [126.52422384631342, 35.20768791070562], [126.52291255306622, 35.20871627764611], [126.52173689494583, 35.20767705897036]], [[126.52161598433274, 35.28293324703928], [126.52036274106835, 35.28193261341795], [126.5216292742169, 35.280892122586906], [126.5228835102565, 35.281942581797956], [126.52161598433274, 35.28293324703928]], [[126.51410644468699, 35.30859609747743], [126.51529577727781, 35.30756841489421], [126.51795122514766, 35.30847375308171], [126.51809971943118, 35.31149972673812], [126.51449541179451, 35.31227471193596], [126.51410644468699, 35.30859609747743]], [[126.51381802610938, 35.24380294233996], [126.51688427590811, 35.24477788747276], [126.5152565931808, 35.246849875958496], [126.51273089388624, 35.24551455560757], [126.51381802610938, 35.24380294233996]], [[126.49790281385823, 35.307265505171024], [126.49729018754967, 35.308739288617325], [126.49255648642638, 35.308589234396266], [126.49269056516263, 35.303943689721244], [126.49631807928819, 35.30087421798385], [126.49666794634855, 35.29706407554019], [126.5015500338338, 35.29310845209376], [126.5042605458373, 35.29429403226211], [126.50517111353253, 35.299365052399324], [126.49810196101423, 35.30381511509659], [126.49790281385823, 35.307265505171024]], [[126.50057114773392, 35.32584849850074], [126.4995016883103, 35.32687025019336], [126.49550305884237, 35.326290201811055], [126.49299757653102, 35.328946135663806], [126.48614200643851, 35.33044794523536], [126.47930582118153, 35.32888794338713], [126.47786725490666, 35.32648276576763], [126.48071997752602, 35.32520731744231], [126.49188246894471, 35.32482831594221], [126.49302399735375, 35.31723855557927], [126.49803890684343, 35.3167088506196], [126.501306900521, 35.313283658404295], [126.50422637127583, 35.31466187142198], [126.50448444641246, 35.32158548584246], [126.50057114773392, 35.32584849850074]], [[126.49896104067727, 35.214222320322385], [126.4972762740635, 35.21391422027149], [126.49771453633436, 35.21244367686805], [126.49945060038937, 35.21289263236006], [126.49896104067727, 35.214222320322385]], [[126.49772447949384, 35.33610713045365], [126.49732139451912, 35.33750289508209], [126.49558325983914, 35.33717071148839], [126.49600043252971, 35.33575454782031], [126.49772447949384, 35.33610713045365]], [[126.49844885053474, 35.20892321915759], [126.4966896349806, 35.209129937615245], [126.4964514027779, 35.207691180891636], [126.49822050285951, 35.207502349216504], [126.49844885053474, 35.20892321915759]], [[126.49486318339403, 35.220445460417004], [126.48928670031748, 35.21888977756253], [126.4905658640513, 35.21535103783079], [126.49748701467618, 35.215584814393075], [126.49774046134183, 35.2188727047036], [126.49486318339403, 35.220445460417004]], [[126.4954756449151, 35.22405886799423], [126.49382251756647, 35.227893418460944], [126.49013635047389, 35.227741513009306], [126.49032154004614, 35.22471687367306], [126.49361534341904, 35.22311163213916], [126.4954756449151, 35.22405886799423]], [[126.49501090236788, 35.2063041204362], [126.4946084411896, 35.2076999109049], [126.49287308216253, 35.20736770457835], [126.4932896087347, 35.205951514740015], [126.49501090236788, 35.2063041204362]], [[126.49257550837943, 35.25785761127046], [126.49297826286039, 35.25646184148724], [126.4947146656775, 35.256794052419366], [126.49429789279021, 35.258210233309505], [126.49257550837943, 35.25785761127046]], [[126.48116859866865, 35.248758702731315], [126.47955101507232, 35.2485319740918], [126.4783901444343, 35.24563157408284], [126.48261232562277, 35.24313120401258], [126.48314834816985, 35.23571440986098], [126.49358911309125, 35.235553692411344], [126.49410051909291, 35.239047508863656], [126.48729986481734, 35.24396170371109], [126.48673560280967, 35.24856265849498], [126.48116859866865, 35.248758702731315]], [[126.49236278986938, 35.199724034006714], [126.49204046240672, 35.19835746716731], [126.49382193980121, 35.19805895203321], [126.49407184104442, 35.199560751219714], [126.49236278986938, 35.199724034006714]], [[126.48920340007665, 35.403409333419475], [126.49045464508069, 35.404315836506996], [126.48946549419404, 35.4092851785008], [126.48497526491572, 35.40955617934906], [126.48454262806855, 35.40392912091969], [126.48920340007665, 35.403409333419475]], [[126.49043463631844, 35.207285993636006], [126.49168637132479, 35.20828693687739], [126.49040761198493, 35.21115785110049], [126.48689567790903, 35.21055855413395], [126.48674848126404, 35.20753250306205], [126.49043463631844, 35.207285993636006]], [[126.48285125108065, 35.29431073675891], [126.4816017717857, 35.29340415367122], [126.48258990172687, 35.28843477302614], [126.48707343442204, 35.288163798640404], [126.48667310769912, 35.293904513166375], [126.48285125108065, 35.29431073675891]], [[126.48269681911752, 35.2680863138413], [126.48388594602984, 35.26705893157748], [126.48653971871369, 35.267964951336914], [126.4866869883593, 35.27099097337576], [126.48299715331913, 35.271111696462064], [126.48269681911752, 35.2680863138413]], [[126.48508972682087, 35.25280852942941], [126.48677524775299, 35.253116803571814], [126.48633656046522, 35.25458729396602], [126.48459968536987, 35.254138146518294], [126.48508972682087, 35.25280852942941]], [[126.47795484229563, 35.344322719180944], [126.47817052022398, 35.343036382176145], [126.48060927330125, 35.3425122113886], [126.48378067939952, 35.343625417178565], [126.48093620882175, 35.3465108302697], [126.47795484229563, 35.344322719180944]], [[126.47788060463719, 35.35585927906494], [126.47828411840898, 35.35446358713273], [126.4800225486776, 35.35479602109183], [126.47960499569471, 35.35621212194866], [126.47788060463719, 35.35585927906494]], [[126.46830777221119, 35.366353380060524], [126.46705735855872, 35.36544664916354], [126.4679560102477, 35.36065531737503], [126.47137032350238, 35.35934868839055], [126.47567068116797, 35.3633949907291], [126.4774092772386, 35.36938952161073], [126.4748632578856, 35.3707036322179], [126.46830777221119, 35.366353380060524]], [[126.47707794067802, 35.33815274867204], [126.4753906983855, 35.33784432878042], [126.4758300520357, 35.3363739038844], [126.47756862910748, 35.33682318592324], [126.47707794067802, 35.33815274867204]], [[126.47141180440482, 35.34200754393199], [126.47191102426781, 35.340072877663694], [126.47478664443304, 35.3391321004821], [126.47676334669784, 35.34241531837748], [126.4736793721866, 35.34360469540672], [126.47141180440482, 35.34200754393199]], [[126.46994420046094, 35.352542785507424], [126.46815245784127, 35.352056387250826], [126.46842225606261, 35.34864538554898], [126.47563409427664, 35.34881331974633], [126.4753525154534, 35.35249041597416], [126.46994420046094, 35.352542785507424]], [[126.47312181387315, 35.32130178409981], [126.47136010423405, 35.321508108858225], [126.47112201689961, 35.32006932996247], [126.47289361867855, 35.31988089379592], [126.47312181387315, 35.32130178409981]], [[126.47316150162597, 35.3244656653149], [126.47275805577488, 35.32586134758863], [126.47102027474844, 35.32552881322074], [126.4714378123681, 35.32411273477521], [126.47316150162597, 35.3244656653149]], [[126.44603817475344, 35.37879118095278], [126.45084193462598, 35.37441749130531], [126.45730346574645, 35.37374262867689], [126.45901176233357, 35.376601611267546], [126.4645222598697, 35.37736309628911], [126.4683856683427, 35.38050798659174], [126.47025391932209, 35.386663599974696], [126.46682057419925, 35.390116380050195], [126.46439818786718, 35.389070103781414], [126.46408278073942, 35.385232645975904], [126.45895584152288, 35.38097025359906], [126.44770167653112, 35.38142864925205], [126.44603817475344, 35.37879118095278]], [[126.46494176752036, 35.255451804616015], [126.46536103676672, 35.25358835131104], [126.46849154695623, 35.25194395958377], [126.47101364537936, 35.25306872149148], [126.46882013796359, 35.26022725588166], [126.46525348530845, 35.25928352224145], [126.46494176752036, 35.255451804616015]], [[126.46729500339073, 35.27172316833029], [126.46848527723077, 35.269208200994925], [126.47101096917409, 35.27054443974862], [126.46938160307027, 35.27261578785387], [126.46729500339073, 35.27172316833029]], [[126.47020776215622, 35.31216475809174], [126.46852108580045, 35.31185624595669], [126.46896041679851, 35.31038583957598], [126.47069840017025, 35.31083521713461], [126.47020776215622, 35.31216475809174]], [[126.46967998652896, 35.31868198011443], [126.46539943343912, 35.32278571904376], [126.46632170264537, 35.32466940645717], [126.46978827741073, 35.326167435096266], [126.46862726063524, 35.33155364963918], [126.46542636902936, 35.331785435278185], [126.46273799053341, 35.32903327218061], [126.45706422467111, 35.328500358087325], [126.45768473971646, 35.32558482958537], [126.45596297093172, 35.322394067771185], [126.45825060870534, 35.31965078300375], [126.46386446195461, 35.3188699730526], [126.46513008749459, 35.31402013757266], [126.46873146327147, 35.31352686024271], [126.46967998652896, 35.31868198011443]], [[126.4620292497781, 35.402010880436286], [126.45734668627445, 35.40065299933194], [126.45753357529374, 35.397628510815245], [126.46458346359279, 35.39707551743878], [126.4649136358139, 35.40043901486243], [126.4620292497781, 35.402010880436286]], [[126.44982254767007, 35.411132087492575], [126.45414955016209, 35.40615864930682], [126.4611490712613, 35.40586945473954], [126.46078636601938, 35.409564601242046], [126.45623054203428, 35.409761991903665], [126.45232705869367, 35.4127212400993], [126.44982254767007, 35.411132087492575]], [[126.45653802816933, 35.25153486428532], [126.45492046248482, 35.25130780663411], [126.45432124676019, 35.24916673461509], [126.45684106536416, 35.2472182617649], [126.45977722893737, 35.25004482882455], [126.45653802816933, 35.25153486428532]], [[126.45646100954966, 35.26307156129824], [126.45484321528153, 35.26284450097701], [126.45427971660617, 35.26051273431491], [126.45784529333093, 35.2583146774879], [126.45910394166224, 35.26101270382302], [126.45646100954966, 35.26307156129824]], [[126.45263828391198, 35.321937347760134], [126.45307253166862, 35.323134334756226], [126.44999096924623, 35.32665779741686], [126.44521040552542, 35.3231972570872], [126.44053182388102, 35.32289662589006], [126.43977134975029, 35.32139908697024], [126.44010850103776, 35.314381991798925], [126.44345244953963, 35.31220395998322], [126.44381916531903, 35.30836954399842], [126.44701034346782, 35.30645181346605], [126.44697245347464, 35.300859031456916], [126.44922311117965, 35.2991098360581], [126.45139350609055, 35.29975142926773], [126.45169405253053, 35.303564380322676], [126.45530408727201, 35.30676005290021], [126.45140095208835, 35.31118608773471], [126.45134215154818, 35.31989270583357], [126.45263828391198, 35.321937347760134]], [[126.44684245978681, 35.368875761720545], [126.44803352897948, 35.36784876650402], [126.44933431554541, 35.36888819648134], [126.4480194569625, 35.36991569284305], [126.44684245978681, 35.368875761720545]], [[126.44395362380972, 35.27656721591087], [126.44514336018612, 35.27554022144083], [126.44779696544175, 35.276447088369395], [126.44794280460248, 35.27947314050661], [126.4434052929419, 35.27947181897967], [126.44395362380972, 35.27656721591087]], [[126.4391599174082, 35.271596015837666], [126.4405785455696, 35.26797518684508], [126.44378250985352, 35.26603305855475], [126.44413466413567, 35.26222306695804], [126.44780061782593, 35.26196829805429], [126.44851558348537, 35.26673342114912], [126.44488782402432, 35.26980147409635], [126.44436774989397, 35.27433386387662], [126.44086917970905, 35.27386612768604], [126.4391599174082, 35.271596015837666]], [[126.44550795318818, 35.38530820425409], [126.44719606162109, 35.38561704681029], [126.4467559113048, 35.38708734856832], [126.44501643671012, 35.38663761879021], [126.44550795318818, 35.38530820425409]], [[126.43901509495093, 35.37587457673049], [126.4393222238245, 35.374529976336305], [126.44213959187913, 35.37408595662195], [126.44480456992837, 35.377069020819185], [126.44067830827547, 35.37851214034035], [126.43901509495093, 35.37587457673049]], [[126.38551727865475, 35.27185639378935], [126.38405739851571, 35.27221147760635], [126.38238474286793, 35.27069315000796], [126.38394765672264, 35.2665537388646], [126.3822444020789, 35.26518659142094], [126.37744939267296, 35.264781272923386], [126.37731508636348, 35.26143322827239], [126.38686131254885, 35.26083945109966], [126.39108368478341, 35.257151098546785], [126.39051154219952, 35.253598335824535], [126.39461030696143, 35.25144430722978], [126.39544588284456, 35.2472471254596], [126.39902003132084, 35.24712171770197], [126.3992567984602, 35.25420785564682], [126.40256788676083, 35.25642663215499], [126.40336235319059, 35.26374487212313], [126.40899810038859, 35.264619587025415], [126.41271975357724, 35.26750223275551], [126.41566083061052, 35.265874970777105], [126.41635753584616, 35.25834103159293], [126.42333111676113, 35.25890051710629], [126.42621356454714, 35.25736679474024], [126.42650152052427, 35.2479805994215], [126.43042784871957, 35.24463975565669], [126.44562195274312, 35.24512426706061], [126.44464210000449, 35.24773121863221], [126.44150955414011, 35.24959612664298], [126.44115733986023, 35.253406117895885], [126.43795381504677, 35.25534818475741], [126.43753072181289, 35.259235413512066], [126.43265086948038, 35.259664943220265], [126.43088115248393, 35.26108363998469], [126.43091296021589, 35.263157497446905], [126.43415363115399, 35.26523122070645], [126.43408602992454, 35.26771168497453], [126.42901263820846, 35.26832132583414], [126.42446514926793, 35.271740347964496], [126.42383659266507, 35.27660612497674], [126.4149447319626, 35.27688611977246], [126.41101500512175, 35.27985313289145], [126.40214025286615, 35.279449422396524], [126.40167869544354, 35.27670291194323], [126.40498960184385, 35.27456978100039], [126.40506203459135, 35.27252197744581], [126.39761031197956, 35.26757807106462], [126.39808130088741, 35.2638091697692], [126.39517530224086, 35.262178718345076], [126.389339143407, 35.262935516090174], [126.38841346147494, 35.26479036412443], [126.39018053570342, 35.26794214663218], [126.38551727865475, 35.27185639378935]], [[126.4394577913626, 35.22833347493315], [126.44120908689987, 35.223847156413605], [126.44479938469655, 35.2246530867034], [126.44449725834976, 35.23121435929361], [126.44116617078782, 35.23060359039678], [126.4394577913626, 35.22833347493315]], [[126.43050896823483, 35.37590864021144], [126.4290473987141, 35.376264245086205], [126.42737177635708, 35.37474653712227], [126.42944981151189, 35.37160623263036], [126.43658542637445, 35.37099040142193], [126.43749716277699, 35.37455831270369], [126.43050896823483, 35.37590864021144]], [[126.42955761113713, 35.28701692201169], [126.4299778616948, 35.285153610092834], [126.43185088378955, 35.28459880632431], [126.4368847371976, 35.28490103390013], [126.43786260368189, 35.28658668730364], [126.43545823319356, 35.288631872921144], [126.43053484077895, 35.28836264520031], [126.42955761113713, 35.28701692201169]], [[126.43099737938778, 35.38409195402351], [126.42937725307397, 35.38386453567839], [126.42878798368533, 35.381916140134116], [126.43022683832332, 35.379309203150484], [126.43309098992795, 35.38027597230621], [126.43424072954726, 35.3824139346239], [126.43099737938778, 35.38409195402351]], [[126.43018813146439, 35.23323929920472], [126.4313773989876, 35.2322124284297], [126.43267582519823, 35.23325203857488], [126.43136297482432, 35.23427939532188], [126.43018813146439, 35.23323929920472]], [[126.42895397333487, 35.2352510758704], [126.43057114358318, 35.23547847752213], [126.43113379860431, 35.237810356231144], [126.4275684172358, 35.240007635113955], [126.42575714667933, 35.23655475003498], [126.42895397333487, 35.2352510758704]], [[126.40032457393143, 35.24550084864226], [126.3953870622582, 35.24199753679951], [126.39176537035871, 35.2434829016707], [126.38829411357534, 35.241954365089526], [126.37790724434394, 35.241881696465725], [126.37547128493927, 35.23921431475743], [126.37111511831056, 35.23903617748522], [126.36846277755562, 35.23629369291068], [126.3636954093907, 35.235932109798185], [126.35647567993306, 35.22991141399122], [126.35643609644227, 35.22726025539035], [126.36014835525559, 35.225349846628696], [126.36367417043111, 35.22686720563327], [126.37083180728244, 35.2269121497178], [126.3747461119534, 35.2239940568976], [126.38468740303033, 35.22411883411353], [126.38520836233012, 35.22700633150447], [126.38186553283137, 35.229191698816294], [126.38243082223659, 35.23273093866922], [126.37905670625732, 35.23400235173561], [126.3780941160333, 35.235790306752286], [126.38122289043125, 35.23850274999636], [126.38565870017561, 35.2348732811173], [126.39058165522152, 35.238352138993996], [126.39650982486, 35.23839098173877], [126.39914358870708, 35.23506875305903], [126.40469293743782, 35.234908868204826], [126.40557153591806, 35.23304410817809], [126.40376614606899, 35.230132347586505], [126.4052703415057, 35.228625344792086], [126.41286487525714, 35.23007697214107], [126.41679793354025, 35.233421972254966], [126.41694057905174, 35.239873058377675], [126.42020186338412, 35.242003800675164], [126.42012246534463, 35.244654372649634], [126.40994915304516, 35.24569153969145], [126.40809140193772, 35.242818821771934], [126.40580591443167, 35.24204160741103], [126.40032457393143, 35.24550084864226]], [[126.41638189747906, 35.38160962507305], [126.41461874287042, 35.381815107033404], [126.41438150138727, 35.38037623851313], [126.41615454264385, 35.38018864954117], [126.41638189747906, 35.38160962507305]], [[126.39889810598628, 35.22994031718246], [126.40014904753362, 35.23094219569798], [126.39886671140461, 35.23381209784141], [126.3953545147038, 35.23321014449456], [126.39444619817566, 35.23022632623886], [126.39889810598628, 35.22994031718246]], [[126.38711751453013, 35.18889814077559], [126.38865632628489, 35.18905040047484], [126.39092645886836, 35.19220556421612], [126.39557536256709, 35.19190089820172], [126.39752401520258, 35.19621106125215], [126.3955057220964, 35.19734861744357], [126.39202592608278, 35.19583241283173], [126.38859592965144, 35.19731866653131], [126.38509177174643, 35.19566294925322], [126.38447515139418, 35.19095545613848], [126.38711751453013, 35.18889814077559]], [[126.39403396342591, 35.268941251416464], [126.39443846059558, 35.267545829026595], [126.39617467681843, 35.26787945189149], [126.39575613470683, 35.2692952737258], [126.39403396342591, 35.268941251416464]], [[126.39355072642009, 35.21085592864105], [126.3918664485179, 35.210546366095606], [126.39230658714659, 35.20907622167307], [126.39404197780685, 35.20952668257178], [126.39355072642009, 35.21085592864105]], [[126.38602245129175, 35.27715585020718], [126.38433683583122, 35.276846172575425], [126.3847774864982, 35.275376076623886], [126.38651424146856, 35.275826654522746], [126.38602245129175, 35.27715585020718]], [[126.38396685373208, 35.302234725437074], [126.38515771941734, 35.30120833662577], [126.38645663601018, 35.30224843608264], [126.38514208301763, 35.303275262628304], [126.38396685373208, 35.302234725437074]], [[126.38441714093416, 35.285197109878894], [126.38316557157397, 35.28419507115854], [126.38443387489555, 35.2831560344497], [126.38568635312673, 35.28420789905696], [126.38441714093416, 35.285197109878894]], [[126.36957328403503, 35.24862655271592], [126.36988104708273, 35.24728210726646], [126.37246192165993, 35.24681013921401], [126.37482497576916, 35.248686044014185], [126.37441332801907, 35.25299663275599], [126.37081671162613, 35.254893894254835], [126.36845184955523, 35.25331576236334], [126.37028483191861, 35.25032690528096], [126.36957328403503, 35.24862655271592]], [[126.3275263264477, 35.23109473414649], [126.32774405160326, 35.22980866321981], [126.33371887903596, 35.22642276672857], [126.33789140071995, 35.229411016383644], [126.34044868907749, 35.229398594814775], [126.34321332064236, 35.223161606926574], [126.35090524272456, 35.224549862958206], [126.3497555022016, 35.23059867301608], [126.34494371681818, 35.230388587836], [126.34221851812194, 35.2331140791192], [126.33550362584032, 35.2330308185854], [126.33183718076539, 35.23449523068657], [126.3275263264477, 35.23109473414649]], [[126.34373372616137, 35.219720524774125], [126.34197391938069, 35.21992498827281], [126.34173839306845, 35.21848595749374], [126.34350805146062, 35.21829939296493], [126.34373372616137, 35.219720524774125]], [[126.31206311477285, 35.231361170872816], [126.31165740041699, 35.232756312558784], [126.30992229682381, 35.232421487304485], [126.31034212636942, 35.23100596821575], [126.31206311477285, 35.231361170872816]]], [[[126.56816181459203, 35.244277243421635], [126.56982538859695, 35.24777477809674], [126.57757732876664, 35.24728058876388], [126.57932508544569, 35.25012453055385], [126.58154643398609, 35.25089825293356], [126.58453836545975, 35.24929258207245], [126.58383623779096, 35.24641680488537], [126.57837186180069, 35.24629012082256], [126.57581082622407, 35.242954951224846], [126.56994288042816, 35.24291263437574], [126.56816181459203, 35.244277243421635]]], [[[126.57699845890266, 35.20449768977168], [126.58125953113472, 35.203132589294], [126.57954973090932, 35.199703567530406], [126.5753721144821, 35.20110688340688], [126.57699845890266, 35.20449768977168]]], [[[126.56831385863161, 35.208874452853415], [126.56830190400925, 35.211764510867724], [126.57247467449555, 35.215489055425174], [126.57698937924567, 35.21550491376359], [126.57770718987243, 35.212677798705734], [126.57445783702032, 35.2106011002328], [126.5735243977264, 35.20601903170314], [126.56908518715056, 35.20595452657361], [126.56831385863161, 35.208874452853415]]], [[[126.5297205786529, 35.19133086783151], [126.53155713894161, 35.19285280871193], [126.53492219313355, 35.19229445966584], [126.53917319425622, 35.1885582231971], [126.53851962467179, 35.18572066460121], [126.53049588338197, 35.18565150823363], [126.5297205786529, 35.19133086783151]]], [[[126.45246148173379, 35.191100251123785], [126.45244543366509, 35.193990270741345], [126.45764362760892, 35.19829131587456], [126.46238739557398, 35.19699950808528], [126.46598607397682, 35.19851896062841], [126.46885040882728, 35.196923104063515], [126.4671752762043, 35.19350426185609], [126.46228449691874, 35.194779268677486], [126.46025445843567, 35.19309468239394], [126.46272309017445, 35.18921914630581], [126.46826923326292, 35.18905631628765], [126.46894559867332, 35.18634076622173], [126.4672019664443, 35.184839896862584], [126.46374517798908, 35.18537434969872], [126.46194082192798, 35.18822243096225], [126.45417091933042, 35.187677762627466], [126.45246148173379, 35.191100251123785]]], [[[126.44605805063902, 35.33952931532231], [126.45032836667833, 35.33816893665471], [126.44862134033234, 35.33473816410241], [126.44443455663809, 35.336136848327826], [126.44605805063902, 35.33952931532231]]], [[[126.42837772550884, 35.350983861971464], [126.43196122651536, 35.353922948436], [126.43792911604727, 35.35395084924971], [126.43969641414292, 35.352465887194555], [126.4397032862773, 35.34765188435324], [126.43685536344911, 35.34603023747244], [126.42849520963932, 35.3461815620038], [126.42650427059183, 35.3485925504371], [126.42837772550884, 35.350983861971464]]], [[[126.42075997370098, 35.43170495406871], [126.4250355844408, 35.43034553990386], [126.42332774570997, 35.426914454008084], [126.41913575021411, 35.42831219128293], [126.42075997370098, 35.43170495406871]]], [[[126.40693284713394, 35.315953353753876], [126.40559575848431, 35.31967647252207], [126.40758095389162, 35.322088686128524], [126.41101281424801, 35.32154661870369], [126.41270912122185, 35.318734099225935], [126.41809617488786, 35.31867847444716], [126.41908754860897, 35.31410457496421], [126.4225940696626, 35.311156919902864], [126.42172356420531, 35.303453921994034], [126.41824492873933, 35.30286932429057], [126.4136650423049, 35.30629935177528], [126.41313263934113, 35.311114105967086], [126.40658620313123, 35.31203327900931], [126.40563796561882, 35.31390823187781], [126.40693284713394, 35.315953353753876]]], [[[126.39167867052815, 35.332138323316975], [126.39166036310691, 35.33502824615592], [126.39462102956209, 35.336634527088286], [126.40134383376454, 35.33113818481029], [126.39938970510666, 35.32873516515393], [126.39461546405927, 35.328513260452176], [126.39172988784323, 35.33004618078365], [126.39167867052815, 35.332138323316975]]], [[[126.38392526821028, 35.1777107562904], [126.38818807043953, 35.17635246030655], [126.38648696453832, 35.17292077925198], [126.3823074994619, 35.17431742326734], [126.38392526821028, 35.1777107562904]]], [[[126.34505332790509, 35.20634952039117], [126.34931825917633, 35.20499262208731], [126.34761821837591, 35.201560422311495], [126.34343663495348, 35.202955695367116], [126.34505332790509, 35.20634952039117]]], [[[126.20664237708694, 35.18187844348366], [126.20658985330782, 35.18397632374877], [126.21076880162857, 35.187731516525986], [126.2152797441902, 35.18772251307922], [126.21529639666254, 35.18113519602578], [126.20952605924467, 35.18034987779229], [126.20664237708694, 35.18187844348366]]], [[[126.1459309729546, 35.272968461927334], [126.14654339918242, 35.27957236952259], [126.15457828759814, 35.27962879080946], [126.15534126450574, 35.2739204166187], [126.15116012453143, 35.270131488669136], [126.14671804016947, 35.270051453978745], [126.1459309729546, 35.272968461927334]]], [[[126.12569766929097, 35.192066243929155], [126.12561441928365, 35.197789822247536], [126.12968122838087, 35.200001475976364], [126.12975994596727, 35.20446360382005], [126.13532963271633, 35.20528923610882], [126.13787793467628, 35.207995416233835], [126.14478466394023, 35.20745488031894], [126.14488397102717, 35.19798211137906], [126.14141196582626, 35.19738963035901], [126.1375075503531, 35.20033880374023], [126.13161055277219, 35.19995103223605], [126.13155941841461, 35.190016016231255], [126.12745073283754, 35.18863716738925], [126.12569766929097, 35.192066243929155]]], [[[126.09701215447349, 35.247447378639365], [126.098686462815, 35.250960495106476], [126.10452327172352, 35.251016297751455], [126.10637059176737, 35.24956496939593], [126.10463751029728, 35.24614559965906], [126.09880105024247, 35.24608980769888], [126.09701215447349, 35.247447378639365]]], [[[126.05443515658581, 35.368509171651425], [126.0533114913696, 35.37320536701222], [126.05747369522669, 35.37465570797793], [126.05947419507528, 35.37227804993399], [126.05766810837831, 35.36944923387064], [126.05953132732635, 35.36656101180829], [126.05860356681806, 35.36460526804924], [126.05408291784549, 35.36460828099878], [126.05314842687542, 35.366460405555976], [126.05443515658581, 35.368509171651425]]], [[[126.01664531838698, 35.34354147419824], [126.01208205926075, 35.34408339990409], [126.01208373619612, 35.347786426094366], [126.02091791740834, 35.347905302427044], [126.02256217011119, 35.35071742552746], [126.02480272989153, 35.351521601826995], [126.02955045463604, 35.35137086947676], [126.03131460600524, 35.34998260140915], [126.03164335160524, 35.34311207351873], [126.02973838248622, 35.34076590287176], [126.02025400772064, 35.34066866374069], [126.01664531838698, 35.34354147419824]]], [[[126.00262430803544, 35.333799839405856], [126.00690141150623, 35.332455227800175], [126.00521337577557, 35.32901846612009], [126.00101958508093, 35.33040168767109], [126.00262430803544, 35.333799839405856]]], [[[126.00133471488407, 35.35627089533115], [126.00591547385497, 35.356369977562736], [126.00596087395147, 35.352665463613384], [126.00143911054003, 35.352628187841155], [126.00133471488407, 35.35627089533115]]], [[[125.99091340295567, 35.339530469881254], [125.99559165580236, 35.3389598369151], [125.99559072174836, 35.335256817599166], [125.98755251350467, 35.33522807594642], [125.98689189798623, 35.338125960067195], [125.99091340295567, 35.339530469881254]]]]}}, {"type": "Feature", "properties": {"regionNm": "전남", "districtNm": "장성군", "districtKey": "장성군", "regionCd": "46880", "buildingCount": 14603, "avgScore": 16.68, "maxScore": 38.0, "dominantRiskCd": "B", "rawAvgRiskCd": "A", "avgScoreScaled": 51.45, "styleRiskCd": "C"}, "geometry": {"type": "MultiPolygon", "coordinates": [[[[126.60438126842364, 35.23600094230822], [126.60305481085086, 35.23967218105552], [126.60397935781229, 35.24155486081527], [126.60978246095947, 35.242339732834886], [126.61338987767175, 35.2408449903059], [126.61678310471761, 35.24248902356581], [126.61799285690529, 35.2473483805314], [126.62387482361969, 35.24834471520607], [126.62437781165833, 35.252375620647925], [126.63178505342357, 35.25721140623262], [126.63133894785446, 35.261005863739264], [126.63544429243112, 35.2632369451563], [126.63463305536719, 35.26830524127276], [126.63129599118072, 35.2704886221659], [126.63078836250565, 35.274472386413464], [126.6274793897817, 35.274675603457425], [126.62367649736343, 35.27175665433459], [126.6204696747516, 35.274366535594055], [126.62145788801628, 35.279155240195244], [126.6308416316586, 35.280164826513456], [126.63126636416911, 35.28412387619327], [126.63537710301898, 35.286400549981764], [126.63429305443047, 35.289397090738966], [126.62761586350136, 35.2897954013671], [126.62586557353309, 35.28695215953528], [126.6236097772435, 35.28617781258067], [126.61886850793407, 35.286362394363515], [126.61688642200104, 35.28874950320416], [126.62226681519414, 35.29406026821218], [126.6270906755915, 35.29385377476624], [126.62765084531149, 35.298490122967245], [126.63283512721328, 35.302771988488566], [126.63882928996381, 35.30280163591374], [126.641761159617, 35.29937878364399], [126.65397640558217, 35.29937363561468], [126.65418125211369, 35.28908192550133], [126.65749629197785, 35.28788489273716], [126.658980780074, 35.28577234019942], [126.66349803679051, 35.28557630763765], [126.66526426777126, 35.28415419081377], [126.66528438854688, 35.27926478637488], [126.66110903949156, 35.27503033350457], [126.66820428749055, 35.27052953551682], [126.66896787844144, 35.265645234362005], [126.67387212263881, 35.26591320005003], [126.67349094983064, 35.27266408358389], [126.6803266861754, 35.274875844667804], [126.67999382636712, 35.283265381041566], [126.67677514028233, 35.284132959668305], [126.67515778174003, 35.28134612194698], [126.67287952822437, 35.28055253205519], [126.66967565734508, 35.283136631162414], [126.67163652002976, 35.28558953453088], [126.67619533127059, 35.285212830682006], [126.67866030822081, 35.28849267167641], [126.68817126508672, 35.28850596561832], [126.68990263508583, 35.287028814271736], [126.68952234446893, 35.283260062561595], [126.6951983817813, 35.28276692067631], [126.69791351897938, 35.28003343578838], [126.71171847133236, 35.279820325505064], [126.71211246807107, 35.28424921298968], [126.71536828547067, 35.286322224502705], [126.71631174653598, 35.291203667899495], [126.71276318564864, 35.29297836876008], [126.71208267573061, 35.29581178960422], [126.71728532514139, 35.30011461484203], [126.7233130211858, 35.301335204651686], [126.7220473376367, 35.30362411348604], [126.71727198516547, 35.30394966020367], [126.71202745095076, 35.30825337339351], [126.71207767627432, 35.31030166907674], [126.716230050657, 35.31397716448672], [126.72170707149866, 35.31473433730253], [126.72269121854292, 35.316417715653806], [126.72228640090097, 35.32063339878523], [126.71554325628374, 35.32547319797818], [126.71526851295728, 35.329182540894486], [126.71200346615144, 35.331233334767155], [126.7119387002509, 35.333281348775984], [126.71370612947871, 35.33473809603452], [126.71841994979526, 35.33506504442149], [126.71898320494337, 35.3391165022438], [126.72201254612256, 35.34070741737858], [126.72488818325365, 35.33908002132104], [126.72522603709844, 35.332410464537034], [126.72945080022843, 35.33064293497534], [126.73375926859225, 35.33450734136235], [126.73017174379581, 35.336323670116755], [126.72954298459085, 35.339140588344506], [126.73128571638236, 35.340546959495], [126.73580450643306, 35.34076560126471], [126.73667158521465, 35.34231118176288], [126.73292120539953, 35.345591323828636], [126.72894609155418, 35.34414502692909], [126.7260007798223, 35.345731157584545], [126.7260617254293, 35.35699768938017], [126.72241698759062, 35.36016874032512], [126.72240025125201, 35.365058105340246], [126.72525460538941, 35.366673054910486], [126.72767355671863, 35.365858731300975], [126.72858834398963, 35.36134341543141], [126.73186132099968, 35.35928543910724], [126.73212828821922, 35.3555828223119], [126.7353897044676, 35.35355026317881], [126.7358784935553, 35.34959058085354], [126.73949456832013, 35.3478956035295], [126.74301256244289, 35.34954109339377], [126.74353570483485, 35.36222056257757], [126.74529325544151, 35.363651281698985], [126.74981337324397, 35.36386940451973], [126.75069222605516, 35.36551102841717], [126.7497088390347, 35.367905141916694], [126.74637965343297, 35.36726570608113], [126.74351467899591, 35.36886808629192], [126.74352241781445, 35.3708977843429], [126.7477126440328, 35.37491674435792], [126.74416109067027, 35.37669232938976], [126.74348095439258, 35.37952588942833], [126.74750613856058, 35.38160897927656], [126.74695848077486, 35.38522637205213], [126.74874274068378, 35.3867324132453], [126.75124392871493, 35.386690469554416], [126.75675791945052, 35.382561418041234], [126.76127094511952, 35.38424765313515], [126.76106388626829, 35.388214645206745], [126.76468991992981, 35.391401115824685], [126.76409576301958, 35.39306041091435], [126.76206656753803, 35.393539009362016], [126.75687391376601, 35.39036117614225], [126.75313833058057, 35.393251874661054], [126.74860699084887, 35.39345703222878], [126.74671875665605, 35.39591339538702], [126.7476640170605, 35.397708252298884], [126.75103135636482, 35.39900390071807], [126.750129903035, 35.4015358689722], [126.73809596339444, 35.40204940365193], [126.73612388065078, 35.40438768358053], [126.73704400705817, 35.406320060501535], [126.74990598817472, 35.40711338152169], [126.7534003847448, 35.405609541351794], [126.75811261734601, 35.40694113993748], [126.76011535244284, 35.404593423037056], [126.75990430051218, 35.398571141595994], [126.76521469531865, 35.39829333408425], [126.76761214398854, 35.395681215238724], [126.77229780258457, 35.3954110646028], [126.77699604574717, 35.39199463704789], [126.78161003897358, 35.39563928087407], [126.78555097122613, 35.39270666526829], [126.79218851112911, 35.39126134780646], [126.79421298776046, 35.392577577582905], [126.79250111778268, 35.39589575780789], [126.79330326093445, 35.398533289786506], [126.78992857346573, 35.39981613096069], [126.7885466946997, 35.401880777780576], [126.7857359314907, 35.40269060071755], [126.78285467716273, 35.39926552398187], [126.77927649059065, 35.399876672478236], [126.77930395084961, 35.403500340235205], [126.78482598466174, 35.403656387803295], [126.78631950438226, 35.40699792607338], [126.78137667626109, 35.410570349369515], [126.77578171964608, 35.411345823040236], [126.77441584704424, 35.41627633760815], [126.77117741540825, 35.416319902021286], [126.76866218578729, 35.41363956835016], [126.7641392362376, 35.41342214136886], [126.76165550094251, 35.410750861257306], [126.75810656891576, 35.41137303602085], [126.75809586311374, 35.414955404964424], [126.76506292133953, 35.41922157118607], [126.76513196574157, 35.42426391050476], [126.76061893347946, 35.42646392326223], [126.75689819562149, 35.42496438221391], [126.75453975883303, 35.42578693275182], [126.75391113211614, 35.428603936673184], [126.7580647455075, 35.430920513850204], [126.75801323744648, 35.4358763029908], [126.75103146581402, 35.44013949020503], [126.74947691980555, 35.44289449747554], [126.74397368510915, 35.44300893753789], [126.74304071194749, 35.44493731387008], [126.74496888453506, 35.447272359908325], [126.7484649942966, 35.446741600813645], [126.75015228643886, 35.44392435149132], [126.75447597916298, 35.44442859944749], [126.75700777131563, 35.441758192607374], [126.7638678764799, 35.440241062904455], [126.76762678137125, 35.442100303337625], [126.7679315917067, 35.44588689523193], [126.7697024789641, 35.447342810141706], [126.77564631397674, 35.447344863277245], [126.77965721670633, 35.44436587707745], [126.78470239859347, 35.4446536649833], [126.7884860885571, 35.44756613276393], [126.79566368047584, 35.4475709644049], [126.79897903037786, 35.44607778305525], [126.80258473124938, 35.44759000968801], [126.80552176610006, 35.44684938733171], [126.80739825729023, 35.44971599085608], [126.81314538990941, 35.45337523023481], [126.81700990108438, 35.450475371168565], [126.8215442746038, 35.4502676587412], [126.82609110225341, 35.4467988388289], [126.82674259396474, 35.44403155906585], [126.82264441763151, 35.44184325964995], [126.82345950445341, 35.43920831472184], [126.82164298158581, 35.43615651001252], [126.82350208558705, 35.43074090192768], [126.82677547758264, 35.428680379072624], [126.82699387912339, 35.422180612740384], [126.83054098611876, 35.41913388412604], [126.82696770433337, 35.41583040373888], [126.82701853863033, 35.41064375211477], [126.8305476536625, 35.40866901367472], [126.83441660495696, 35.410144355917716], [126.8373875846804, 35.40850557146472], [126.83761708852577, 35.404566760253616], [126.83578640907152, 35.40175791067894], [126.83740888373633, 35.39789883715805], [126.83318486166485, 35.39525464318983], [126.83741111788041, 35.391225749608076], [126.83744716449539, 35.386411724031554], [126.83450166743496, 35.38471644925558], [126.82870750524442, 35.38545616621134], [126.82771372129689, 35.390051654461814], [126.82444191891713, 35.39211222050836], [126.82395341185901, 35.396620718450144], [126.8191004464388, 35.39644100749513], [126.81738441274011, 35.39787022613226], [126.81691052006099, 35.401804694984364], [126.81284167658771, 35.40193541247561], [126.81272615569854, 35.397813031446965], [126.8085319940059, 35.395312518431595], [126.81300148200073, 35.390187855493856], [126.81276693090005, 35.38630067731343], [126.80916201288962, 35.38321041081712], [126.80914170535442, 35.37715445079956], [126.81279561311248, 35.37388467788138], [126.81313096912278, 35.370073601519536], [126.81656488158694, 35.367197243017046], [126.81231426707427, 35.361537317644945], [126.8156299650314, 35.360335965896944], [126.82340327079405, 35.35393204565419], [126.82745416280162, 35.35533271739837], [126.82975013219304, 35.35456995974411], [126.83132546503462, 35.34666384304621], [126.83454880384552, 35.346816791301364], [126.83579530046418, 35.35169406903235], [126.84148353057381, 35.35253705888936], [126.84735240800396, 35.35803404602137], [126.84985996217016, 35.35803718705308], [126.85479274910466, 35.35460084763506], [126.85940721108904, 35.3585992999365], [126.86029604242461, 35.36113418258113], [126.85692396741219, 35.3624189096642], [126.85597032367512, 35.36421066952619], [126.85587091002766, 35.37333034186234], [126.84981381952029, 35.37398559228197], [126.84912091767387, 35.379678440834695], [126.85232358591418, 35.38166483056542], [126.85263214368788, 35.385451256996745], [126.8544032423061, 35.3869059451032], [126.85912066247879, 35.3855894606149], [126.86383348647892, 35.38691694130188], [126.86679015142265, 35.38347955481055], [126.87054045961948, 35.384472912396326], [126.87021297970183, 35.394074357716036], [126.87388126575267, 35.39742904488827], [126.87356983961091, 35.40435126197846], [126.86946652201176, 35.40842024802567], [126.86487297148582, 35.40803780794874], [126.86185744099114, 35.41147045580355], [126.85904387148975, 35.41070568330853], [126.85543336978603, 35.41220770302301], [126.85072204180692, 35.41093175911194], [126.84904474843144, 35.41238486942119], [126.84809718959185, 35.42002942489827], [126.84496550502404, 35.41921419060328], [126.8425827175599, 35.41663028905154], [126.8384903727303, 35.418064347086464], [126.83848061395747, 35.422953703220166], [126.84167361323725, 35.42491480917312], [126.84200706767139, 35.428751330648375], [126.8453366421595, 35.430949099331], [126.84525456523257, 35.439292402156696], [126.84709552352628, 35.44215186707523], [126.84194619459088, 35.44693662996978], [126.84320069252907, 35.45149546293667], [126.84126162825923, 35.45256894769223], [126.83776250162099, 35.45106554912954], [126.83488513038822, 35.45269559641355], [126.83488636249129, 35.45755939826293], [126.83852978974976, 35.460839771848974], [126.83484621296107, 35.464282139355156], [126.83656894940347, 35.467620539873515], [126.83907989938012, 35.46762391360065], [126.84362105807598, 35.46418937142932], [126.84459026535575, 35.45961199407184], [126.84786429409421, 35.45755091098153], [126.84809343613729, 35.4536121109609], [126.84628476610374, 35.45061145422624], [126.85141061007026, 35.44601849538874], [126.84980217639145, 35.44215526446749], [126.85164455060031, 35.439351184392095], [126.85163766671594, 35.43375028035461], [126.85431417551845, 35.43241512337516], [126.85522267511146, 35.42789887997722], [126.85849514708701, 35.4258374940225], [126.85813183263015, 35.41625113577963], [126.86197012457315, 35.41520071560723], [126.86485529798246, 35.418623906077485], [126.86829899342716, 35.418120182803314], [126.86936064333072, 35.410156693179815], [126.87063053067122, 35.40942307792794], [126.87686223890108, 35.41045710777314], [126.87722268603399, 35.4171555355092], [126.87897888993011, 35.41865048263373], [126.88244295759938, 35.41810420851263], [126.88459378731918, 35.41520204716197], [126.89038536553167, 35.415290904803406], [126.89205953903063, 35.41811318611868], [126.89555204870346, 35.41865435464381], [126.89725849681192, 35.41524441241525], [126.89543634670521, 35.413803385579676], [126.89070363470493, 35.41400494248541], [126.89054894016799, 35.407663636627156], [126.89401241703726, 35.40730421920093], [126.89786450084881, 35.41021334072469], [126.90155102848843, 35.40735189594249], [126.90711995113729, 35.406588791126175], [126.90833750741456, 35.39830257754952], [126.91419947653806, 35.39792310810882], [126.91840516038484, 35.394216362213676], [126.91882016792614, 35.390302950171574], [126.92545783526512, 35.385568199118985], [126.92371269612346, 35.38211042518601], [126.91890295800562, 35.38192586662334], [126.91547463510823, 35.38342702187594], [126.9120494490742, 35.38192107226459], [126.90637932691209, 35.38218123263167], [126.89912817877097, 35.37634464945528], [126.89312843305134, 35.37632789377786], [126.89115218253282, 35.37871948072148], [126.89208114307377, 35.383484178914365], [126.89747208058418, 35.38357054434257], [126.90012858546021, 35.38693165841345], [126.90801600075422, 35.38709350097454], [126.9090810166271, 35.389095397507006], [126.90195353108714, 35.39503416655752], [126.9011713050146, 35.40207507981558], [126.89754175932607, 35.401667999192874], [126.89731040560015, 35.39513015188245], [126.89546241516375, 35.393613778347195], [126.89206686775462, 35.3942003153703], [126.89104038221869, 35.39886092288967], [126.88736531277311, 35.39972453322351], [126.88511209020204, 35.39604642451858], [126.88696145498795, 35.39319102620676], [126.8867290422746, 35.3863926570323], [126.88387076337254, 35.38478151706927], [126.88053794787017, 35.38541076221647], [126.87957654577735, 35.383206376583395], [126.8799115468313, 35.37898131955545], [126.88323196125177, 35.3768319756295], [126.88253149071463, 35.374001727397825], [126.87694239766009, 35.373210428308994], [126.87319935975799, 35.3703420360831], [126.87032126355953, 35.37188640267247], [126.87005342936318, 35.37559608815285], [126.86741645229137, 35.376890433426375], [126.8658893606972, 35.37962690652154], [126.85943174381288, 35.379001114266615], [126.85789917085648, 35.37674668781134], [126.86562876681785, 35.37392943714889], [126.86587544556426, 35.36427283086942], [126.86404153069068, 35.36131715100937], [126.86591352527397, 35.3558052872673], [126.86941665174616, 35.35276678908432], [126.86583375292659, 35.34954226987763], [126.86498427453375, 35.338977432715375], [126.87208458087277, 35.337255300657056], [126.87205753066335, 35.3307473425179], [126.86503264251711, 35.33015168381446], [126.85978965865702, 35.334423334386415], [126.86137105671997, 35.33833653195167], [126.85952204907775, 35.341191565382374], [126.85985921677457, 35.351458377336776], [126.8590855361863, 35.35295151043811], [126.8559405642543, 35.353657212537755], [126.84993322793146, 35.34747743886755], [126.84551643004349, 35.347289911000054], [126.84284450776029, 35.344557789293965], [126.8379813338438, 35.344149888318306], [126.83685002125154, 35.33647348619464], [126.83227787865202, 35.33299494626264], [126.8275357283742, 35.333247717277885], [126.82697801840179, 35.32863682133464], [126.82274918750495, 35.32487825810901], [126.81675684524716, 35.3237805870009], [126.81670223804652, 35.32112954539137], [126.81997136638762, 35.319069156749265], [126.82023417417777, 35.31536630687179], [126.8234917758908, 35.3133313447314], [126.82280513394623, 35.310475202733834], [126.8169331127951, 35.30970796702374], [126.81309236011984, 35.31263294857616], [126.80665812611458, 35.31254899441202], [126.80612167362459, 35.309663275362475], [126.8094565192674, 35.307466174854824], [126.80876605877762, 35.30470536669508], [126.8030544940623, 35.304436135533486], [126.80242281150583, 35.29978201393143], [126.80065454126571, 35.29832655193705], [126.79815609550273, 35.29836952830158], [126.79563841889603, 35.301035073034235], [126.79251146384615, 35.30093879359847], [126.79185030937572, 35.296829938347614], [126.78856712972143, 35.294721683280066], [126.7885808534085, 35.289443938169505], [126.79275703045438, 35.2860342031321], [126.79898976111294, 35.28534669999627], [126.80074608501421, 35.28818746176581], [126.80297060130731, 35.288957127181], [126.8077135161146, 35.28877580113279], [126.80948851248482, 35.28732604637681], [126.80948876042247, 35.282462111663904], [126.8052631330962, 35.27870291822681], [126.79629490798447, 35.277961917232474], [126.79218689351849, 35.274625279042375], [126.79225421569149, 35.27197441555445], [126.79760180939888, 35.268467447289545], [126.8018234955788, 35.27145142955973], [126.8064706781906, 35.27172643322014], [126.80885075438084, 35.274347027573405], [126.8134083282082, 35.27396514753386], [126.81413502672258, 35.278680413984254], [126.81578848784086, 35.28008838835018], [126.82061107153108, 35.279874171951526], [126.82095556100376, 35.283236825225984], [126.81740475716569, 35.286334106719515], [126.81940129590723, 35.2887938157955], [126.8323690752432, 35.28880334290354], [126.83433556941709, 35.28646343046808], [126.83359943939274, 35.2836932321799], [126.83796170011185, 35.28174834180948], [126.84171043658267, 35.28324678223664], [126.8452308486636, 35.28173894777689], [126.84874550593806, 35.28325578301428], [126.855665597898, 35.281756587127965], [126.85926507486047, 35.28326714757613], [126.86507621444288, 35.28250774543436], [126.86615912670548, 35.26575484300885], [126.87565518470441, 35.26521331662763], [126.87988109669386, 35.261457781522466], [126.88012145343467, 35.254685262101724], [126.87214241588467, 35.247064794872024], [126.8665866180428, 35.246291262468574], [126.8627930175983, 35.24323064885409], [126.86233555524602, 35.239294836972846], [126.86062850598918, 35.23786104424712], [126.85625239043371, 35.23833058473341], [126.85360253739147, 35.23496843894089], [126.84902830415957, 35.234733397048196], [126.84651609057714, 35.23205461098442], [126.84199212481253, 35.23244692697171], [126.83949112592187, 35.22916118633456], [126.82719393240683, 35.22886514127489], [126.82653055877951, 35.223971847329715], [126.82102063405438, 35.22381773729817], [126.8183585969826, 35.220465906188096], [126.81428990446351, 35.22187471777818], [126.81446165466245, 35.22586701653138], [126.80620845115114, 35.227475354035676], [126.80450620585222, 35.225770757052835], [126.80635242532385, 35.219927235523485], [126.804306252774, 35.217559689799785], [126.80187091683841, 35.21761531907322], [126.79924496507303, 35.22031334245016], [126.79262151227384, 35.221759136477814], [126.78798011448906, 35.220416515562654], [126.78539557265377, 35.223100059823814], [126.77983810448205, 35.223857617589516], [126.77559621740428, 35.22760232540561], [126.77609507901674, 35.23129720494075], [126.77275952331127, 35.23251568684118], [126.77140636345902, 35.235157479074864], [126.76218286369034, 35.235399776264146], [126.76211287060889, 35.239754930969006], [126.75799202475565, 35.24196542098232], [126.75772316462765, 35.24587630889485], [126.75965764321606, 35.24828905923982], [126.76459354597185, 35.248771816869514], [126.76499259847866, 35.25268636607457], [126.76920094329786, 35.25642242076036], [126.77503885394982, 35.257373011240695], [126.77621780772022, 35.26220419245753], [126.77967290129095, 35.262760241881324], [126.78197112121748, 35.26020512999796], [126.78498790880607, 35.259364009356425], [126.78609153668822, 35.26430670583959], [126.7901225744992, 35.26640209506657], [126.78578211516874, 35.271887898105604], [126.78600399460043, 35.275749635759915], [126.78926136750867, 35.277820667379665], [126.78930530367364, 35.280301554223094], [126.7800847888214, 35.28686508553366], [126.77803669637188, 35.286049973130275], [126.77720041151586, 35.281618313901355], [126.77458516695786, 35.280362338677826], [126.77363968663073, 35.275781811023734], [126.77134973130246, 35.27501148203931], [126.76740219376019, 35.27644009241698], [126.75962671835538, 35.27138768610638], [126.76075910592547, 35.2688827946594], [126.76350872282612, 35.26792859563069], [126.76665338557076, 35.27138870967695], [126.77269913919702, 35.27136223752557], [126.774592564363, 35.26901037252128], [126.77369393295305, 35.26426484932679], [126.76790674411676, 35.26058213772684], [126.76316286265593, 35.26418598456211], [126.75854779760229, 35.26075411505636], [126.75041599582515, 35.26047927334775], [126.74978241324787, 35.25642028639555], [126.74807699685199, 35.25498491619041], [126.74318682180511, 35.25627126301354], [126.73979044521609, 35.25463076257776], [126.73248081068905, 35.248549362850596], [126.73224807663875, 35.24196127112778], [126.7289935925773, 35.23988870472919], [126.72805113493357, 35.23530780329327], [126.72224734987286, 35.23452859764116], [126.71864218632514, 35.23602659788597], [126.71501148037532, 35.2341708351241], [126.71493792719106, 35.228399425849915], [126.71312086461107, 35.22568515997494], [126.71495755633488, 35.22278657330509], [126.71401557268634, 35.22083570637039], [126.70475322252257, 35.219938738041535], [126.70095323621794, 35.2167482318364], [126.700034737751, 35.2121872584109], [126.69428759171069, 35.20850244106212], [126.69134584147582, 35.21004243387922], [126.691851303722, 35.213724002281076], [126.6884581593802, 35.21502223473695], [126.68700768595014, 35.21772387124839], [126.67923161662755, 35.21680693903637], [126.67986359237557, 35.211056668958115], [126.67803371542755, 35.20819459970541], [126.67967473930611, 35.20438735647959], [126.67545457060652, 35.201782263997124], [126.67559834516874, 35.19692601606013], [126.67896637854477, 35.19564628974525], [126.67992191219128, 35.193855883992086], [126.67971635568681, 35.189916096071414], [126.6779526602959, 35.188458836932064], [126.67205892573416, 35.18844302139939], [126.66933002059491, 35.191815319160575], [126.6650202929282, 35.19130807769301], [126.66249334908402, 35.193976693984105], [126.65792009355594, 35.19419328565963], [126.6518212947896, 35.19975641006444], [126.64285687678303, 35.20045654161727], [126.63860996348757, 35.20419643713361], [126.63802287880279, 35.20880485350531], [126.63328975252686, 35.20853116419584], [126.62866446225907, 35.212030622231566], [126.6273535381801, 35.21749391560979], [126.61813170237359, 35.21772524662418], [126.61711412239116, 35.22236356565333], [126.61040151543183, 35.227158853187696], [126.60987669128079, 35.2317165309281], [126.60515595543363, 35.23149547259457], [126.60337572572942, 35.23286060804307], [126.60438126842364, 35.23600094230822]], [[126.87870589754802, 35.38651972816477], [126.88032737243233, 35.38674112593129], [126.88090397226783, 35.389070907324374], [126.8773440110119, 35.39128141447643], [126.87606944637227, 35.38858774002579], [126.87870589754802, 35.38651972816477]], [[126.85678597384657, 35.279100700178574], [126.85114182067113, 35.27747937975675], [126.85194522209473, 35.27479338991964], [126.850122910617, 35.27188823557199], [126.85182731687121, 35.27028496101246], [126.85615043403388, 35.27223742485677], [126.85795143805333, 35.27766626628213], [126.85678597384657, 35.279100700178574]], [[126.85687610465102, 35.262074518669216], [126.856377240229, 35.263514963754304], [126.85270872369097, 35.26365482118555], [126.85019039752316, 35.260161888983575], [126.85265593767468, 35.25871624126422], [126.85687610465102, 35.262074518669216]], [[126.8271390086721, 35.24785834428688], [126.83133314060555, 35.24292064625881], [126.83583090682983, 35.243316116612604], [126.83104432388866, 35.24973798870906], [126.8271390086721, 35.24785834428688]], [[126.82311764278879, 35.258792241752644], [126.82351474191084, 35.25739534757093], [126.8274119601194, 35.25662721480255], [126.82789043663037, 35.26089802135439], [126.82436427458984, 35.26065886174398], [126.82311764278879, 35.258792241752644]], [[126.8243012686573, 35.34982642667531], [126.82311520571042, 35.350857155722636], [126.8218098894655, 35.34982172567474], [126.82311971204491, 35.34879013652701], [126.8243012686573, 35.34982642667531]], [[126.82215869340419, 35.27858315486799], [126.82047134483615, 35.27827954635452], [126.8209041332852, 35.276807824399924], [126.82264337870856, 35.27725215258657], [126.82215869340419, 35.27858315486799]], [[126.82217130250595, 35.27281459149426], [126.82048407342914, 35.272510983222055], [126.82091683050284, 35.27103925972459], [126.8226559528272, 35.27148358778947], [126.82217130250595, 35.27281459149426]], [[126.81721854725491, 35.22552618629645], [126.81847459476965, 35.22652376664169], [126.81721268530315, 35.22756739354564], [126.81595546539543, 35.22651996291862], [126.81721854725491, 35.22552618629645]], [[126.80809634594723, 35.41984081606129], [126.80927828633605, 35.41732251607618], [126.81181423579689, 35.41865164768486], [126.8101905360078, 35.42072756504557], [126.80809634594723, 35.41984081606129]], [[126.80667858640331, 35.35845228399094], [126.80513511810688, 35.3594418604504], [126.80054403364123, 35.35602081215133], [126.79576697244805, 35.355814739219895], [126.79197238327436, 35.358714090519534], [126.78551374955302, 35.35932125467857], [126.78470166597529, 35.34878428176271], [126.78048572753363, 35.34623267843164], [126.78165911076546, 35.343913437920875], [126.78793867495949, 35.34008076633442], [126.79011854327152, 35.345903664418245], [126.79806153135068, 35.34588662476385], [126.7981468879728, 35.33869856757494], [126.80230842506931, 35.33639722302217], [126.80168795374642, 35.33005164293908], [126.80460727902515, 35.32903935439511], [126.80844517870864, 35.332031756356905], [126.8069633841133, 35.336354681944485], [126.81118018074645, 35.34042157300212], [126.80693211521728, 35.34310310078919], [126.80693594100977, 35.34789167176673], [126.81019673501834, 35.34996212592148], [126.81057745578742, 35.354179320776204], [126.80667858640331, 35.35845228399094]], [[126.80789011101349, 35.40089839827226], [126.80821853589866, 35.40226410510329], [126.80643369564778, 35.40256722622837], [126.80617741900072, 35.40106609396278], [126.80789011101349, 35.40089839827226]], [[126.8056636133778, 35.230201903092365], [126.80742253068513, 35.229990693937125], [126.80766631763878, 35.231428858447565], [126.80589738427621, 35.23162221232507], [126.8056636133778, 35.230201903092365]], [[126.79889844613777, 35.39593261669163], [126.80020602571616, 35.394905971472674], [126.80751942030793, 35.39677326746296], [126.80527468417404, 35.39985821673617], [126.7984521899249, 35.398897747813876], [126.79889844613777, 35.39593261669163]], [[126.80205387729151, 35.24433811161627], [126.80235449265929, 35.24299252891841], [126.80493279434731, 35.242511324165434], [126.80731683352181, 35.2445715707815], [126.80480543151442, 35.246527381791665], [126.80205387729151, 35.24433811161627]], [[126.8017052478126, 35.41190437787806], [126.80478134399539, 35.412872038155506], [126.80315758091957, 35.41494786274899], [126.80062189025121, 35.41361854939352], [126.8017052478126, 35.41190437787806]], [[126.80271761658982, 35.40721246221981], [126.80397628712039, 35.40821017157086], [126.8027113553311, 35.409253606132026], [126.80145151923178, 35.40820604779095], [126.80271761658982, 35.40721246221981]], [[126.80307090232543, 35.26064452711594], [126.80181451997603, 35.259646791455346], [126.80307712498674, 35.258603332871076], [126.80433467197308, 35.25965089276954], [126.80307090232543, 35.26064452711594]], [[126.79545612352226, 35.36420020147351], [126.796642732571, 35.36316974790907], [126.79920860765039, 35.36401122450073], [126.80036940095961, 35.3669007641299], [126.79586301156326, 35.36728251353374], [126.79545612352226, 35.36420020147351]], [[126.79690638461607, 35.33697995721538], [126.7962989461743, 35.33845527240337], [126.78880411668453, 35.338954781469305], [126.78826717772058, 35.3314850304731], [126.78506806094248, 35.32949693845741], [126.78438049684928, 35.32673045185086], [126.79320688589151, 35.32521362754608], [126.79452187246169, 35.32670434127172], [126.79268010346586, 35.32950760451737], [126.79289144220058, 35.3334471323724], [126.79690638461607, 35.33697995721538]], [[126.79225969329904, 35.23728654801486], [126.79344448325585, 35.236256097976614], [126.79610074639761, 35.23715534516452], [126.7962594762043, 35.24018105939608], [126.79257143038133, 35.240311231668684], [126.79225969329904, 35.23728654801486]], [[126.79363892676584, 35.428518981546915], [126.79194856815914, 35.42821497245553], [126.79238268757318, 35.42674339356003], [126.79412498809175, 35.42718813117897], [126.79363892676584, 35.428518981546915]], [[126.7875608469784, 35.40871662810959], [126.78816897752868, 35.40724137639747], [126.7923164658289, 35.4074570993531], [126.79430978561552, 35.410347087462085], [126.79213464741628, 35.413366372201295], [126.78759881574793, 35.41310411423442], [126.7875608469784, 35.40871662810959]], [[126.78750026526143, 35.43179028101965], [126.78780183269329, 35.43044477952282], [126.79122842024974, 35.42949784274569], [126.79277534203388, 35.43202440758658], [126.79025776149707, 35.433979834864594], [126.78750026526143, 35.43179028101965]], [[126.78907195281995, 35.23466221269944], [126.78781614182301, 35.233664329403304], [126.78907852099661, 35.23262101160126], [126.79033548779147, 35.23366871946595], [126.78907195281995, 35.23466221269944]], [[126.78519092260147, 35.37310060477815], [126.78393302755997, 35.372102696609346], [126.78519804893972, 35.36981316322701], [126.78973144979408, 35.37007550477057], [126.78862381736405, 35.37363398606185], [126.78519092260147, 35.37310060477815]], [[126.77464675433791, 35.366784062656386], [126.77590065190194, 35.36768762776749], [126.77524635398518, 35.37100496861452], [126.7793291348418, 35.373187088897126], [126.77847560194026, 35.37578615247556], [126.78029818235409, 35.37849939074883], [126.7784492279879, 35.381476726341475], [126.78026445500889, 35.38455629528949], [126.77736672371242, 35.38827043750703], [126.76981857377231, 35.38370802387863], [126.77076665786194, 35.378551063046245], [126.7689298356209, 35.375690419025396], [126.7707734807458, 35.37288754603097], [126.77083814100885, 35.366746439556685], [126.77464675433791, 35.366784062656386]], [[126.77415308477421, 35.42761534397452], [126.77546149077449, 35.426588975009665], [126.7790763073453, 35.42781845697778], [126.77837577859493, 35.43305631711725], [126.77057383050237, 35.43799662964997], [126.76379741917378, 35.43343893223311], [126.76267750875785, 35.430929667562225], [126.7721391969654, 35.43004217283672], [126.77415308477421, 35.42761534397452]], [[126.77145452538565, 35.36415930268815], [126.77038795079449, 35.36518345886632], [126.76085103525959, 35.36504346162393], [126.75856007840602, 35.35790071148141], [126.76035648100039, 35.35661042790462], [126.76410722218635, 35.35811126298786], [126.76763231652198, 35.35660572316625], [126.774476496129, 35.35814945050322], [126.77501213421574, 35.361035283907846], [126.77145452538565, 35.36415930268815]], [[126.77284565596112, 35.425548094195044], [126.77251773602924, 35.4241822982576], [126.77430317772725, 35.423879681577596], [126.77455893286891, 35.42538087393951], [126.77284565596112, 35.425548094195044]], [[126.76402885250855, 35.3845980857142], [126.7627710416268, 35.383599959454585], [126.7640360832107, 35.38255693909075], [126.7652950361767, 35.38360488879853], [126.76402885250855, 35.3845980857142]], [[126.7621701473804, 35.34481830935274], [126.76048165286737, 35.34451386286631], [126.76091588627523, 35.34304237709043], [126.76265621526582, 35.34348756717957], [126.7621701473804, 35.34481830935274]], [[126.76214478291901, 35.353471016136055], [126.76045610861696, 35.35316656902082], [126.76089038972053, 35.35169508563039], [126.76263090388713, 35.352140276177046], [126.76214478291901, 35.353471016136055]], [[126.76037039213233, 35.43073847177472], [126.75911191288873, 35.429740312401904], [126.76037772600607, 35.428697341359445], [126.76163734557143, 35.429745323805335], [126.76037039213233, 35.43073847177472]], [[126.76095945171583, 35.34106499551683], [126.75977271628048, 35.34209510204228], [126.75846835239928, 35.341058990014126], [126.75977883434625, 35.340028088186926], [126.76095945171583, 35.34106499551683]], [[126.75732559645404, 35.27156973686857], [126.75858161401133, 35.27256793113671], [126.7573182234885, 35.273610919972036], [126.75606106976701, 35.27256287533581], [126.75732559645404, 35.27156973686857]], [[126.7524458414811, 35.37115474663162], [126.75265724466358, 35.36986790315028], [126.75509507492224, 35.36933819089692], [126.75827134959152, 35.370444213743426], [126.7554356468451, 35.373336120034], [126.7524458414811, 35.37115474663162]], [[126.75747390168235, 35.32952101883478], [126.75628729184724, 35.330551093612996], [126.75498315727397, 35.329514942924995], [126.75629349603267, 35.328484076335194], [126.75747390168235, 35.32952101883478]], [[126.74307104791816, 35.32975464290522], [126.74181810151244, 35.32885073548002], [126.7424315750295, 35.32492330859963], [126.74605065534999, 35.321846310901705], [126.74632807135032, 35.31811811890642], [126.74891439580114, 35.316913614131664], [126.75044423291044, 35.31417860047805], [126.75348334623425, 35.31484458951096], [126.75569129429111, 35.31844329541013], [126.74721729971824, 35.32554356775747], [126.74668265560567, 35.32957175650147], [126.74307104791816, 35.32975464290522]], [[126.75171372374484, 35.34022692960769], [126.7503596288173, 35.34665294636294], [126.74673082131159, 35.34704945673902], [126.74600484460389, 35.34005640162202], [126.74280643306211, 35.338067196912306], [126.74197862414947, 35.33544936120378], [126.7499022946902, 35.33502707647412], [126.75171372374484, 35.34022692960769]], [[126.75150357084468, 35.37940779581183], [126.74981439774328, 35.379103199269785], [126.75024901352056, 35.377631761798185], [126.75199002427973, 35.378077105712975], [126.75150357084468, 35.37940779581183]], [[126.74059811134728, 35.33398799053807], [126.74019920701501, 35.33538458765545], [126.73846009602481, 35.335055891034465], [126.73887302701121, 35.33363886612744], [126.74059811134728, 35.33398799053807]], [[126.72496092444496, 35.31112348561397], [126.72530408564654, 35.309336538316465], [126.72712884589103, 35.30870893443408], [126.73382102702038, 35.30982348724441], [126.73274092938563, 35.31216459167936], [126.72928126301278, 35.31391238694938], [126.72496092444496, 35.31112348561397]], [[126.70466027989443, 35.246022882618206], [126.70340904607983, 35.24511857296132], [126.7042923878388, 35.24032529998516], [126.70785703229936, 35.23826322028323], [126.71396993479291, 35.24242110634372], [126.71864499419192, 35.24271114456502], [126.7225412565567, 35.24595884645409], [126.72346138344525, 35.25051963134556], [126.73299085974608, 35.25743668874208], [126.7329818930918, 35.26017049962686], [126.7257059241584, 35.260368243845924], [126.72448954862656, 35.25550994085576], [126.7152321860752, 35.248933796051936], [126.71223158833331, 35.25056822671855], [126.71189305572149, 35.257237834104416], [126.7082280711972, 35.25750061070135], [126.70598675608292, 35.25451104149801], [126.70782435820377, 35.251612581273505], [126.70761732791513, 35.2476728708873], [126.70466027989443, 35.246022882618206]], [[126.72557088620422, 35.300873530411295], [126.72431484112971, 35.299874997918366], [126.72577645078546, 35.2974793116344], [126.73291859301214, 35.297899356202095], [126.73284931021315, 35.30055016711165], [126.72965176201222, 35.3022788306787], [126.72557088620422, 35.300873530411295]], [[126.71191456428487, 35.27461989850012], [126.71048854059723, 35.27563181461529], [126.70578919019465, 35.272183626187356], [126.7012312381799, 35.2725614504493], [126.70077708830487, 35.26852835146592], [126.70588668104504, 35.268333983165746], [126.70754815160677, 35.26693256616458], [126.70811400451102, 35.26293380233928], [126.71538990056595, 35.26133206600601], [126.71729221240186, 35.263286402394804], [126.7121816414276, 35.26784831403839], [126.71191456428487, 35.27461989850012]], [[126.69794239801168, 35.24862722122425], [126.69675622533182, 35.249656727824636], [126.68692514038277, 35.249164787265606], [126.68497007266502, 35.24542308251387], [126.69090897694069, 35.2390497712485], [126.6978911984995, 35.24004837958597], [126.699796602147, 35.245746485121664], [126.69794239801168, 35.24862722122425]], [[126.6901035338767, 35.22451062617761], [126.69109770382323, 35.22233035961678], [126.69838042215183, 35.22253655400079], [126.69799535415315, 35.228278119526124], [126.69437158516921, 35.228673091050204], [126.6901035338767, 35.22451062617761]], [[126.6799697207321, 35.26615014025911], [126.67871477196493, 35.265151134170715], [126.68007481208036, 35.26220993687029], [126.68475414231023, 35.262538578977086], [126.69408003944876, 35.25424626475599], [126.69759977211709, 35.253670645779685], [126.69883082752465, 35.25673812325623], [126.69462993871781, 35.25915242587567], [126.69394773085192, 35.26671364001625], [126.6799697207321, 35.26615014025911]], [[126.66494870921701, 35.241151916959055], [126.66545081446108, 35.23971227113003], [126.67178940713953, 35.23887344662073], [126.67315844150346, 35.23394396277385], [126.67647078430196, 35.232377153188104], [126.67854684140822, 35.23360789030848], [126.6768588864107, 35.2397607422809], [126.67358936078482, 35.24181728847855], [126.6737797294653, 35.245759745092435], [126.66978475835016, 35.246574065528925], [126.66494870921701, 35.241151916959055]], [[126.6640705350913, 35.23209884815416], [126.66228024926265, 35.23161532553165], [126.66230417459771, 35.22841712605117], [126.67025859628701, 35.22386862276073], [126.67175097057283, 35.22548357673589], [126.66980186944977, 35.23117164862745], [126.6640705350913, 35.23209884815416]], [[126.65442618068238, 35.23535373853961], [126.65503540350086, 35.23387911985935], [126.66223902124304, 35.23320456523669], [126.66362828345966, 35.23960760153888], [126.65917200861466, 35.24011629424729], [126.65442618068238, 35.23535373853961]], [[126.64398073733433, 35.21224905295087], [126.64428383687175, 35.21090386876138], [126.6478228886639, 35.209967551873255], [126.65081046839585, 35.2134123584116], [126.65548362029173, 35.21370482692257], [126.6566250453647, 35.21948005195761], [126.65221463246601, 35.22051322660568], [126.64398073733433, 35.21224905295087]], [[126.65566509758793, 35.26870432028687], [126.65447809899615, 35.269733404440586], [126.65165658928548, 35.268694143483636], [126.65192986681207, 35.26501653218479], [126.6555241225421, 35.26581623143823], [126.65566509758793, 35.26870432028687]], [[126.65280310740744, 35.28761955404961], [126.65259034740517, 35.28890623315892], [126.6501542827542, 35.289433894916996], [126.64700823212391, 35.28841717828198], [126.64868310133267, 35.27701620907349], [126.65169789689678, 35.277148422090406], [126.65389272673632, 35.279949608088074], [126.65208825871954, 35.28308732797543], [126.65280310740744, 35.28761955404961]], [[126.65219754422526, 35.257157266722004], [126.6508903352102, 35.25818233644732], [126.64722859292877, 35.256866655412324], [126.64857749882792, 35.25113119440161], [126.65219902691597, 35.25154572119929], [126.65219754422526, 35.257157266722004]], [[126.65010848392257, 35.20898486453734], [126.64842323402222, 35.208678864506965], [126.6488587470398, 35.207207754849236], [126.65059555277134, 35.20765454814115], [126.65010848392257, 35.20898486453734]], [[126.64484490382823, 35.25687042655874], [126.64609930712317, 35.25786978217429], [126.64483471424313, 35.25891159246867], [126.64357924394541, 35.25786238569008], [126.64484490382823, 35.25687042655874]], [[126.63766701506545, 35.21673239709549], [126.6388534465879, 35.21570346548158], [126.64150730938137, 35.216606095220605], [126.64166026420337, 35.219631991727816], [126.63806117239773, 35.220410703675654], [126.63766701506545, 35.21673239709549]], [[126.63961303794265, 35.27524345689508], [126.63928795029128, 35.27387728090419], [126.64107056419431, 35.273576609545124], [126.64132340081093, 35.275078105397], [126.63961303794265, 35.27524345689508]], [[126.63769264597167, 35.21096386246719], [126.63887899259646, 35.2099349291146], [126.64017973594973, 35.21097233315332], [126.63886983955106, 35.212001964550026], [126.63769264597167, 35.21096386246719]], [[126.6388732688542, 35.25585170863411], [126.63866037627346, 35.257138369189214], [126.636225176558, 35.25766575836566], [126.63305498328889, 35.25655654283272], [126.63505083186237, 35.2531941828895], [126.6388732688542, 35.25585170863411]], [[126.63646393041529, 35.21297779982444], [126.638149222658, 35.213283966362425], [126.6377134833688, 35.21475503466987], [126.63597659898178, 35.21430805662681], [126.63646393041529, 35.21297779982444]], [[126.63381530733332, 35.29171224572605], [126.63500288877204, 35.29068337153471], [126.63630486361905, 35.29172081088019], [126.63499360982063, 35.29275037844549], [126.63381530733332, 35.29171224572605]], [[126.62905491799265, 35.22165758575087], [126.62937963330467, 35.223023798693774], [126.62759808571771, 35.22332430687619], [126.6273456543462, 35.22182277204577], [126.62905491799265, 35.22165758575087]]], [[[126.91060914699996, 35.41575582860827], [126.91420341013425, 35.41520840330165], [126.91431251692558, 35.410767001485624], [126.91840481976882, 35.40861301254038], [126.9166764825088, 35.40518882224918], [126.91316635470983, 35.40577436352957], [126.91305719234687, 35.41021576790859], [126.90896466649006, 35.412369574772406], [126.91060914699996, 35.41575582860827]]], [[[126.89486154213888, 35.42880311420433], [126.89461161341532, 35.43362789836], [126.89644505511576, 35.436435846796215], [126.8946042991857, 35.4392406149132], [126.89483199765773, 35.44320545454655], [126.89665479803259, 35.44464648458168], [126.90253764197196, 35.44462976908108], [126.90428546204541, 35.44123371853624], [126.89915719253021, 35.4365346146236], [126.90100131861332, 35.433582544153815], [126.9007676194013, 35.42678424535439], [126.89658741487953, 35.42536288547529], [126.89486154213888, 35.42880311420433]]], [[[126.86828741815312, 35.44167506942214], [126.87183623448828, 35.441167175545694], [126.87363193286285, 35.43831306373375], [126.87988908601929, 35.43839900771021], [126.88135035392659, 35.44182891960527], [126.87792809794564, 35.443200465397844], [126.8769630143901, 35.44507021044787], [126.88012752157078, 35.44769190339203], [126.88494077884923, 35.44748689601985], [126.8901597975142, 35.443225816437895], [126.89013040957684, 35.44112758858062], [126.8868313716521, 35.43897510192223], [126.8866755853074, 35.43256582440042], [126.8833591797208, 35.430410087259084], [126.88338441055619, 35.42480920536884], [126.88145276658894, 35.422476352274046], [126.87554165862888, 35.4224371993113], [126.87372944920733, 35.423850256662114], [126.87347623133311, 35.42783916392474], [126.87528540518717, 35.430839425754506], [126.87312627113485, 35.43713683056064], [126.8684710556805, 35.43685080310729], [126.86665839934666, 35.438263750006826], [126.86828741815312, 35.44167506942214]]], [[[126.83170579145495, 35.31415360694191], [126.83237078162477, 35.317096424168774], [126.83793108390321, 35.317871530486364], [126.84041450909704, 35.320541283066376], [126.84459375223499, 35.31912885008262], [126.84483934360033, 35.312280171543875], [126.84288158414046, 35.309935030869866], [126.83691666085872, 35.30992713392638], [126.83170579145495, 35.31415360694191]]], [[[126.82158410134024, 35.383339326818245], [126.826167682633, 35.38340732659237], [126.82617562991165, 35.37970228707423], [126.82165169313443, 35.379695694270616], [126.82158410134024, 35.383339326818245]]], [[[126.78012234646675, 35.461736133261304], [126.78367258586574, 35.461230837360326], [126.78547183997341, 35.45837805767444], [126.78849155147252, 35.45922987729996], [126.78966302849739, 35.461893440933984], [126.78623837753615, 35.46326237551485], [126.78527093446037, 35.46513137391488], [126.78849947497693, 35.46775557101875], [126.7907327679403, 35.46699346496258], [126.79262390017068, 35.464133142546316], [126.79555785477885, 35.46488353438178], [126.7991718173309, 35.46338332881542], [126.80383151015317, 35.46468757453313], [126.80931468643104, 35.45937625611132], [126.80731414379103, 35.456970624849376], [126.79701484819027, 35.457036739523154], [126.79325243143892, 35.45407229601138], [126.788469603115, 35.45386591826199], [126.7862143352515, 35.45464804506776], [126.78457500378092, 35.457427564749715], [126.77915652223987, 35.45751954222922], [126.77824653799802, 35.45942813009294], [126.78012234646675, 35.461736133261304]]], [[[126.76869852456481, 35.40343927954212], [126.77328318828765, 35.40350928947166], [126.77329356102582, 35.39980427429557], [126.7687685164593, 35.39979569733031], [126.76869852456481, 35.40343927954212]]], [[[126.72935680431536, 35.39393495857828], [126.72932534050055, 35.39677485416909], [126.73109446063931, 35.39823133949042], [126.73942720447354, 35.398431025846165], [126.74230455030289, 35.39680323830612], [126.7423350113671, 35.39201478425862], [126.7405507554522, 35.390508649762765], [126.73108894540958, 35.39049709842675], [126.72935680431536, 35.39393495857828]]], [[[126.73106588721605, 35.372226062237125], [126.73533323309799, 35.37085560368481], [126.73361344374541, 35.36742880406274], [126.72942979871938, 35.36883737116673], [126.73106588721605, 35.372226062237125]]], [[[126.71012324271634, 35.32026114579458], [126.714388199231, 35.318891403733524], [126.71267038200764, 35.315464285875784], [126.70848906282339, 35.31687215118447], [126.71012324271634, 35.32026114579458]]], [[[126.70649988010209, 35.34909495302982], [126.71076641539877, 35.34772535287345], [126.70904814991258, 35.34429819772256], [126.70486528001642, 35.34570592353223], [126.70649988010209, 35.34909495302982]]], [[[126.65569488061303, 35.321641500968084], [126.65564928288241, 35.333184186494606], [126.65739059884167, 35.334591616713794], [126.66219123294812, 35.33498586871783], [126.6634147392011, 35.339848769054186], [126.66920718185396, 35.3407737692519], [126.66965513563854, 35.34761998943459], [126.67385728394287, 35.34903766638129], [126.67909522508133, 35.34476117319293], [126.67912560969283, 35.33989738147239], [126.67738982679833, 35.338449354347915], [126.67234873400473, 35.33781391744759], [126.67213231957108, 35.328341608862644], [126.67039690761945, 35.326893480573275], [126.66541683866416, 35.32634076978107], [126.66443216650018, 35.318397310859275], [126.67145047531228, 35.316766268825255], [126.67275736757061, 35.31129154945145], [126.6775265777846, 35.311552205829805], [126.68274764932862, 35.30729999843549], [126.68210239762718, 35.30443875076571], [126.67864690160867, 35.30301631851023], [126.67856021207294, 35.298622534729056], [126.67062212527475, 35.29857060704374], [126.66876026814329, 35.30433641603015], [126.6564278408824, 35.304368537702], [126.65643448498847, 35.30805353745173], [126.66346649761867, 35.30983627863568], [126.65925016703449, 35.313834640667366], [126.6598344605021, 35.31738617922971], [126.65636685386463, 35.31878966998754], [126.65569488061303, 35.321641500968084]]], [[[126.66800016947002, 35.29419444562604], [126.67226445305765, 35.29282617973019], [126.67054895903264, 35.289398461034914], [126.66636826612996, 35.29080487938573], [126.66800016947002, 35.29419444562604]]], [[[126.61418008738757, 35.302096274472774], [126.61875884530104, 35.30217211344389], [126.6187762225963, 35.298467089194176], [126.61425689162128, 35.29845275986157], [126.61418008738757, 35.302096274472774]]]]}}, {"type": "Feature", "properties": {"regionNm": "전남", "districtNm": "함평군", "districtKey": "함평군", "regionCd": "46860", "buildingCount": 9572, "avgScore": 14.55, "maxScore": 32.0, "dominantRiskCd": "B", "rawAvgRiskCd": "A", "avgScoreScaled": 0.0, "styleRiskCd": "A"}, "geometry": {"type": "MultiPolygon", "coordinates": [[[[126.3718757037985, 35.16186624979558], [126.37184288991308, 35.16473164886213], [126.37507426771448, 35.16678813459102], [126.37530006920235, 35.170492562571354], [126.37699710855077, 35.17193313026175], [126.38298138713122, 35.171975359000385], [126.38591914209387, 35.168558685436274], [126.39235102959601, 35.16933653063386], [126.39607534421408, 35.16786300741881], [126.4003474963557, 35.16975767390137], [126.39989116446829, 35.173551240582924], [126.4063048953681, 35.17805992942542], [126.40951285538446, 35.17548279318161], [126.40785949917463, 35.16921506274375], [126.409773654607, 35.16791635179833], [126.41329794891351, 35.16943226456391], [126.41565421223963, 35.16868515908085], [126.41660048300035, 35.166810064191196], [126.41480526492846, 35.16375218172506], [126.4173047330721, 35.16222185873578], [126.42075508250316, 35.1641308780225], [126.42167954673118, 35.169014556250026], [126.41809250473827, 35.17082168564241], [126.4174543161924, 35.173636979736514], [126.42261957969069, 35.17792777098691], [126.42610608986601, 35.17740623033153], [126.42684241977287, 35.17453634118905], [126.42373883097551, 35.172642270931796], [126.42271143599751, 35.170201807301574], [126.4261914962678, 35.168735530837516], [126.4306699822579, 35.163992704621094], [126.42874869716768, 35.161601861385066], [126.42360216189068, 35.160765733628054], [126.42186653047123, 35.15532520327293], [126.42371698705915, 35.15252757294252], [126.42385131164164, 35.146756972861304], [126.42853437718348, 35.146747689681646], [126.42812886888822, 35.15056337356669], [126.43137207920772, 35.15264396404436], [126.43165712433074, 35.15644266823442], [126.43586331142852, 35.1601768429975], [126.43923051322123, 35.160720754437165], [126.44175808986984, 35.15744998708896], [126.44630541823224, 35.15785985139268], [126.44828923599299, 35.15547549928649], [126.44736924619811, 35.15359164315755], [126.44394633030669, 35.15218276245667], [126.44460815640448, 35.14873568859487], [126.4413002354991, 35.146518052936116], [126.44067987670925, 35.14110755248398], [126.44984202591914, 35.140591706518144], [126.45223337121278, 35.13926795817243], [126.4558293283446, 35.140787702070824], [126.45893942792182, 35.13821764837807], [126.4587102268446, 35.13427808225055], [126.45351600231133, 35.12997707414212], [126.44877600349916, 35.131268583108834], [126.44530839562309, 35.12974168750987], [126.43824350695425, 35.13122022067438], [126.43629116865503, 35.12998120284327], [126.43836843034059, 35.12636336621603], [126.44179826688648, 35.12479875226309], [126.44648908213183, 35.12614237964675], [126.4485036262016, 35.123694819797464], [126.44655297863561, 35.12129251303928], [126.44200237420667, 35.121660648480095], [126.44058247310795, 35.118948713244], [126.43467565915707, 35.1150075915827], [126.4345331167866, 35.10948132424694], [126.43778131198339, 35.1082398983004], [126.44066757923741, 35.11168489701185], [126.4489063212893, 35.11192206267651], [126.45273439960017, 35.10903217131253], [126.45787813531265, 35.108786052933205], [126.46159043729108, 35.11233992072254], [126.45974860098727, 35.11504172065219], [126.46057517626409, 35.117646105320176], [126.45711273528046, 35.119043976427086], [126.45642488224719, 35.12187598258853], [126.458232718404, 35.12332358809517], [126.46646989220808, 35.12372840959377], [126.46689982621328, 35.130575479486424], [126.4719728958812, 35.13526724856545], [126.47015175892344, 35.137090180640854], [126.46630244707833, 35.13560326625479], [126.46335967270893, 35.137183079022385], [126.46388683965246, 35.14082168288303], [126.46051777835777, 35.14209543191501], [126.45955807508511, 35.14388408829198], [126.46040861461154, 35.15156683543074], [126.47316064700729, 35.16106334786601], [126.47668246518958, 35.15956621123029], [126.48149071894747, 35.1608618742678], [126.4831692998893, 35.15941380966726], [126.48156843952404, 35.155595376246474], [126.48358108022686, 35.152717306213304], [126.49058266879527, 35.15250331113453], [126.49185146055066, 35.161132390660775], [126.48595383251484, 35.16185809524742], [126.48400088361377, 35.16423159897944], [126.48494620012855, 35.16613350326093], [126.4882997410184, 35.16743641250134], [126.48839806381154, 35.17189852764114], [126.49411118232878, 35.175572855704104], [126.49808463753496, 35.17265096528503], [126.50460794127603, 35.17280131619124], [126.50522219819945, 35.17977137023924], [126.51046734090671, 35.18410401956591], [126.51456744929055, 35.182762030729414], [126.51485959672439, 35.178570120935966], [126.51841784923445, 35.17853466827548], [126.52090938547009, 35.181214348409796], [126.52351864383145, 35.181224641240384], [126.52540763358921, 35.17892739997354], [126.52451713757773, 35.177013580242686], [126.51999713071734, 35.17353501250939], [126.51532682067162, 35.17323733466548], [126.51401433293513, 35.17107034702902], [126.51821229433179, 35.16828649943046], [126.51822715137708, 35.16337251244998], [126.51643134299603, 35.161950373989534], [126.51166458808773, 35.16326109480493], [126.50752040879408, 35.16155286697302], [126.50796560473604, 35.15851191115128], [126.50615180182783, 35.15569807380499], [126.50778856391848, 35.15374770051874], [126.50855512751453, 35.14620207805604], [126.51211737215576, 35.14714451678778], [126.51313105639827, 35.15182847697788], [126.51886950547777, 35.15260054433862], [126.52182604717703, 35.150994916576224], [126.52185464854765, 35.14610549147661], [126.52010570766078, 35.14467153627226], [126.51540376140734, 35.14433693896392], [126.51485188209797, 35.14028448597984], [126.51196185212633, 35.138681400914834], [126.50897259172243, 35.14028532860484], [126.50837869841433, 35.144893112766844], [126.50486946900406, 35.14429435295518], [126.50018103588093, 35.13881875117324], [126.50709458084661, 35.13741303183904], [126.50787805448738, 35.13451223777072], [126.50612960664196, 35.13307808214905], [126.50142839023988, 35.132742947893654], [126.49580031524249, 35.126715744282485], [126.49785003270497, 35.12504867641976], [126.5026592649416, 35.12638588482848], [126.50518927695992, 35.12372059629845], [126.51078920746532, 35.12293746789163], [126.51174488924237, 35.11531307160308], [126.50992938101979, 35.11235202709669], [126.51240282230346, 35.109286851734915], [126.51542151069816, 35.10934025450484], [126.51688137791852, 35.11146287658598], [126.52003713066313, 35.11253271686078], [126.51962119369252, 35.116298925350655], [126.52133457422885, 35.117787337043694], [126.52722326059735, 35.117843654949894], [126.52900222369531, 35.11647960350821], [126.52845733962026, 35.11288347543315], [126.5319183247442, 35.11148355290623], [126.53260347891933, 35.10865109148211], [126.52970023309977, 35.107023850141644], [126.52264646439534, 35.107453832106536], [126.52227481733917, 35.10418110827555], [126.52557556503702, 35.10204453409858], [126.52564476627106, 35.09999657351845], [126.52279271696734, 35.09835135476854], [126.51946892690842, 35.09897074440346], [126.51852232096225, 35.09647462956426], [126.51949647759436, 35.094274982319334], [126.52281270662871, 35.09492059669312], [126.52567229617432, 35.093323330782546], [126.52566993823213, 35.09129356368902], [126.521505155061, 35.08726690762809], [126.52570814092823, 35.08469494148499], [126.52623661997984, 35.08013754616298], [126.53104012897822, 35.08034036377736], [126.53334089546745, 35.077789909838266], [126.53623759040185, 35.07692866846834], [126.54064233798097, 35.080999017397595], [126.54151357246613, 35.0855198652056], [126.54499444153294, 35.0869875393334], [126.54501140505181, 35.09422731961947], [126.550292699344, 35.094313552235256], [126.5529841815975, 35.097691381964395], [126.55809267918761, 35.09836999146634], [126.55807882056008, 35.10093812445764], [126.55481192527023, 35.10299152953434], [126.55557310365043, 35.10587278027141], [126.5589700397098, 35.1064043332281], [126.56127068366148, 35.103853359233085], [126.56545648144154, 35.102396301083154], [126.56694457778228, 35.104012549339934], [126.56531022546537, 35.10596375562099], [126.56528506208473, 35.1107025986068], [126.56821505353098, 35.11240440870599], [126.57403161915789, 35.10877460144115], [126.57604059472017, 35.10590178000812], [126.58883727485492, 35.105987799461815], [126.5932192666716, 35.11020860683149], [126.59305668612268, 35.112680828581475], [126.58929835640984, 35.114520190708404], [126.58351949923717, 35.11030313880654], [126.57748569083238, 35.11032024141515], [126.57580978252686, 35.11176964420413], [126.57741422214029, 35.1155868867339], [126.57547622579939, 35.118389226909756], [126.57151775863687, 35.1215808625912], [126.56601564220624, 35.122298260938116], [126.56499694223444, 35.12419598736632], [126.56695263464854, 35.126623514454536], [126.57281222459048, 35.126665917343715], [126.57882497461819, 35.121164154490735], [126.5830025190484, 35.12129433610178], [126.58277285249272, 35.128145436148344], [126.58452255166057, 35.129578496217384], [126.58945900003583, 35.13012522710394], [126.59136873696885, 35.13294078804466], [126.58974000463532, 35.13679669456878], [126.59335918822873, 35.14001390242222], [126.5930504732385, 35.14414744443842], [126.5897174158782, 35.14632975038793], [126.58935837287761, 35.15016476727071], [126.57909784333995, 35.157880705340155], [126.57911277075175, 35.159884956189025], [126.58220552830645, 35.161750502248964], [126.58404152541569, 35.165107479066705], [126.57838702095543, 35.17058891818863], [126.57377480697781, 35.170831122086945], [126.57199820309783, 35.17227743824541], [126.57276060732093, 35.17515855715943], [126.57861892241404, 35.17615968098614], [126.57873540306791, 35.17888867221915], [126.57503031097554, 35.180805855129776], [126.57021666919631, 35.17947149858249], [126.5682028746424, 35.18189397730282], [126.5772481489435, 35.190136619441255], [126.58131927685086, 35.18873578052066], [126.58115900193344, 35.18474319547803], [126.58578029402739, 35.18508507976543], [126.58595120654479, 35.19158595125841], [126.5895711932896, 35.195092098874866], [126.58858631724841, 35.19667377304539], [126.58313548958334, 35.197381369145866], [126.5823934263457, 35.200226658587034], [126.58415565400355, 35.201685297121806], [126.58902674440264, 35.202154246763634], [126.58940263184435, 35.20895360599302], [126.59651113292406, 35.215112838532754], [126.5955250744645, 35.21750574162015], [126.59220328173546, 35.21686209105401], [126.58934062409129, 35.21846087315185], [126.58934453379403, 35.22049060777254], [126.59351941062323, 35.22451491540297], [126.58931129000884, 35.22708913856441], [126.58991563796182, 35.22990954775112], [126.59896012956442, 35.230745621339864], [126.60163095143812, 35.23348381662318], [126.60749845807133, 35.233481376897664], [126.6100923367014, 35.23016352816354], [126.61564104222225, 35.22999396610918], [126.61651477566369, 35.22812763788107], [126.61470192191092, 35.22521896709018], [126.61610733770426, 35.22376655158681], [126.62168361429363, 35.224835672040754], [126.62684822168394, 35.22061201504233], [126.62744318892238, 35.216563633388695], [126.63314712540445, 35.21573688986763], [126.63841113526351, 35.210016997637354], [126.64379094525832, 35.20995127200906], [126.64387655086395, 35.19422053430181], [126.64738006863966, 35.19265590196699], [126.64832131932076, 35.190778969478366], [126.64134429251891, 35.184858884344784], [126.64136824472374, 35.17940647660393], [126.65266274708794, 35.17907043039608], [126.65346845230017, 35.18403873583635], [126.66040145430372, 35.18461722663792], [126.66219216851238, 35.183119870651865], [126.66261617181203, 35.17585849200794], [126.66749430742216, 35.17597479357747], [126.6694721487767, 35.17358678741526], [126.66764368724901, 35.170670360964216], [126.6692694425201, 35.16681341116639], [126.66641215458134, 35.16517155825746], [126.65458956957151, 35.16531985802703], [126.65279910999057, 35.1668171074655], [126.65309408981516, 35.170651390890725], [126.64749452460342, 35.170070258981895], [126.6484331038979, 35.16482037853402], [126.64688011370647, 35.161334206581635], [126.6487765961737, 35.16018734430885], [126.65115393945239, 35.16152880215335], [126.65692448222396, 35.161545280643004], [126.65899431254662, 35.159081901839166], [126.6569449887264, 35.15666108289324], [126.65117479085808, 35.15664460736931], [126.64878611716455, 35.15797229649872], [126.64671990323357, 35.156566160849195], [126.648482507002, 35.15333738025785], [126.64665524434406, 35.150420634247595], [126.64850731458, 35.14756877832804], [126.6485447456381, 35.13886167582606], [126.6446987838466, 35.134406617012864], [126.64568181621573, 35.13282445909134], [126.65107751089636, 35.13214443776354], [126.65208386636249, 35.13016808934836], [126.65013600414593, 35.12781981053428], [126.64347326313604, 35.12789309751483], [126.6406486984331, 35.12650265005814], [126.6456182514537, 35.12072135054975], [126.65126119534581, 35.120497462063604], [126.65127493501802, 35.113388602848644], [126.65477078944794, 35.11189566745001], [126.65547768150334, 35.109137882754844], [126.65364066173812, 35.10761779653721], [126.65027987740453, 35.108179477749715], [126.6499867110889, 35.11281821767859], [126.64323485325755, 35.11392766018882], [126.643064665747, 35.11840714723846], [126.64011750384756, 35.11923960100044], [126.63375138998235, 35.11540870769567], [126.6346414259098, 35.107092722637105], [126.63276890825183, 35.10473160396919], [126.62923331264307, 35.10523258123123], [126.62732034185326, 35.10810867578889], [126.61724630928217, 35.107068497601766], [126.61629810336161, 35.10445397414534], [126.61968777183922, 35.10315771811129], [126.620619680042, 35.101230178268416], [126.6151774278846, 35.09598598854009], [126.61055929484075, 35.09727949633799], [126.60697264581404, 35.09576156792836], [126.60117250144727, 35.09650866929738], [126.59946958630357, 35.10795879941822], [126.5917325045267, 35.103823377535164], [126.5927058987591, 35.101215126611535], [126.59582931046698, 35.09934619513479], [126.59611274236195, 35.09561824745652], [126.59961461801332, 35.09258741976303], [126.5943158996933, 35.08699311322227], [126.5961368574612, 35.08400066414473], [126.59591058470923, 35.08001054169572], [126.59417572232933, 35.07860221025888], [126.58939049716858, 35.07820534547748], [126.58737049783797, 35.072547860941015], [126.59243105500991, 35.067675375288346], [126.59249854757164, 35.06562735284901], [126.58925461477571, 35.063551038445716], [126.58901936320693, 35.059846870744636], [126.58732085731997, 35.05840923396231], [126.58482255476099, 35.058400709068536], [126.58001655851555, 35.06182303614386], [126.57836309522722, 35.059296899053955], [126.58202311003318, 35.05600838606828], [126.58148043344173, 35.04953586174861], [126.58489061794911, 35.04822053101025], [126.58584695946534, 35.043664991024826], [126.58912611807934, 35.04156097770652], [126.58844528230708, 35.038798849853166], [126.58500261909336, 35.03737376730657], [126.58589062041258, 35.0350119926329], [126.58928993901361, 35.034545627281815], [126.59188989601141, 35.03725681265037], [126.59444094564829, 35.03729174998544], [126.59616863948874, 35.035815853874695], [126.59616605032909, 35.03100152270529], [126.59210574451004, 35.02883100212368], [126.59269903290759, 35.02524670025138], [126.58862812124077, 35.023050484681725], [126.58858342608785, 35.018649824368545], [126.5828178882569, 35.01491837805216], [126.57988105143464, 35.01645574679656], [126.57960132059203, 35.0201649383557], [126.57605117547446, 35.023282384342586], [126.57803582572205, 35.02571900565209], [126.58638129885584, 35.025635782675], [126.58734920671928, 35.028814920827756], [126.58398664883842, 35.03009217251031], [126.58250493380005, 35.0322039132648], [126.57567588803093, 35.03371105979366], [126.57220997940766, 35.03218778204395], [126.56323326691724, 35.0324466119458], [126.55938377039303, 35.02945560788437], [126.5549398291418, 35.02988134230166], [126.5539803571671, 35.027578150926985], [126.55819629912939, 35.023079905583735], [126.56300947332063, 35.02273431873208], [126.57102705267849, 35.01644408064615], [126.57269465782271, 35.00789855771073], [126.57580783798738, 35.008720780449664], [126.57817034945698, 35.01130998636086], [126.5894261546423, 35.01084070190144], [126.5921791292842, 35.014242259294264], [126.59625545880482, 35.01281634050793], [126.59559744580497, 35.001287473004666], [126.58868042461246, 35.00070536456391], [126.58453603571415, 35.00368696309244], [126.57900634250656, 34.99997210763177], [126.5787389735066, 34.9927664163154], [126.58234937456518, 34.989694085806924], [126.58261144047913, 34.985807943306064], [126.57819864376049, 34.98105565244257], [126.5711445738182, 34.980500977326], [126.56948663963104, 34.981900613760345], [126.56921368413707, 34.985603060681846], [126.565977146458, 34.98760686528002], [126.56593711270301, 34.992520921221505], [126.56951567570445, 34.9956184641453], [126.56950635616994, 35.00177082308867], [126.56288793291371, 35.00694575268996], [126.56151042599475, 35.00621927341388], [126.56124008433969, 35.00201184095865], [126.55832105400945, 35.00040840404479], [126.55356634914371, 35.000602046457246], [126.54777698409053, 35.00601277614358], [126.54454814672357, 35.006767688690985], [126.5437542188414, 34.99911305078802], [126.54051414170063, 34.99703543955201], [126.53960692737368, 34.99247316537235], [126.5301821888162, 34.99195182711838], [126.53027373650724, 34.98785316810626], [126.53608334431624, 34.98750992671874], [126.53708841681284, 34.982916600438955], [126.54033969300072, 34.980889098586104], [126.53854474813201, 34.977437465786124], [126.52928293159579, 34.977401915660295], [126.52659137805615, 34.98012093245132], [126.51875316459326, 34.98024504256886], [126.51690376377735, 34.981752573033916], [126.51688479506642, 34.9894512386332], [126.522057793133, 34.99376244871859], [126.5278782741893, 34.994453610519955], [126.52733852771267, 34.99812003225394], [126.5305783101659, 35.00019799249782], [126.53238485736796, 35.00562363709127], [126.53080172812541, 35.00747016118254], [126.5265036087117, 35.0057176314706], [126.52549086538959, 35.0010336787519], [126.51959579893324, 34.99999929296274], [126.51851404782752, 34.99523742097246], [126.50947378212325, 34.994433671672745], [126.50352353571442, 34.9888585272889], [126.49999105511472, 34.98947329835715], [126.49867552407305, 34.99433990156223], [126.49300555065543, 34.9951517905868], [126.49204522881072, 34.99991188175247], [126.49391131460725, 35.002275162375135], [126.49646121188475, 35.002312150325764], [126.5001982150033, 34.999380944475384], [126.5034719011196, 35.000475217803036], [126.50250319458095, 35.00553878683122], [126.49548944110204, 35.01135883252084], [126.4972987920536, 35.01432858262624], [126.49565321935528, 35.01813344054822], [126.49890782702512, 35.02026208312408], [126.49873304472483, 35.02355429116724], [126.48230874973568, 35.02395046717103], [126.4816460728122, 35.02687141803605], [126.48334610372852, 35.02823719181459], [126.48804125109778, 35.02857298104088], [126.48927421667325, 35.030775747719595], [126.48836137511726, 35.0318351329562], [126.4789589036364, 35.03209516672477], [126.47404291277402, 35.028917624962496], [126.46931446691022, 35.02908600285078], [126.46752365882365, 35.03058054655813], [126.46751870377207, 35.035394817321624], [126.47112855988095, 35.0386862354087], [126.46747557427344, 35.0420424793737], [126.46745778693713, 35.04695653197372], [126.47150537368125, 35.04838923831325], [126.47571670626978, 35.0453993672484], [126.47807640477947, 35.047273288743476], [126.47419654661667, 35.05164964387544], [126.47492023168238, 35.062992890292904], [126.47084803910194, 35.06510758617971], [126.47063573019766, 35.06868180513621], [126.46730254742086, 35.07086077095879], [126.46660606107305, 35.07496553077639], [126.45144252025544, 35.075165378440715], [126.4420829522429, 35.0834506845217], [126.4373805402414, 35.083744845160055], [126.43558794914404, 35.08523888739196], [126.4373471713364, 35.08860401496823], [126.4524786224075, 35.08893162896076], [126.45971772378435, 35.094926757276625], [126.46154720570877, 35.098285571179986], [126.45941794246731, 35.100892775644375], [126.45474831044778, 35.101150948201365], [126.44918461396728, 35.10529260078029], [126.44545135031446, 35.10378208219898], [126.43842167191188, 35.10526213482238], [126.43495535642613, 35.103734948655394], [126.43151967514538, 35.10522522718417], [126.42799778460301, 35.10370985174806], [126.42566809639347, 35.104439123136416], [126.42143067290391, 35.108146966930306], [126.4211564532738, 35.11213497247088], [126.42306756737517, 35.11447513655799], [126.42791479925236, 35.11489959925793], [126.42808748374142, 35.11815355328117], [126.4229867747747, 35.118336278982426], [126.41428718133612, 35.12541858405025], [126.4142378794101, 35.13033239416231], [126.41841588879412, 35.133059800781965], [126.41420456165665, 35.13695543769461], [126.41383733954923, 35.14078986624434], [126.41065192862101, 35.142706829619044], [126.41021389960714, 35.1466184813084], [126.40621168411813, 35.14976817081789], [126.40265297908348, 35.14921799649442], [126.4027213853804, 35.146737509798385], [126.40599380357254, 35.14468827074848], [126.40627475218042, 35.140986361466524], [126.40953554093568, 35.138962507820864], [126.40879053486195, 35.1360549141432], [126.40191357117007, 35.13549288978011], [126.39775559061938, 35.13846791369371], [126.39382010105402, 35.13547341363346], [126.3913195221824, 35.13546087986693], [126.38937403448993, 35.13778213246795], [126.38921575271132, 35.14643687212841], [126.38524872902775, 35.14962232734799], [126.38073847438449, 35.14980804465592], [126.37895895575244, 35.1512515067332], [126.37900076317233, 35.15329991809733], [126.38227470570558, 35.15546615452522], [126.38200631107185, 35.158579358001006], [126.37361781957047, 35.15843346661429], [126.3718757037985, 35.16186624979558]], [[126.66278463625719, 35.170392498223734], [126.66403794028753, 35.17139167594241], [126.6627749248276, 35.17243369741857], [126.66152054348882, 35.17138466796854], [126.66278463625719, 35.170392498223734]], [[126.64266783585765, 35.19240834443041], [126.64226796701227, 35.193804645943025], [126.64053228095443, 35.19347455301107], [126.64094617607172, 35.192057834599396], [126.64266783585765, 35.19240834443041]], [[126.6417974755665, 35.15014193628137], [126.6430244257441, 35.15132890900799], [126.64067960472188, 35.154303788426766], [126.63468120029785, 35.15045904619985], [126.63356910315994, 35.14794851211942], [126.6377962728325, 35.14652481909748], [126.6395440123469, 35.14936793865135], [126.6417974755665, 35.15014193628137]], [[126.63834981544878, 35.20808362722744], [126.6371634893329, 35.209112555831894], [126.63460418803287, 35.20826765565384], [126.62873066050933, 35.20274865326611], [126.62398912409762, 35.20404699256005], [126.62218064615246, 35.20296056708257], [126.62346120521677, 35.19840719868185], [126.61593709689076, 35.19339904992005], [126.61702845965775, 35.18998789217178], [126.62044626532732, 35.1905255823199], [126.62284905177793, 35.19315905934665], [126.63115478117334, 35.19356539197342], [126.63159883196646, 35.200411895782985], [126.63827929982283, 35.2052732851874], [126.63834981544878, 35.20808362722744]], [[126.63683604666659, 35.12933346648511], [126.6386593284039, 35.129911770574246], [126.6382681591325, 35.133881627135516], [126.63371808901388, 35.13351838688874], [126.6311312763726, 35.13619866534361], [126.62764473419513, 35.13594436577711], [126.62699066057634, 35.13014949440187], [126.63683604666659, 35.12933346648511]], [[126.63621855952262, 35.17144781151899], [126.6346020547564, 35.17122315894274], [126.6340093457261, 35.16927567141329], [126.6354378237522, 35.16666613082316], [126.63887864489772, 35.16900143815231], [126.63621855952262, 35.17144781151899]], [[126.62260182301468, 35.151166500912126], [126.62227749585507, 35.14980025609248], [126.62470270965994, 35.14865275567975], [126.6279867323497, 35.15043998783413], [126.62808580950897, 35.15300399265336], [126.62461047963909, 35.154188751257784], [126.62260182301468, 35.151166500912126]], [[126.61958159595281, 35.1689101279123], [126.62019093999075, 35.167435669186624], [126.6243257282614, 35.16765709001935], [126.62413238143134, 35.17356628036768], [126.62044838421502, 35.17341835565634], [126.61958159595281, 35.1689101279123]], [[126.62245225879414, 35.129338863348565], [126.6210441540177, 35.132961979989226], [126.61826794206549, 35.13405840753392], [126.61504445945704, 35.130609375916734], [126.61028205375477, 35.130257531193216], [126.61015788549513, 35.12146295712401], [126.61333797168245, 35.12049017111677], [126.61603291942141, 35.12386660979221], [126.62084843388118, 35.12424477747167], [126.62245225879414, 35.129338863348565]], [[126.61735914870965, 35.1878289349919], [126.61617285666183, 35.18885766158475], [126.6133546326961, 35.18781751446526], [126.61362933261313, 35.184139949629696], [126.61805764884788, 35.1850613554485], [126.61735914870965, 35.1878289349919]], [[126.61574390725707, 35.13503711414098], [126.61742751416037, 35.135343562269625], [126.61839788441524, 35.13852241151995], [126.61309209041279, 35.138912762209614], [126.613469016994, 35.13605571279633], [126.61574390725707, 35.13503711414098]], [[126.61518342999955, 35.162729838565006], [126.6136446596721, 35.16258045670605], [126.61154690452074, 35.159251879135226], [126.61332046974934, 35.157237421698824], [126.61756014515704, 35.15932163615801], [126.61745904484818, 35.16171121682986], [126.61518342999955, 35.162729838565006]], [[126.61538699445636, 35.11946541876901], [126.61370372164755, 35.119158943650234], [126.61413936667988, 35.11768793800103], [126.61587408043127, 35.1181352225122], [126.61538699445636, 35.11946541876901]], [[126.61460955883734, 35.168968269570584], [126.61154495505967, 35.16799579863233], [126.61316861171476, 35.16592246122671], [126.61569352636587, 35.167255698373026], [126.61460955883734, 35.168968269570584]], [[126.60914057710389, 35.14868658924072], [126.60944400406164, 35.14734148027446], [126.61286068952529, 35.14639949569891], [126.61439674772862, 35.14892839827441], [126.61104335848209, 35.151345091036845], [126.60914057710389, 35.14868658924072]], [[126.61041171463347, 35.1038955850271], [126.61165976208602, 35.10480085696455], [126.61056432737121, 35.10704721715857], [126.60688204303199, 35.10717177145863], [126.60673054742222, 35.10414578449547], [126.61041171463347, 35.1038955850271]], [[126.60827916191494, 35.22731138862738], [126.60996464041469, 35.227617948015755], [126.60952831441035, 35.22908890765958], [126.60779128372826, 35.22864152532508], [126.60827916191494, 35.22731138862738]], [[126.59951582235753, 35.11277651835377], [126.60070120936624, 35.1117479360212], [126.60199991376695, 35.11278575348541], [126.60069112539118, 35.113814995855776], [126.59951582235753, 35.11277651835377]], [[126.59463636592936, 35.1251171385639], [126.59582054253579, 35.1226008146433], [126.59834384003535, 35.12393441201954], [126.59672065361418, 35.12600756819627], [126.59463636592936, 35.1251171385639]], [[126.58741133543624, 35.165473413464404], [126.58905878297239, 35.1616375048622], [126.59274218280268, 35.16178638052513], [126.59245223802553, 35.16834818012338], [126.58912255844484, 35.16774148598703], [126.58741133543624, 35.165473413464404]], [[126.5680769737336, 35.083825054657694], [126.5691423652588, 35.082802626127595], [126.57663849544915, 35.08339248171482], [126.57893793882181, 35.08084115424262], [126.58302171724841, 35.07933346548827], [126.58663858174614, 35.082496915735476], [126.5830030399897, 35.08573556900867], [126.5829785986348, 35.08776525008309], [126.58472744586619, 35.08919831073265], [126.58942653962882, 35.089530201215226], [126.58970860171601, 35.09239622126651], [126.58464719657199, 35.09301248974907], [126.58196446115271, 35.09573203995609], [126.57852115062478, 35.095637924959114], [126.57832164812193, 35.09151262009213], [126.5753521576943, 35.08988623587316], [126.57243184411917, 35.091491994643775], [126.57240680556436, 35.095554440693704], [126.56151017780282, 35.0955859533974], [126.55752694521915, 35.09228305659137], [126.5576411288961, 35.08907711506385], [126.5626559030326, 35.089073592805356], [126.5680769737336, 35.083825054657694]], [[126.57802565930862, 35.06521557915999], [126.58261257766488, 35.06649689649358], [126.58280760846064, 35.0692977744332], [126.57879098823426, 35.07257233398935], [126.57321738597213, 35.07333861810778], [126.57223771473757, 35.077914050641795], [126.56965641622426, 35.079114861391346], [126.56822675232215, 35.08179510510994], [126.56499558637655, 35.081127066320875], [126.56262894796131, 35.078501680914194], [126.55689753646476, 35.077901468992074], [126.55717597205417, 35.0721687570934], [126.56617302710097, 35.071818046474185], [126.56856713436284, 35.06920970859227], [126.57323463622322, 35.06894713488095], [126.57802565930862, 35.06521557915999]], [[126.57312143282628, 35.041917794880824], [126.57146002056935, 35.04218350437293], [126.57002597291962, 35.04028176481358], [126.57214622200306, 35.03755181296047], [126.57515689343256, 35.03671584777732], [126.57685436888933, 35.04014040759527], [126.57312143282628, 35.041917794880824]], [[126.56853263252854, 35.05813288043011], [126.56728577130208, 35.057227166084004], [126.56794588601076, 35.053910814573605], [126.56388470155267, 35.0517215883412], [126.56450077613867, 35.04817376623858], [126.56119436077346, 35.045968274418875], [126.5620229457877, 35.04021903287119], [126.56612450518251, 35.040669190438884], [126.56563678858409, 35.044363538336746], [126.5673495231261, 35.045851312517826], [126.57211250866155, 35.04456680139446], [126.5742137207165, 35.0460652912187], [126.57242006309943, 35.04930694528116], [126.57587898587079, 35.05228368726993], [126.5759163823006, 35.054764703171216], [126.57328519108854, 35.056052743972145], [126.57175435099956, 35.05878562944301], [126.56853263252854, 35.05813288043011]], [[126.5560073923203, 35.06445974090119], [126.55426801590237, 35.0640656928329], [126.55373041158816, 35.06061866605394], [126.55924824383058, 35.06024401514815], [126.56214474251766, 35.05683440554208], [126.56603297665292, 35.057975114317465], [126.56531225846292, 35.06058323151558], [126.5627314084796, 35.06178390154622], [126.56139662358717, 35.06440337736496], [126.5560073923203, 35.06445974090119]], [[126.56024816763335, 35.007936432752], [126.56557017045827, 35.011865842838255], [126.56506330420753, 35.0148363271293], [126.56224891838025, 35.01556555486847], [126.55947660308793, 35.012149617880176], [126.5546278162233, 35.01344019045303], [126.55007611112251, 35.011289820920936], [126.55109599089784, 35.00876834487732], [126.55432173987465, 35.00708067640012], [126.55818280604744, 35.00852344948613], [126.56024816763335, 35.007936432752]], [[126.56155333066458, 35.05181023587267], [126.56280358871757, 35.05281045869758], [126.56154113914054, 35.05385144952938], [126.5602898663752, 35.05280137359278], [126.56155333066458, 35.05181023587267]], [[126.55635587459736, 35.01662479465601], [126.55667859749967, 35.01799123413763], [126.55490126059637, 35.01829071383632], [126.55465075673142, 35.01678899087892], [126.55635587459736, 35.01662479465601]], [[126.54370762817321, 35.04912343917538], [126.54489278054218, 35.048095389935895], [126.54838520124312, 35.04912017285809], [126.54768940090769, 35.05202612731194], [126.54400951415408, 35.05214879112565], [126.54370762817321, 35.04912343917538]], [[126.5435723790483, 35.027911994426546], [126.54445726089048, 35.02576499564231], [126.54801162006679, 35.026310983108644], [126.5473479165678, 35.0292347785609], [126.54443807092805, 35.02922388951786], [126.5435723790483, 35.027911994426546]], [[126.54586981337962, 35.01081723288081], [126.54619233981796, 35.01218370005045], [126.54441509230233, 35.01248302714013], [126.54416479688385, 35.01098128270381], [126.54586981337962, 35.01081723288081]], [[126.52961201504479, 35.060607075985196], [126.53079751007587, 35.05957916908421], [126.53209450134148, 35.06061773119225], [126.53078568365618, 35.06164622756414], [126.52961201504479, 35.060607075985196]], [[126.51507805447837, 35.02143520171738], [126.51558140096704, 35.019996134242696], [126.51985149653106, 35.01970857269987], [126.52012602049594, 35.03270435493725], [126.52424182944978, 35.03498934306861], [126.52425700344368, 35.04222917367075], [126.53038067184502, 35.04355029812438], [126.52968312755091, 35.05224259509087], [126.52314581402273, 35.05278260982894], [126.52241287852998, 35.04801538507953], [126.51914664963596, 35.04589985715847], [126.5189981183792, 35.03651447187926], [126.5153864026142, 35.03329504815901], [126.51507805447837, 35.02143520171738]], [[126.52261267091457, 35.11276354963128], [126.5213620016951, 35.111762918983786], [126.52262585792182, 35.11072236737882], [126.52387751968025, 35.111772825076315], [126.52261267091457, 35.11276354963128]], [[126.52157012795017, 35.01236071023829], [126.52124801113985, 35.01099418093673], [126.52302530680515, 35.010695193418634], [126.5232752144942, 35.0121969784405], [126.52157012795017, 35.01236071023829]], [[126.520320913297, 35.08526545877911], [126.51971040330756, 35.08673942633378], [126.51214358310877, 35.08677158401838], [126.50933058258246, 35.0883001794609], [126.50931775134848, 35.09044244453879], [126.51259269702672, 35.09260519130386], [126.5120957020025, 35.09534752080566], [126.50151253628083, 35.09567477138683], [126.50132697773003, 35.09246843601181], [126.50458764941666, 35.09042321119175], [126.50487104735076, 35.086714264612226], [126.50841540079331, 35.08367679145246], [126.50490886881086, 35.08045491307899], [126.50536697275477, 35.07762150159096], [126.5087935002116, 35.07605495128971], [126.51348266574333, 35.077395982946506], [126.51610643892278, 35.074071037928434], [126.51923515600402, 35.07479291519532], [126.51965950248794, 35.07762988081019], [126.51610604625431, 35.08077260657489], [126.520320913297, 35.08526545877911]], [[126.49380986097067, 35.05884515802777], [126.49431381693226, 35.05740619271782], [126.50224637390417, 35.05588013154103], [126.50905533634709, 35.0605243210595], [126.50926024834648, 35.06307551270224], [126.50515014330799, 35.06652551455776], [126.50138084500234, 35.06647496947151], [126.50063182987081, 35.06154414604893], [126.49504593515974, 35.060715153665335], [126.49380986097067, 35.05884515802777]], [[126.5006201231195, 35.102418140628274], [126.505121177129, 35.103637163400464], [126.50725695694075, 35.10657251671776], [126.50541558571477, 35.109467974899104], [126.5061390428515, 35.11224016084557], [126.50166172518036, 35.114186855137525], [126.49736484347362, 35.11100318570061], [126.49770687167111, 35.1040818097439], [126.5006201231195, 35.102418140628274]], [[126.50345704447922, 35.052718553532024], [126.50177557629453, 35.05241053540516], [126.50221285740031, 35.05093992871842], [126.50394553319273, 35.05138880339046], [126.50345704447922, 35.052718553532024]], [[126.50226245977254, 35.04896258881013], [126.50107676561338, 35.04999021695785], [126.49852385776296, 35.04914247066524], [126.49649576574502, 35.04550653011735], [126.49857934585599, 35.04428992469283], [126.50186813579846, 35.04587921744744], [126.50226245977254, 35.04896258881013]], [[126.49825310174452, 35.025868995297664], [126.49943847875198, 35.02484138802948], [126.50073452550743, 35.02588028348238], [126.49942587817317, 35.026908448763464], [126.49825310174452, 35.025868995297664]], [[126.49897982184389, 35.12239609634312], [126.49722247272574, 35.122602841102406], [126.49698446435102, 35.12116406695619], [126.49875168798201, 35.120975209093395], [126.49897982184389, 35.12239609634312]], [[126.49700613001338, 35.03076587717901], [126.49861947012647, 35.03099234491171], [126.49921832431112, 35.03313327101819], [126.49670615863457, 35.03508275903847], [126.49377632173587, 35.032257042189315], [126.49700613001338, 35.03076587717901]], [[126.49554546139845, 35.11977700583505], [126.49514345386332, 35.12117282164815], [126.49340992525998, 35.12084063376964], [126.49382598280648, 35.11942441808838], [126.49554546139845, 35.11977700583505]], [[126.49023038306348, 35.07036759714254], [126.4907344750313, 35.068928650575224], [126.49461112751341, 35.06887443580267], [126.49498351368521, 35.072486419251355], [126.49146654555346, 35.0722376264993], [126.49023038306348, 35.07036759714254]], [[126.48729506813734, 35.14723123060416], [126.48604431368341, 35.14623024037625], [126.48730915268908, 35.145190071264686], [126.48856087836108, 35.146240888354555], [126.48729506813734, 35.14723123060416]], [[126.48778255902188, 35.06935621623702], [126.48653297567046, 35.068355228388434], [126.48779659334386, 35.067315030455006], [126.48904714788756, 35.068365845832474], [126.48778255902188, 35.06935621623702]], [[126.48436504294833, 35.05491994815119], [126.48311571946637, 35.05391892498693], [126.48437915525938, 35.05287875863146], [126.48562944780168, 35.05392960945782], [126.48436504294833, 35.05491994815119]], [[126.47884133183481, 35.11602156628075], [126.4785195430136, 35.11465494943871], [126.48094569141008, 35.11351032701708], [126.48422512488752, 35.11530142839979], [126.48431966410328, 35.117865529119115], [126.48075502847442, 35.11838299904151], [126.47884133183481, 35.11602156628075]], [[126.47828015130732, 35.150680376253625], [126.47666451616658, 35.15045362235049], [126.47460665957561, 35.146815969936014], [126.47669236436042, 35.143963232794185], [126.4795609867614, 35.14302225105683], [126.48243172649002, 35.147042597800926], [126.47828015130732, 35.150680376253625]], [[126.47314732676512, 35.073776453420166], [126.47392808199878, 35.071670841626265], [126.47917588912466, 35.07138295967606], [126.48288744998018, 35.0749361904878], [126.48060399035154, 35.076602022370146], [126.47401236091274, 35.07508883566754], [126.47314732676512, 35.073776453420166]], [[126.47307866040443, 35.123830188125694], [126.47426578326575, 35.12280285860861], [126.47691477956965, 35.12370906905792], [126.4770615007885, 35.126735169385825], [126.47337817643539, 35.126855658767035], [126.47307866040443, 35.123830188125694]], [[126.47331991712835, 35.08633487628916], [126.47450648730943, 35.08530753325103], [126.47715427885842, 35.086213733408165], [126.47730095973536, 35.08923985160965], [126.4736193230438, 35.08936036387219], [126.47331991712835, 35.08633487628916]], [[126.47215004083078, 35.15393588271179], [126.47255260818173, 35.15254015554058], [126.47428671866088, 35.1528726451691], [126.47387014588874, 35.15428878153003], [126.47215004083078, 35.15393588271179]], [[126.46945218957853, 35.10260377312121], [126.47045070613339, 35.10042530828162], [126.47472264957813, 35.10112520442058], [126.47302018260295, 35.104625988798226], [126.46945218957853, 35.10260377312121]], [[126.46958294399873, 35.08241395987811], [126.4704703618159, 35.08026754176319], [126.47402655891182, 35.08081570809295], [126.4732625604632, 35.08440141528584], [126.46958294399873, 35.08241395987811]], [[126.47180232255569, 35.11887542789308], [126.47148064092663, 35.11750879394448], [126.47326042390713, 35.1172105624453], [126.4735097187229, 35.11871241860111], [126.47180232255569, 35.11887542789308]], [[126.44191115867403, 35.15542024706944], [126.44072315438194, 35.156447245997384], [126.43790833008906, 35.155403040312756], [126.43819079666703, 35.15172592099531], [126.44261529988165, 35.15265371298113], [126.44191115867403, 35.15542024706944]], [[126.39740574176933, 35.16472664012008], [126.39579006946173, 35.16449880770836], [126.39522890160788, 35.162166751667776], [126.39879170894902, 35.159970371823746], [126.40004692477399, 35.16266902194784], [126.39740574176933, 35.16472664012008]]], [[[126.63909607393036, 35.09661706716783], [126.63978435406511, 35.100352952206215], [126.64429061426281, 35.100327938386876], [126.64427260386645, 35.09374019939737], [126.63986378170918, 35.09369661354283], [126.63909607393036, 35.09661706716783]]], [[[126.58858531006504, 34.996864145807315], [126.59283536741921, 34.995498515631034], [126.59112932159049, 34.992069566299506], [126.58696251400316, 34.99347340420012], [126.58858531006504, 34.996864145807315]]], [[[126.56650228995463, 35.19580765619711], [126.57127143352676, 35.19894502060179], [126.5760407052359, 35.19876371320454], [126.57802176609026, 35.19637723102572], [126.57614915390218, 35.19396108102835], [126.57163078044186, 35.19373067494752], [126.56786665026654, 35.19081142105016], [126.56484982865096, 35.192491934886014], [126.56650228995463, 35.19580765619711]]], [[[126.56738735892733, 35.02851877679752], [126.57163940418235, 35.02715391023899], [126.56993360260097, 35.023724682482644], [126.56576482930313, 35.02512777124856], [126.56738735892733, 35.02851877679752]]], [[[126.5333860179568, 35.17124893216876], [126.53331491018203, 35.17985732823528], [126.53854149191616, 35.18420509879953], [126.54273013350475, 35.182777548797475], [126.5427161009923, 35.180773307683374], [126.53911112575153, 35.177508600983806], [126.54222874254629, 35.175013587621514], [126.5455999241263, 35.17846316637236], [126.55057494766056, 35.177187669072495], [126.55705995826399, 35.17868214309265], [126.55955277612686, 35.18136103783242], [126.56204720975624, 35.18141720364077], [126.56405940809525, 35.17902191665823], [126.5622553238365, 35.173316161764916], [126.56410559688382, 35.17036913632061], [126.56322871887063, 35.16790564414905], [126.56672849662313, 35.1664152892747], [126.56742392191197, 35.16360823211051], [126.5632221992286, 35.16216131190414], [126.56128091601254, 35.16448534877261], [126.56206389640857, 35.16717518287268], [126.55867066639767, 35.16846978802975], [126.55731167847607, 35.171109177841274], [126.55184112513385, 35.170834958014424], [126.54913683596827, 35.16803976057026], [126.55333857685847, 35.16556131385874], [126.55273594750044, 35.162740704883575], [126.54814871707111, 35.159210111250076], [126.5422261347181, 35.15917873874642], [126.54044923313411, 35.16062459270633], [126.54017428013849, 35.16432685077262], [126.53406097017542, 35.168397731436876], [126.5333860179568, 35.17124893216876]]], [[[126.55616513139454, 35.15827413707756], [126.56042412394514, 35.15690974413315], [126.55871614861435, 35.15348041549783], [126.55454055481387, 35.15488303822187], [126.55616513139454, 35.15827413707756]]], [[[126.53881641624663, 35.12071306518939], [126.54239392601337, 35.12364894364232], [126.5470317329542, 35.123933849701494], [126.54943020326579, 35.126568780421046], [126.55525873217118, 35.1266027774602], [126.55709528667099, 35.12514444279593], [126.55633388282294, 35.12226320903575], [126.55083968600783, 35.12150600092827], [126.54834075840819, 35.11882106342657], [126.5438348252609, 35.11859550228466], [126.54133621692432, 35.11591042151726], [126.53719329010335, 35.11732172399075], [126.53881641624663, 35.12071306518939]]], [[[126.5465712821008, 34.988061294220486], [126.54904255215877, 34.98893379889217], [126.54912212364168, 34.993327849013205], [126.55362250163773, 34.99330616048513], [126.55430587575839, 34.990473508198676], [126.5503048269387, 34.988384024006784], [126.55105902241719, 34.98561751617194], [126.54911745577208, 34.98326760434745], [126.54495039453575, 34.98467000040264], [126.5465712821008, 34.988061294220486]]], [[[126.52759368797344, 35.1405435642856], [126.52626538439098, 35.14421400540818], [126.52716503420402, 35.14607709328168], [126.53174467916055, 35.149576372328646], [126.53977708539753, 35.1492090091678], [126.54048690365872, 35.15392590510678], [126.54218654408004, 35.15536418410141], [126.54816979459765, 35.15539824327495], [126.55341740080858, 35.151139995123046], [126.5527314337816, 35.14823953477199], [126.54718551457452, 35.14745139593624], [126.5447467593285, 35.14478735550928], [126.53986007929623, 35.14606553752952], [126.53647241131634, 35.14441936378729], [126.53591948611657, 35.14036699861106], [126.53075056337354, 35.1360809817226], [126.52655986885573, 35.137446465819885], [126.52759368797344, 35.1405435642856]]], [[[126.53156427660686, 35.16106583554554], [126.53582381615678, 35.15970231232415], [126.53411682010231, 35.156272645941904], [126.5299406705729, 35.15767441584686], [126.53156427660686, 35.16106583554554]]], [[[126.45784448675865, 35.16461712470811], [126.45334085030338, 35.16513774196872], [126.45257972940354, 35.16793236700787], [126.45435377638445, 35.169442724076205], [126.45914361297415, 35.16984495401009], [126.46030260828736, 35.17467912809398], [126.46262426482858, 35.175429728619406], [126.46605201690939, 35.173941351989725], [126.46946011011097, 35.17545986249997], [126.47511702238319, 35.17522008151297], [126.47852565024633, 35.17810994322686], [126.47686370855052, 35.181533907084535], [126.4777554884578, 35.19206142748965], [126.48007780216423, 35.19281169703882], [126.48362346515019, 35.191328074808006], [126.48814058648847, 35.19267708430048], [126.49282512472676, 35.18920286062244], [126.49348437430335, 35.18341771522016], [126.48831706636108, 35.17916234202241], [126.48357473596555, 35.18045518189157], [126.48169012125584, 35.17929476889832], [126.48304569154882, 35.17478924474929], [126.47637704411194, 35.16991936266531], [126.47536525941982, 35.16523512511684], [126.46990654683799, 35.165103590896564], [126.46838376979794, 35.16233859993201], [126.462639759704, 35.15866159154876], [126.45972849618721, 35.160197428106436], [126.45948298145713, 35.16381543809442], [126.45784448675865, 35.16461712470811]]], [[[126.44016986146143, 35.17221518242535], [126.44520250293809, 35.17569965682795], [126.44616626654783, 35.1803455940009], [126.4495099928712, 35.18160562940809], [126.44875048415037, 35.18437137019884], [126.45061061747079, 35.18668446885198], [126.45543704680603, 35.1854312846971], [126.45884541540231, 35.18695009356712], [126.46450314896244, 35.18671081618636], [126.46942816926504, 35.1898887431744], [126.4723733141822, 35.188354163580634], [126.47241901297988, 35.18625610179761], [126.4681779624065, 35.1824790278607], [126.46258000930638, 35.18166769789113], [126.45672010977734, 35.17614044063778], [126.45198608985804, 35.176378560951264], [126.45076737102997, 35.17381732337247], [126.44819762737842, 35.172595727651085], [126.4479685131724, 35.168891405291646], [126.4463236945031, 35.167478447190334], [126.4392472963534, 35.167975843274554], [126.43831035008715, 35.16990192374436], [126.44016986146143, 35.17221518242535]], [[126.45301603649294, 35.180163077842536], [126.45261299368522, 35.181558729481914], [126.45087836806886, 35.18122592643383], [126.45129548206327, 35.179809880282285], [126.45301603649294, 35.180163077842536]]], [[[126.45086274711069, 35.14918968511868], [126.45512297465342, 35.147829002851566], [126.45341962132296, 35.14439822473382], [126.44924273360344, 35.14579720908543], [126.45086274711069, 35.14918968511868]]]]}}, {"type": "Feature", "properties": {"regionNm": "전남", "districtNm": "화순군", "districtKey": "화순군", "regionCd": "46790", "buildingCount": 20448, "avgScore": 16.81, "maxScore": 34.0, "dominantRiskCd": "B", "rawAvgRiskCd": "A", "avgScoreScaled": 54.59, "styleRiskCd": "C"}, "geometry": {"type": "MultiPolygon", "coordinates": [[[[127.13047378137655, 35.1259277070914], [127.13046757375646, 35.12879335596906], [127.13449026530533, 35.130863661321115], [127.13396147900585, 35.13448294403008], [127.13580802299035, 35.13599574181483], [127.1426777788441, 35.1354165187772], [127.14433988136517, 35.12970928492939], [127.150968890192, 35.12992802296895], [127.15127624364956, 35.13337718705161], [127.14519567982676, 35.13747892568079], [127.14454565487188, 35.14033934663559], [127.14980801588828, 35.14461984552076], [127.16144338429685, 35.14426779691339], [127.16279294269957, 35.146910373579175], [127.16622803714303, 35.14829895139806], [127.16538577099571, 35.15373441504033], [127.1673583152386, 35.15612514368906], [127.17080926562359, 35.155570608653456], [127.17247589334565, 35.15274735414997], [127.17777692043231, 35.15270680765107], [127.17816503221106, 35.14796427393097], [127.18132614660388, 35.146902275421716], [127.18279449473172, 35.14478326423439], [127.18730266246325, 35.14456769117922], [127.189056699342, 35.14313791125088], [127.18904539433376, 35.138248335711566], [127.18612805062907, 35.136636830571085], [127.1803303198642, 35.13741163734598], [127.17889277944154, 35.142396712930655], [127.17196758145008, 35.14243399413569], [127.16867145026823, 35.14393745014068], [127.16507241227859, 35.1424360527427], [127.16192108158944, 35.143124671321615], [127.15931538681959, 35.13979548678129], [127.15459103532264, 35.139496136364734], [127.15425477101552, 35.13649110872129], [127.1609531188463, 35.131615524829606], [127.16095887480012, 35.12682677823339], [127.15920379809504, 35.12533585038689], [127.15437758756711, 35.12515152080254], [127.15084696618784, 35.12665479424589], [127.14512464625943, 35.122460021550474], [127.14042708304473, 35.12378768973068], [127.13340328034053, 35.122283193659186], [127.13050589685366, 35.12383516330716], [127.13047378137655, 35.1259277070914]]], [[[127.16202491613798, 35.10281468726599], [127.16273710463591, 35.10654758794252], [127.16948596235517, 35.10766747320734], [127.16905149748979, 35.11143948697866], [127.17326069065531, 35.11516789643995], [127.1792669773082, 35.116266156488805], [127.18119069903292, 35.118975952028], [127.17936383938405, 35.12193241596862], [127.18028447581699, 35.126675012015234], [127.18479217020224, 35.126706541575736], [127.18481090133753, 35.11435009161231], [127.18031989953808, 35.11092242773091], [127.17580442481763, 35.11071454787826], [127.17422113864778, 35.10855871642059], [127.17105699183848, 35.107505905881645], [127.17140229576508, 35.10363766961742], [127.166256026945, 35.099405039772655], [127.16269951452132, 35.09993982419955], [127.16202491613798, 35.10281468726599]]], [[[127.17270643500134, 35.17490885392713], [127.1726905264162, 35.177748951875614], [127.17440179104922, 35.17917835259298], [127.17877287555856, 35.17869731712381], [127.1804054076383, 35.18147745961849], [127.18259096802315, 35.1822527900232], [127.18561631079342, 35.180664235462984], [127.18584690703406, 35.17379021166398], [127.18391257080525, 35.1714620970714], [127.1791518121995, 35.172770617125785], [127.17441518348298, 35.17146454533146], [127.17270643500134, 35.17490885392713]]], [[[127.17273627192438, 35.20654241603875], [127.17568234734289, 35.20822950292622], [127.18146070022115, 35.20747316666668], [127.1814927295357, 35.20088551701475], [127.17346696604778, 35.20085896210235], [127.17273627192438, 35.20654241603875]]], [[[126.86754789811728, 34.889403057156734], [126.86754658993205, 34.89229333390929], [126.8715023203011, 34.89430498602907], [126.87102432723755, 34.89804149811921], [126.87464425621255, 34.90141763225111], [126.8707811493159, 34.905614131346674], [126.87163260931098, 34.91393219697603], [126.86816280421587, 34.91539448017675], [126.86747980096771, 34.9182034194371], [126.87033256950866, 34.91984059006883], [126.87364652076539, 34.91921153792573], [126.87517852345412, 34.92197158809806], [126.87868019675, 34.92371244239988], [126.87844926188276, 34.93150996082424], [126.87272383161675, 34.93210890848314], [126.8709687979723, 34.93353416450372], [126.8709706694058, 34.94133290693841], [126.87276785027157, 34.94274985349899], [126.87869792250781, 34.94269632639234], [126.88383151497649, 34.93846143188645], [126.88337851948958, 34.93469947981154], [126.88735627663897, 34.932671315369184], [126.88731299023148, 34.930597421094454], [126.88407394195193, 34.928535703010574], [126.88381870139911, 34.92482521121572], [126.87968203341094, 34.92240100190928], [126.88063787947772, 34.917398031335374], [126.88398369982876, 34.91554123264903], [126.89253793629938, 34.92036903166032], [126.89196286737509, 34.92971571432877], [126.89561130951626, 34.93306996367732], [126.8884737183128, 34.93932040457902], [126.8879764673782, 34.94673949176593], [126.8832713208721, 34.9465292989079], [126.88144454492449, 34.947992646700925], [126.88304483883074, 34.9518557559622], [126.88143342505586, 34.95571574921234], [126.88455054859372, 34.95762373794292], [126.8863944197328, 34.96097627639208], [126.88086852103551, 34.96641465786157], [126.87611343040395, 34.96674653627831], [126.87417475584918, 34.969153552709486], [126.88109175737013, 34.97500463378673], [126.88207795928255, 34.979647346215096], [126.89164971684062, 34.986635103979765], [126.8919907807525, 34.996811990770155], [126.89103716011276, 34.998301479889776], [126.88555545607241, 34.9990610222457], [126.88413343108765, 35.00462948194302], [126.87853626026559, 35.00482305006596], [126.8776469354544, 35.009293710658284], [126.8749846853482, 35.010629507844314], [126.8743232553473, 35.013347458866896], [126.87610178580513, 35.01485170091667], [126.88082811829955, 35.01504540085946], [126.88471416759158, 35.01211061974345], [126.89177038608369, 35.012226067826745], [126.89191763661997, 35.01927710508263], [126.89368486392775, 35.020649679905766], [126.89852064233617, 35.02061594059034], [126.90047073895447, 35.02686648132435], [126.89863938568186, 35.02967151668069], [126.89863207071807, 35.03559605236089], [126.90248990514486, 35.03979966705895], [126.8988544430811, 35.04316896020663], [126.89882223202355, 35.0479832847801], [126.90208852847736, 35.05010114252687], [126.90301651547284, 35.054660730143816], [126.9099700729007, 35.05896385307613], [126.9091085192974, 35.06728200181135], [126.91094336459753, 35.0701406606068], [126.90911122672959, 35.07310155366754], [126.91353745892978, 35.077763940992504], [126.91709355928754, 35.07829638630145], [126.92248974876327, 35.07300588557699], [126.92055617712153, 35.07062276048334], [126.9146703364254, 35.06986815610122], [126.91548464545093, 35.061463630488554], [126.91453044833523, 35.05961921320806], [126.91117447145008, 35.058328064776674], [126.91210413548997, 35.0552394327376], [126.92407880778264, 35.05525218886396], [126.92578576116807, 35.05382136141117], [126.92604288735936, 35.05011811001251], [126.92953065217038, 35.04707769651441], [126.92852461428906, 35.04517568746802], [126.92515883996333, 35.04464536058849], [126.91923545942326, 35.05015201725341], [126.9131689274086, 35.050985058040766], [126.90856915384728, 35.04698847652449], [126.9085181549459, 35.03856854227121], [126.91357382164462, 35.03793873694751], [126.91551132553771, 35.0355582138294], [126.91530367496324, 35.02883483861851], [126.91203788166213, 35.026717329944326], [126.9120909413858, 35.02360182889287], [126.91565432179489, 35.023747575258966], [126.91816243081458, 35.026425013536134], [126.92404460210267, 35.02642883766652], [126.93214939657003, 35.0200676189068], [126.93356610540198, 35.01738302446184], [126.93679780355956, 35.018041255018304], [126.93914490614387, 35.020647780508426], [126.94158124901098, 35.020669715813334], [126.94334805095538, 35.01921792321016], [126.9436646932768, 35.0154317879212], [126.94594747436342, 35.014819902778704], [126.94808508009214, 35.01665630616988], [126.94795600543895, 35.02498881897667], [126.95114720634665, 35.026972696867915], [126.95175519345725, 35.029803942098255], [126.94769835837485, 35.03006773291044], [126.94389533084448, 35.0271587163213], [126.93678758948481, 35.02716408359026], [126.9333744839974, 35.02866585114891], [126.92983623105255, 35.02715273329928], [126.92691392816889, 35.02879260364918], [126.92668983640978, 35.03273183758236], [126.92851541332965, 35.03553947594074], [126.92668482337093, 35.03834493155808], [126.92758324139858, 35.04025586391371], [126.93110639799022, 35.040834365862615], [126.93410530305077, 35.03739975924222], [126.938125734938, 35.03906600927108], [126.9380446995903, 35.043836445342954], [126.93397058908508, 35.04600901485689], [126.93370674817007, 35.04971904658776], [126.93045835487668, 35.05177585874225], [126.93041040645487, 35.05384964477736], [126.93222515646298, 35.05529022147139], [126.94006979545425, 35.05544927308621], [126.94384104565799, 35.05835705073672], [126.94614975042781, 35.05757194470275], [126.94777550799438, 35.054790031237374], [126.95293635634255, 35.055204555317765], [126.96022376689993, 35.06105896116025], [126.9626613346511, 35.06103899797314], [126.96673404054563, 35.05806521083967], [126.97071667659553, 35.061052808820065], [126.97544682829793, 35.06137889058793], [126.97574229813367, 35.064244053734804], [126.97152472704224, 35.06760545311461], [126.96521579179898, 35.06757126619774], [126.96253816265843, 35.06484099575192], [126.95918122590723, 35.06541124971825], [126.95907382901025, 35.07268935215582], [126.95564391094403, 35.074081406667226], [126.9547201879307, 35.07601154780145], [126.95667557270106, 35.07835496832521], [126.96233533213213, 35.078864454313305], [126.96273126626673, 35.08360660189732], [126.96802789935094, 35.0836409990616], [126.9696979749289, 35.0864623577776], [126.97314697120511, 35.087012896753976], [126.97489875432551, 35.085520014396934], [126.97508918756056, 35.079069377662655], [126.97862500166518, 35.07596735177453], [126.97514129894597, 35.072897115110344], [126.97509181718543, 35.07041620397328], [126.97914279675285, 35.067041174358025], [126.98236724936694, 35.06709134551187], [126.98299518578902, 35.07398386372364], [126.98461823229695, 35.07594116453732], [126.97927918072924, 35.08163128857525], [126.98110761003893, 35.08459383493573], [126.9792776824716, 35.08755578231913], [126.98126511842574, 35.08990794678922], [126.98476729716168, 35.089270032733474], [126.984834905867, 35.08486954152158], [126.98824012379805, 35.08354286827861], [126.989174484434, 35.07898413258843], [126.9930742769221, 35.075745608675035], [126.9984213800614, 35.07538560163229], [127.00228907502252, 35.07836268519487], [127.0057623225003, 35.07779462480313], [127.01020230209946, 35.07308441467005], [127.00927028423294, 35.071204770865315], [127.00584108194516, 35.06981172330179], [127.00687204775322, 35.06672212693741], [127.01270336166017, 35.06630531502085], [127.0212395168564, 35.058387916514945], [127.02577442668586, 35.05816920652168], [127.02987452026927, 35.05518169345281], [127.03385931537078, 35.05816721930114], [127.03849516713666, 35.058433327602074], [127.04090755480159, 35.06105858491753], [127.05129011327598, 35.060526343172754], [127.05554673574233, 35.05676581128363], [127.05612328742355, 35.052130706087624], [127.06075722310864, 35.05240953819815], [127.06255794692791, 35.05099359660364], [127.06097246444894, 35.0470828409112], [127.06305193863004, 35.04066499039124], [127.06770775975416, 35.0415034230875], [127.06717895217349, 35.04800687430397], [127.07122242222442, 35.05015462443585], [127.07045179781238, 35.05268842563598], [127.06787857500758, 35.05389985205139], [127.06636424548682, 35.05663899647854], [127.06304525545207, 35.0560082375413], [127.06024355937838, 35.05754963330953], [127.06086806998908, 35.060453024872565], [127.06431998647953, 35.061864607341455], [127.06344546095804, 35.06422988670905], [127.0594482621496, 35.06752038601634], [127.05385731384443, 35.06832887481815], [127.05277420593617, 35.07649729630889], [127.04689224759831, 35.07694662531143], [127.04585416344192, 35.0816270164279], [127.03921031543611, 35.0864021811228], [127.04076344518974, 35.09035722575803], [127.03893547238695, 35.0931643494902], [127.03885550397519, 35.09940020525429], [127.03387638612419, 35.09947631264926], [127.03191097238343, 35.10187030786061], [127.03539803461508, 35.10493889777287], [127.0354493639948, 35.107419769526246], [127.03034012197428, 35.10814198036002], [127.02510951942475, 35.11250920399491], [127.02518265517124, 35.1145076577784], [127.02847222412794, 35.11665648616153], [127.02869596908823, 35.12315998810676], [127.04088263402562, 35.1331473703058], [127.0444471515022, 35.13252845325872], [127.04583336584992, 35.127606297083425], [127.05040188500837, 35.127375056017264], [127.05307011412015, 35.124645137322034], [127.05742152170441, 35.12448756705168], [127.06007125054379, 35.12112724672526], [127.06542044050907, 35.12106102156376], [127.06603397461325, 35.116173495204556], [127.07490621098458, 35.115845653409046], [127.07741727806928, 35.11316839409731], [127.08296445859041, 35.11239717178136], [127.0830608971877, 35.10511901684531], [127.08719122592258, 35.1028473357099], [127.0864860309832, 35.100018142284014], [127.08310288405575, 35.09943095654503], [127.08127626889096, 35.100897275237536], [127.08118094724105, 35.10496968408791], [127.07772178195737, 35.10574640166917], [127.07495478746898, 35.102353853368875], [127.07010026369016, 35.102154585072185], [127.06374342646357, 35.10642982098955], [127.05847901914862, 35.105226558996435], [127.05338900496416, 35.10868587925741], [127.04883864856718, 35.10461805873721], [127.04793920610364, 35.10010083219332], [127.04527530060842, 35.09876336512063], [127.04496826346373, 35.094443149180535], [127.0485768220549, 35.09133143441646], [127.04888716330224, 35.08466068622348], [127.06188153775291, 35.08356596866918], [127.06285396154834, 35.07319954756363], [127.06788075361297, 35.07257492895302], [127.06960428118003, 35.07115601598358], [127.06960881896018, 35.06340750105892], [127.06541380563635, 35.06095937318645], [127.06738709151011, 35.05758976620774], [127.07717621751466, 35.05847242710704], [127.07756486770643, 35.06115901479938], [127.07428013689035, 35.06331064548014], [127.0742820775756, 35.06545299639432], [127.07727607520671, 35.066991095421585], [127.08087907499858, 35.06413160771063], [127.08410347158738, 35.064179074469386], [127.08476629979722, 35.07114636720665], [127.08888864696196, 35.07338666670403], [127.08743256340534, 35.07681640053941], [127.08193235483236, 35.07696633401209], [127.08183281753082, 35.08140812605241], [127.07777532831025, 35.083543212319505], [127.07780941777446, 35.08564151643434], [127.08061477227561, 35.087179648275765], [127.0842170557068, 35.08567362136035], [127.09126978263167, 35.08717962711091], [127.09416570258342, 35.08558589963373], [127.09341093341398, 35.0826579216571], [127.08646371154414, 35.080948819694584], [127.0880018232843, 35.07788882622158], [127.09241555782182, 35.07833663485251], [127.09501589245936, 35.074999144512375], [127.09833589560905, 35.075629025147975], [127.10116952952754, 35.074042708584386], [127.10113484752794, 35.07194440796364], [127.0982678749352, 35.07039926648266], [127.09598240578993, 35.07116714696225], [127.0942270018214, 35.07400648446602], [127.09014861329426, 35.07283128202045], [127.09490448503796, 35.06639899994801], [127.09947988349339, 35.06677274379719], [127.10247268021341, 35.06333399582495], [127.1192790996093, 35.06420712621667], [127.12003950045349, 35.0673101560541], [127.11455354940932, 35.06769869120052], [127.11198529788378, 35.071027434738454], [127.10866537729449, 35.070397927110605], [127.10583201469471, 35.07198441928089], [127.10649028650276, 35.07484351936688], [127.1099435918622, 35.07625379782229], [127.10935090320011, 35.07980438544738], [127.11218880405416, 35.081385777608624], [127.11550741363223, 35.08075013584384], [127.11702836367336, 35.08348697077807], [127.11933840098068, 35.08427086856966], [127.12650683258813, 35.07851455630113], [127.13075532611498, 35.07879981566525], [127.1301272162767, 35.08148301945631], [127.1266560992493, 35.084451304608024], [127.12666525830552, 35.09037578145985], [127.12849896372256, 35.09318037294361], [127.12666493848612, 35.09609377759592], [127.12860510109438, 35.09847359797247], [127.13457858768352, 35.09939362330452], [127.13369331878512, 35.10185498620728], [127.13553116231762, 35.10480670312023], [127.133702738654, 35.10762372486668], [127.13554632081222, 35.110478954787595], [127.13396900134136, 35.11439222715447], [127.13809215515968, 35.115790141066235], [127.1415052307785, 35.11234011176013], [127.14499250894528, 35.113545357837005], [127.14425716371792, 35.11631550193135], [127.14621892972447, 35.118655839744044], [127.15082979845045, 35.11734193309791], [127.15436567313726, 35.11883631176475], [127.15671371741475, 35.11807478535562], [127.15762574650626, 35.10754079034696], [127.15578146212097, 35.10468589657823], [127.15761464120807, 35.10177205775012], [127.15317997458344, 35.09657923781916], [127.16010447084294, 35.09504416364579], [127.16086439508943, 35.09213912672477], [127.15794925023799, 35.0905269249917], [127.15129058604286, 35.09121978839758], [127.14851184704554, 35.08783096454283], [127.1427464134799, 35.08783788846319], [127.14036772792505, 35.089175277453364], [127.13619332839498, 35.08753520994714], [127.13560382262587, 35.07929387394225], [127.13877023971278, 35.078190609464514], [127.14273482332884, 35.08118470757527], [127.1564345850495, 35.081072340954265], [127.16138014832711, 35.084222208332584], [127.1661414154932, 35.08401767451499], [127.17035462819227, 35.08103474149914], [127.17771417207629, 35.086874050255716], [127.18119199382525, 35.08633077704035], [127.18213490591187, 35.084380670377094], [127.18030511954422, 35.081480404360754], [127.18187404413717, 35.07766300229275], [127.17419171374317, 35.075273891910406], [127.17429041698145, 35.070323313342136], [127.1776454233758, 35.06902971227331], [127.17859917031979, 35.06715747219095], [127.17834814528265, 35.06327081837211], [127.17474367302952, 35.06019127259772], [127.17481548403806, 35.051738380588894], [127.17299656290427, 35.05030143976072], [127.1696417010514, 35.05087751499799], [127.16867117346274, 35.055476024115436], [127.16520255357266, 35.058445418527725], [127.16522030048907, 35.06725429438101], [127.16617095861814, 35.06904597522167], [127.16957835208706, 35.07041630034595], [127.16934529214734, 35.07578013843592], [127.16309901308746, 35.07928285324158], [127.15559439146426, 35.07342176733353], [127.150203235317, 35.07457568590658], [127.14871010724066, 35.073063058472336], [127.15052792632824, 35.0701578086663], [127.14962398948653, 35.068248545444185], [127.14508340411307, 35.06479322197211], [127.13908626947166, 35.06378166732542], [127.13992198716787, 35.05600703089975], [127.14348988049481, 35.05275501480685], [127.14253066199885, 35.0509123954483], [127.13912452910463, 35.049541303035525], [127.13975626356688, 35.046090357438], [127.13643364195194, 35.04389164035623], [127.1363854530507, 35.038704647973766], [127.13998190880837, 35.03807690256223], [127.14379237745747, 35.0409797567946], [127.14697167161866, 35.03832883587943], [127.14348337646774, 35.035317613593605], [127.1425422541392, 35.03075986860136], [127.13695195070122, 35.02996042466996], [127.13468617912544, 35.02720923241327], [127.1364267687514, 35.023973294194455], [127.13458502123882, 35.021063841340975], [127.13616053198679, 35.01715050480524], [127.13332439573814, 35.01556965281845], [127.12499924746051, 35.01576908845536], [127.12326676939179, 35.01721435117396], [127.12295839984533, 35.02100094316161], [127.11921615346928, 35.02285675672499], [127.11561754168467, 35.021157316845375], [127.11150705742394, 35.01671231707818], [127.11249104579582, 35.01503020281203], [127.12039220548806, 35.01485522920471], [127.12289870332584, 35.01217699211409], [127.12843862568951, 35.011403691114815], [127.12863404448764, 35.00395674834969], [127.13439736396404, 35.00330284911181], [127.13616038012434, 35.001848251222285], [127.13661972128685, 34.99156937530282], [127.14373949343975, 34.99194341398309], [127.14732613421612, 34.990432722890915], [127.15178864373358, 34.99239230583577], [127.15126149106503, 34.996011742627466], [127.1530447066519, 34.997511924929626], [127.15553377581278, 34.99746163908489], [127.15814084684686, 34.994755820163576], [127.16481789391601, 34.994418796155614], [127.16592270309198, 34.997588201548105], [127.1624994420148, 34.998986107868404], [127.16157217607702, 35.000867084003815], [127.16351108793803, 35.003246386769206], [127.16947802528485, 35.00416472534454], [127.1688613110492, 35.01913921732076], [127.17177412745679, 35.020751182404645], [127.1775393042823, 35.01999504813879], [127.17848154820891, 35.018044950546], [127.17665337997857, 35.01514459285221], [127.17846935345504, 35.012431860463124], [127.17824027802978, 35.00849282022902], [127.17053323957676, 35.00316899043499], [127.17144242056597, 35.00079935440035], [127.16960006976498, 34.99794461499476], [127.1714214574835, 34.99513549375388], [127.1711816128135, 34.991170900966225], [127.16936410036622, 34.989733887271804], [127.16473447194083, 34.990021324003415], [127.1634962382808, 34.98746716524502], [127.16087134513833, 34.986173378690765], [127.15995800712263, 34.98168291621701], [127.15543396878951, 34.981708892542514], [127.15392928387728, 34.98733357599464], [127.15004512614108, 34.98656464943804], [127.14946116884678, 34.97883195824782], [127.14036124396173, 34.97864377746646], [127.13893314605293, 34.97019115139964], [127.13193726196651, 34.96961089771872], [127.1299778092658, 34.97200652200456], [127.13181828940701, 34.97491607112783], [127.12998692336335, 34.97777538522585], [127.13182753355748, 34.980684931154926], [127.13023837738598, 34.984573725205614], [127.1344833190546, 34.98594906991136], [127.1363506861734, 34.983642230574695], [127.13560706498708, 34.980873735554255], [127.1395616293193, 34.979665118010516], [127.1411971461223, 34.98632767062734], [127.13794278459201, 34.98747878519045], [127.1363026968114, 34.99028339117107], [127.13091559234249, 34.99039109620011], [127.13004471531298, 34.997748022334754], [127.12665105983208, 34.99969894507449], [127.12278041882199, 34.99827424793979], [127.11805381401922, 34.99844790380906], [127.11539634911811, 35.00179845130965], [127.11207920284853, 35.001169024582516], [127.10878763544065, 35.00267087847931], [127.10195580806328, 35.001191992533286], [127.10039535916817, 34.992889563655396], [127.1045966067036, 34.990341841827934], [127.10391030552302, 34.98464834933973], [127.09580747800688, 34.97828895013551], [127.08992875285574, 34.978293446112126], [127.08742220947013, 34.98097101753427], [127.08146311524564, 34.98176274204115], [127.07937213272213, 34.978765062861264], [127.0870313647513, 34.975983600483026], [127.08727276082202, 34.971993955051], [127.08544317679579, 34.969188677803544], [127.08752184853499, 34.96565477161733], [127.09222860205266, 34.96585705071902], [127.09404095177786, 34.96441609069308], [127.09404320097102, 34.95666744174917], [127.09109013429112, 34.95502674673499], [127.08527802087417, 34.95585968520444], [127.08463917855067, 34.95862857525236], [127.08789150657634, 34.960691691186774], [127.08784514692438, 34.96380729656669], [127.08186672505047, 34.964435826318464], [127.08172079531418, 34.9689160513249], [127.0789007874928, 34.96975911024368], [127.07480130562239, 34.966775088984704], [127.06998920784733, 34.96638805034023], [127.06952333630768, 34.96245284263021], [127.06781842361157, 34.96102190088866], [127.06336495409944, 34.96083617252625], [127.05965562100093, 34.95793956156223], [127.05560088539023, 34.959370169359886], [127.05023547144322, 34.95524081444172], [127.04679873973869, 34.95581928306921], [127.04615828197038, 34.96162782716082], [127.06025992478382, 34.97348214691561], [127.05938149028034, 34.97521909414948], [127.0537597042553, 34.97606882440037], [127.05374445378501, 34.9832675358047], [127.0503198748977, 34.98466228422389], [127.04844888331782, 34.987526864644074], [127.04234190619222, 34.98742376754899], [127.04080308199944, 34.984665855285314], [127.0339178880723, 34.98047656603798], [127.03449035039286, 34.97400561195477], [127.03084956836001, 34.97060873934632], [127.03447645091299, 34.967332048865316], [127.03470629091278, 34.963367028141896], [127.0312344537391, 34.960403298765144], [127.03097956071933, 34.95669989764532], [127.02915414597064, 34.95523523371379], [127.0233065092777, 34.955258105959174], [127.02135336734419, 34.957601218147715], [127.028707101376, 34.96474424891332], [127.02508056883441, 34.96823903844024], [127.02424678267543, 34.97589098656115], [127.02009545594242, 34.974942179485446], [127.02046142411882, 34.97109880325625], [127.01752041251268, 34.969481863602674], [127.01371868503867, 34.97238969860297], [127.00921128835468, 34.97260464166418], [127.00681659226515, 34.97523342158241], [127.00350146587144, 34.975126359901154], [126.99931239427761, 34.97061265572015], [127.00019204805322, 34.968972737534166], [127.00469105208369, 34.96876395198517], [127.00645562451264, 34.967311228132424], [127.00644414127298, 34.96244702730041], [127.00350371417584, 34.96082974581794], [126.99695367843152, 34.96515174762179], [126.99299232610302, 34.96371403924787], [126.99006582004363, 34.965306712297846], [126.99006557206677, 34.96736106010106], [126.99364496334171, 34.970421620295724], [126.99290329259945, 34.97577921579742], [126.98256625270655, 34.975778171721934], [126.97682279408446, 34.96912004357171], [126.97864434732647, 34.966410276763945], [126.97790618815294, 34.96364080644315], [126.98122776173575, 34.96241660988757], [126.98566292382942, 34.957653014920474], [126.98473276547976, 34.95582733905828], [126.98128598897598, 34.954380968582754], [126.98190674606751, 34.94799908473785], [126.97774727767981, 34.94523902277955], [126.98079247096882, 34.94269117687428], [126.98477003373061, 34.94567836882198], [126.99067745768774, 34.945688105178924], [126.99876914572646, 34.93932234948942], [126.99874707771932, 34.93563712157692], [126.99264595706052, 34.93435970086343], [126.99282676559312, 34.928833852549694], [126.99938141649565, 34.927825234462915], [127.00225520253892, 34.93124542161631], [127.0070033474547, 34.930997379270906], [127.00823587601407, 34.93355316188281], [127.01089622426986, 34.934941208324645], [127.01176401405952, 34.94255262217574], [127.00823695146765, 34.944310316847684], [127.00755848189446, 34.94712003229347], [127.00932286882052, 34.94857255740622], [127.01404571092641, 34.9487610726757], [127.01697856820861, 34.94706929746174], [127.01535694937394, 34.94325773300139], [127.01734506038761, 34.93748620287845], [127.02175230617266, 34.93357608026255], [127.02683507173374, 34.93703213423996], [127.03369939092532, 34.93650211721969], [127.03392498255901, 34.931949659972716], [127.0379742373208, 34.92980759501077], [127.03798717165448, 34.92501868637353], [127.0314234430696, 34.92045222013944], [127.02857967326594, 34.922061473229526], [127.02880463746081, 34.92601121031938], [127.02078066865887, 34.927708138497984], [127.01525565083675, 34.92354196797043], [127.01069829801105, 34.92331301954334], [127.00917892806862, 34.9211656846545], [127.00369393118568, 34.92042897006416], [127.00121727581957, 34.9177623907422], [126.99553684402606, 34.91722604054629], [126.99625990072718, 34.914489272213615], [126.9994480116593, 34.91250674015128], [126.99890043289872, 34.90887867139963], [127.00222455538169, 34.9076315563589], [127.00318043211679, 34.905760642702], [126.99965126778619, 34.90263079817772], [126.99939090584873, 34.898920530646976], [126.99615029640738, 34.89686178811262], [126.99616760198997, 34.89126038430636], [126.99439436944517, 34.888167963140006], [126.99640977251308, 34.885495368388085], [126.99914381542102, 34.884535750158754], [127.00127658502713, 34.88744023904208], [127.00471745599943, 34.88798989847271], [127.00644914902419, 34.88459205577312], [127.00462576622634, 34.88312700554822], [127.00000154232222, 34.883408165782775], [126.99944823693457, 34.87882325881829], [126.99768551567358, 34.87737057362185], [126.99519997264402, 34.877417624349235], [126.99270162470287, 34.88008746398767], [126.98769035340277, 34.88036577235836], [126.98371583274478, 34.87737864464989], [126.97812141867655, 34.87691265693854], [126.97870129698815, 34.87418763545093], [126.98217805736402, 34.871118519863636], [126.97870286614734, 34.86810247713219], [126.97845061653047, 34.86439890983646], [126.97674931015625, 34.86296666728979], [126.97325516911148, 34.86352231508106], [126.97217013926998, 34.868261600241176], [126.96830893892623, 34.87138879378895], [126.9628269521426, 34.87212425247238], [126.96121591954383, 34.87493103091659], [126.95225101082194, 34.87505383747808], [126.95153398336056, 34.87783357408561], [126.95484496962052, 34.88003740999534], [126.95440346896574, 34.88287265436647], [126.95149643205853, 34.88366055957823], [126.94874210716932, 34.880265014006085], [126.94303484803636, 34.87971459721712], [126.94277823931, 34.86587394285443], [126.94692945397159, 34.863509062068445], [126.9471864013141, 34.85957039350578], [126.94333702052245, 34.85541344745128], [126.94347021789466, 34.84131170712722], [126.93927676405639, 34.837322056258486], [126.9427963799832, 34.83546760228828], [126.94349122262598, 34.83270798885796], [126.93825029169639, 34.82832761407183], [126.93573522103776, 34.82836429581257], [126.93385494838152, 34.83074596896447], [126.93826156447028, 34.83561518399912], [126.9338496633319, 34.83937238421561], [126.93732196826917, 34.842443913251785], [126.93732002118678, 34.845012229767846], [126.9347513253999, 34.84622087980551], [126.93323638865873, 34.84895845806747], [126.92539726333638, 34.84849032340493], [126.92334165442925, 34.85093131195514], [126.92533247312487, 34.85336234592476], [126.93342850780162, 34.85302992471966], [126.93412135370826, 34.857777833082025], [126.94171148936204, 34.86436584972274], [126.93723777214838, 34.86711972472523], [126.93228957904942, 34.8658229314125], [126.93032679295563, 34.86821537646208], [126.9322856104149, 34.87066422858514], [126.93725087130873, 34.87074150904667], [126.93732884177129, 34.87697760744398], [126.93915133987483, 34.87978515468416], [126.93731540394494, 34.88264160870552], [126.93818232305182, 34.88734498666515], [126.94511550537331, 34.887999210424724], [126.94758368714861, 34.885361707771246], [126.95090533449086, 34.884767615149656], [126.95314587183839, 34.89132927802173], [126.95131753872575, 34.897175376379685], [126.95445259265745, 34.899717477394255], [126.95766539376184, 34.897126986492346], [126.95597565197231, 34.890866326599145], [126.95818432095969, 34.88820063574192], [126.96149589260723, 34.8883089337583], [126.96364815244962, 34.8913328722282], [126.9618128065426, 34.89418969120106], [126.96181789340616, 34.90294807707265], [126.96501927261228, 34.905489924142806], [126.96791124689018, 34.90389916042023], [126.96848704351649, 34.89984885639978], [126.97667823919663, 34.89953480270189], [126.97867143326427, 34.89713248733728], [126.97844308711419, 34.89324375529049], [126.976741186731, 34.89181151921589], [126.97189931846792, 34.89160831700827], [126.96849247079832, 34.89311110903427], [126.96647749707856, 34.891797694520314], [126.96817337634353, 34.88844966186827], [126.96636200859308, 34.88537266035509], [126.96825815972079, 34.88275595744071], [126.97549776714834, 34.88090550804424], [126.98288609771234, 34.88302002501605], [126.9828186882793, 34.89136418954141], [126.98465218164475, 34.89422181668215], [126.98282664902983, 34.8970281865196], [126.98288204954922, 34.90253864273105], [126.97331653576332, 34.90385628993778], [126.97231971811108, 34.90871986597395], [126.9776892524828, 34.91391022630433], [126.9856025230866, 34.91346312159851], [126.98724535001288, 34.91626609577514], [126.99074472505505, 34.918102447095634], [126.98949203968947, 34.923790333019845], [126.98474434916328, 34.92354196797043], [126.97956341289515, 34.92780751696899], [126.97907342439252, 34.93756191551381], [126.97355309930376, 34.94092791065751], [126.9716785669566, 34.9402128585367], [126.97142641426105, 34.93650932073019], [126.96977718728719, 34.935103394125775], [126.96485610400958, 34.93637238458257], [126.9614684977195, 34.934738020725476], [126.96086393933224, 34.9306433734931], [126.95323800089025, 34.92396059305685], [126.95739842635733, 34.92120274092614], [126.95674656838932, 34.918342760461805], [126.94436025073357, 34.918235942562845], [126.93815672069763, 34.91196858729307], [126.93121935062061, 34.91254195904389], [126.93026154387645, 34.91712046110562], [126.9260667655566, 34.92111065436272], [126.92295335760339, 34.920297397833224], [126.92067400006609, 34.91773650624094], [126.91482904600757, 34.917710940717505], [126.90808749766771, 34.92406631742343], [126.90475753387939, 34.92163623322771], [126.90862897290192, 34.91729130733455], [126.9086263397064, 34.91141741364967], [126.90675944712535, 34.90911120950312], [126.90225574796196, 34.90889315124158], [126.89836539001253, 34.905991446912665], [126.89550840138146, 34.90762312124644], [126.89475561929696, 34.914614522197965], [126.8916377181827, 34.914611782068036], [126.88913386977924, 34.9119337540638], [126.88444722851895, 34.912197988895585], [126.88321885818016, 34.90964094768056], [126.88065086171869, 34.908428465467104], [126.88007542850947, 34.90570279075023], [126.8838377889941, 34.90469399084113], [126.88670597200394, 34.908116915424394], [126.89017815396974, 34.90758195948148], [126.89111605640984, 34.900188382019586], [126.89558952416127, 34.896051235674285], [126.89957001521007, 34.89729929532581], [126.89971746819032, 34.901803044355866], [126.90321241560993, 34.90236223983441], [126.90514708266602, 34.89992763190348], [126.9042193578544, 34.89810132538818], [126.90077640980934, 34.89665266231308], [126.901810295439, 34.89129630087423], [126.90898221310952, 34.88952734934792], [126.91257579712456, 34.89103361404901], [126.91542075596526, 34.889427068054026], [126.91373319014309, 34.88601417722547], [126.90898465580226, 34.887312163612116], [126.90703094633575, 34.88608066335328], [126.90843909075835, 34.88167326694922], [126.90519437267149, 34.87960532743847], [126.90494538543614, 34.87590161888411], [126.90324511905924, 34.874468351989435], [126.89982447087195, 34.87497315537832], [126.89554491777011, 34.878778390201745], [126.89714453873403, 34.882641356622514], [126.89531629023384, 34.885446413962626], [126.89468898456994, 34.89508297137003], [126.89028615995241, 34.89462797208517], [126.8877756825195, 34.897301457513755], [126.88182073601658, 34.89808340475272], [126.8787151822469, 34.89463771644169], [126.87318175752942, 34.89421930377703], [126.87362808088247, 34.888633558765264], [126.87715951980503, 34.88553438275219], [126.87517100454141, 34.88307547964754], [126.87268522590085, 34.883120025321304], [126.86823103220426, 34.88652973734513], [126.86754789811728, 34.889403057156734]], [[127.15122436723105, 35.09315521423744], [127.15004616638421, 35.094189181118985], [127.14874081210752, 35.09315723225111], [127.15004237991036, 35.0921220713388], [127.15122436723105, 35.09315521423744]], [[127.14819860455376, 34.98777431485522], [127.14644576950067, 34.987990470633754], [127.14619676216311, 34.986552934837164], [127.14795959749065, 34.98635461385192], [127.14819860455376, 34.98777431485522]], [[127.14390844704828, 35.107849382445025], [127.14265025598738, 35.106855158894994], [127.14390614156977, 35.105808127353995], [127.14516570258745, 35.10685217299874], [127.14390844704828, 35.107849382445025]], [[127.14005283061621, 35.09316652441841], [127.1412311432898, 35.09213265419669], [127.14473289847453, 35.093140259548775], [127.14405786433018, 35.09604961681588], [127.14037688831672, 35.09619037437548], [127.14005283061621, 35.09316652441841]], [[127.13877569786885, 35.111293709665226], [127.13844290762772, 35.109928838245615], [127.14022010270277, 35.10962081258687], [127.14048161424968, 35.11112130489336], [127.13877569786885, 35.111293709665226]], [[127.1348637730658, 35.0738505322039], [127.13324782746722, 35.073632526172055], [127.13264395761286, 35.07168744681066], [127.13405483174533, 35.06907198999479], [127.13806566395724, 35.07063793067848], [127.1348637730658, 35.0738505322039]], [[127.13438591072959, 35.07748655567514], [127.13399499882668, 35.07888450470489], [127.13225976683401, 35.078561448115664], [127.13266456267262, 35.077143024654696], [127.13438591072959, 35.07748655567514]], [[127.12469957454945, 35.02885986763922], [127.12644094831971, 35.029245740477236], [127.12663218672644, 35.032273691452005], [127.12239229972526, 35.03434885619233], [127.12062797736787, 35.03233043613153], [127.12469957454945, 35.02885986763922]], [[127.11735077097484, 35.03180095871366], [127.11605065121533, 35.03547794185174], [127.11685971115972, 35.03811348330106], [127.10995140543369, 35.03944700034996], [127.1092794752622, 35.04514163733725], [127.1111083164917, 35.04660506949481], [127.11895245130766, 35.04675255511333], [127.12053308703186, 35.048909136089435], [127.12361151194334, 35.04989776999466], [127.12332169210107, 35.05378138073275], [127.12657876338204, 35.055843418578874], [127.12645260134212, 35.05857221323205], [127.12306127768751, 35.059479127611226], [127.12151838880284, 35.05672227856342], [127.11575240605514, 35.053076135174514], [127.11205643409133, 35.055945609826416], [127.10651334980993, 35.056718163189714], [127.1012298348404, 35.062463269464445], [127.09510870947051, 35.06243297859964], [127.09239382641569, 35.059055269239536], [127.08778607749952, 35.059395801838505], [127.08704144185742, 35.056923177449626], [127.09063566645827, 35.053835746571075], [127.09064140623612, 35.04897161239296], [127.08887342516172, 35.047520297351426], [127.08436989706452, 35.04731482041093], [127.08348765205956, 35.04557893718711], [127.09060566198173, 35.03943827432906], [127.09064069504814, 35.03459936576316], [127.08879727157294, 35.033085849598635], [127.08434600224248, 35.03349964542836], [127.07939439108266, 35.02761260738801], [127.08708024197819, 35.02213438786787], [127.08748221541617, 35.01533574847269], [127.09150233014967, 35.01360067173001], [127.09930093576408, 35.018488609798915], [127.09952096759997, 35.0345367350022], [127.10401043908797, 35.03442285800444], [127.10487094216434, 35.03255294448104], [127.10304504566221, 35.02965148016493], [127.1049638542658, 35.02798838387281], [127.10861118257112, 35.02946985380535], [127.1154207406934, 35.02944952466455], [127.11735077097484, 35.03180095871366]], [[127.1173293803903, 35.07963753928544], [127.11564504552675, 35.07933803063599], [127.1160714631692, 35.077865210001036], [127.11780807684352, 35.07830531639787], [127.1173293803903, 35.07963753928544]], [[127.11332980594067, 35.07462367063104], [127.11293854821099, 35.07602155314022], [127.11120345898364, 35.07569819484442], [127.1116086054197, 35.07427984030464], [127.11332980594067, 35.07462367063104]], [[127.10835426895639, 35.00666694728234], [127.10953174352018, 35.00563337182714], [127.11083521078145, 35.00666576130476], [127.10953449882018, 35.00770051445549], [127.10835426895639, 35.00666694728234]], [[127.10272464805816, 35.011176204965224], [127.10233350914456, 35.012574067704165], [127.10059980295766, 35.01225055194627], [127.10100482246229, 35.01083221818202], [127.10272464805816, 35.011176204965224]], [[127.08520994888836, 35.08302036093415], [127.08345491134632, 35.08323560713178], [127.08320671354305, 35.0817979633125], [127.08497174922351, 35.08160055680307], [127.08520994888836, 35.08302036093415]], [[127.08306514162133, 34.990646916680916], [127.08345650485317, 34.98924911063427], [127.0851896588078, 34.989572873284054], [127.0847844702089, 34.99099115951143], [127.08306514162133, 34.990646916680916]], [[127.07469091310206, 35.025618780315874], [127.0697244206875, 35.03009151498529], [127.05970471853469, 35.029973356795615], [127.05835333887855, 35.022156213725324], [127.05256149736708, 35.02139280353784], [127.04897175881227, 35.02290069074345], [127.04557891656322, 35.02126869904496], [127.0434260589804, 35.01834275653387], [127.04500004861042, 35.0143341197462], [127.04325885298209, 35.01293218733218], [127.03839637018623, 35.012481485430776], [127.03799950282546, 35.00859219424961], [127.0347576470012, 35.00655329818537], [127.0338228881512, 35.00199468182866], [127.02822611112425, 35.00179707227965], [127.02681101199954, 34.99911200624821], [127.02423810860643, 34.99790257665047], [127.02328188751488, 34.99332377586048], [127.01752532830578, 34.992557351630005], [127.01107961335974, 34.9968387777882], [127.00588350181926, 34.9956207331251], [127.00382821807077, 34.99803592781198], [127.0040580532892, 35.00192454499135], [127.00576270564183, 35.00335637242642], [127.00923813507961, 35.00281802279316], [127.01137352260058, 34.99991340422509], [127.01411152053203, 35.000872766784134], [127.01615863450003, 35.003638832411966], [127.01109508432586, 35.008573111317595], [127.01084072597453, 35.012511818500315], [127.01280536209696, 35.014905123616586], [127.01744197679693, 35.01457657194701], [127.01787997777139, 35.01800732111379], [127.0093308222524, 35.018708376534704], [127.00734472640214, 35.021060380886524], [127.00826698157891, 35.0229908211503], [127.01173078080392, 35.02447340796677], [127.01084262962986, 35.02693390680529], [127.01267437117781, 35.02988752610909], [127.01068907372525, 35.03267800221532], [127.00701370709832, 35.034452762045], [127.00359825381375, 35.03287240294857], [127.00292863031021, 35.02876451055429], [127.00009465455052, 35.027180546818144], [126.9952745504541, 35.02737103087185], [126.99045763209632, 35.030821266992206], [126.98716164394648, 35.02736130452312], [126.97946397317799, 35.02789090461032], [126.97670366995014, 35.02449607097387], [126.968851096169, 35.02433872001719], [126.96727953254576, 35.02223328933791], [126.97134035542224, 35.01932184706246], [126.97082349590062, 35.01564130688906], [126.97420391694175, 35.014335106817036], [126.9751264867166, 35.01240479710309], [126.96821038334575, 35.00663696454211], [126.96719686270438, 35.00197486082878], [126.96036914468117, 35.00074807627808], [126.96105558947473, 34.99262433756844], [126.96514288782845, 34.98915879351609], [126.97068274495162, 34.988392688803856], [126.9820198952777, 34.97905322723919], [126.98948634562136, 34.98049164401989], [126.9931082448327, 34.97898417612165], [126.99742593594029, 34.98080023733329], [126.99630322099692, 34.98388686712752], [126.98829866366212, 34.98409505415459], [126.9857886343631, 34.98677052579995], [126.98128859769069, 34.986978610173644], [126.97953427050875, 34.98840542260144], [126.98020157377832, 34.991240726755656], [126.98588471967686, 34.994904581900244], [126.98890697432829, 34.993320887787746], [126.98957664983733, 34.989213009927575], [126.99269196052371, 34.989122277169855], [126.99366629508808, 34.990707415778346], [126.99322824031529, 34.9951032315767], [126.98721036795733, 34.99911429316803], [126.98621644105972, 35.0037559200223], [126.9795292429332, 35.00859641603018], [126.98015956100635, 35.011390483372814], [126.98250341269627, 35.012218224209285], [126.9861690143262, 35.00935400136332], [126.99173446965419, 35.00856872334862], [126.99308035908152, 35.003635404160406], [126.99880535139678, 35.00273882781476], [126.99966791847503, 35.00086964949518], [126.99784644136972, 34.997966585485884], [126.9996679411501, 34.99525651618384], [126.99965089911811, 34.98965520268005], [127.01081182104723, 34.98046871274424], [127.0178695973151, 34.97902070133583], [127.02453271970441, 34.98337405652966], [127.02924883457166, 34.97975979524367], [127.03271558069655, 34.98111358051877], [127.03186615905754, 34.98654827502022], [127.03374748249034, 34.98890329004381], [127.0414396172902, 34.98839155205718], [127.04434707371432, 34.99182229581038], [127.04906969407634, 34.990507453383465], [127.05257563805246, 34.99201844992834], [127.05552704830083, 34.99037419955072], [127.05514445575544, 34.98367217807294], [127.05830084784299, 34.982613363900036], [127.05998599219136, 34.980421835044524], [127.06617774206262, 34.9804186183956], [127.06716750876005, 34.98464951961591], [127.07078508600831, 34.98789864565973], [127.07049190634365, 34.994821831731485], [127.06720963957498, 34.99697329162383], [127.06717929133647, 34.99907166456653], [127.07007528951591, 35.00066156377664], [127.08012049599809, 34.99993572093551], [127.08276382346521, 35.00361169392007], [127.08044875300598, 35.00754254460517], [127.07703032318553, 35.00696517276291], [127.07423056177637, 35.00850690157694], [127.07371670796508, 35.01542116537658], [127.06893346076751, 35.01580474098357], [127.06716895346531, 35.0172583612141], [127.06781578856939, 35.02291083323985], [127.07344214691545, 35.02375466341799], [127.07469091310206, 35.025618780315874]], [[127.07464639921035, 35.04264577455789], [127.07319358503312, 35.0430091878063], [127.07151277477553, 35.04150030353632], [127.07373877678593, 35.038226201008065], [127.08173349376268, 35.038610378614806], [127.08057306949205, 35.04149893166465], [127.07464639921035, 35.04264577455789]], [[127.07519490010307, 35.04794262895156], [127.07351136903844, 35.04764253251848], [127.07393838013058, 35.04616985144828], [127.0756740975428, 35.04661056464475], [127.07519490010307, 35.04794262895156]], [[127.06424152060488, 35.11504094406086], [127.06394569206022, 35.1163872053713], [127.06029682202124, 35.11731963024214], [127.05846147851965, 35.113876096772685], [127.06171973786114, 35.11288571407743], [127.06424152060488, 35.11504094406086]], [[127.05774638724355, 35.046266001273615], [127.05807757352096, 35.04763111059595], [127.05630141067168, 35.04793793432988], [127.0560416437484, 35.04643724257413], [127.05774638724355, 35.046266001273615]], [[127.05458077181976, 35.0491025192205], [127.05626426400657, 35.049402878311184], [127.05583691884758, 35.0508754967286], [127.05410121730709, 35.0504345000233], [127.05458077181976, 35.0491025192205]], [[127.05370872400657, 35.112161695768634], [127.05350274638562, 35.113449121949095], [127.0510745000216, 35.11398487097837], [127.04790422701588, 35.1128864879344], [127.04897263900706, 35.11054248885483], [127.05155324350079, 35.10952736443422], [127.05370872400657, 35.112161695768634]], [[127.05063756321633, 35.03930214611829], [127.04902252015273, 35.039083015804444], [127.04844358821894, 35.03675390037963], [127.05198346905443, 35.0345382353258], [127.05325832013837, 35.037230215655484], [127.05063756321633, 35.03930214611829]], [[127.05073345701172, 35.04915354045784], [127.04927574297515, 35.05285931282502], [127.04390608097962, 35.056309422087324], [127.0417939242311, 35.05558608426503], [127.0415382558169, 35.05188276400858], [127.03983197171081, 35.050451451428884], [127.02805732410675, 35.05011811441107], [127.027969234473, 35.047021014280126], [127.03275449360628, 35.046639053921425], [127.03446298279452, 35.04528004180658], [127.03473919267225, 35.04124651590321], [127.02437870281098, 35.032676024147804], [127.02361553748993, 35.02983318447974], [127.02764420937353, 35.029468723825936], [127.03031202915275, 35.03219690969933], [127.03507057342348, 35.03253226022714], [127.03630211150912, 35.03738763521847], [127.04179990164451, 35.03753195984837], [127.0441046537538, 35.040857336149045], [127.04241032882386, 35.044179248788346], [127.04332063498235, 35.0460385533228], [127.04881901667044, 35.04618255927187], [127.05073345701172, 35.04915354045784]], [[127.0494215890419, 35.04132033858974], [127.048242845949, 35.04235332611495], [127.04693959721682, 35.04132027021229], [127.04824163085706, 35.04028619225946], [127.0494215890419, 35.04132033858974]], [[127.03856893331934, 35.017983476195155], [127.03982040967772, 35.01888435966786], [127.03913343540614, 35.022134795734544], [127.04275411068751, 35.02531312936622], [127.04050095795066, 35.02745706964356], [127.03438699203672, 35.02272022875362], [127.03482299145205, 35.01832428530056], [127.03856893331934, 35.017983476195155]], [[127.02705306746253, 35.01402721951197], [127.02880677426712, 35.013812787718], [127.0290538121434, 35.0152505598036], [127.02729006766216, 35.01544715404909], [127.02705306746253, 35.01402721951197]], [[127.02348454668692, 35.005095200624886], [127.02397889252327, 35.003654004749706], [127.02818848374025, 35.003262019113045], [127.02786417666614, 35.01045042810739], [127.02430189383354, 35.00952311770854], [127.02348454668692, 35.005095200624886]], [[127.02133596138145, 34.93172005689367], [127.02015843427502, 34.932752789868736], [127.01885727479224, 34.931719412899184], [127.02015792860497, 34.93068561801861], [127.02133596138145, 34.93172005689367]], [[127.00595947518133, 35.04547913685282], [127.00635241135866, 35.04408159139868], [127.01174089400891, 35.04374936243246], [127.0141200326739, 35.04113219356923], [127.01735303409346, 35.04047527197758], [127.01770698489553, 35.05286802790689], [127.01052007961069, 35.05300530518426], [127.00671588563998, 35.04982429371095], [127.00595947518133, 35.04547913685282]], [[126.99193074359052, 35.0397102012592], [126.99222747877764, 35.03836409839811], [126.99479822253168, 35.03787883074555], [126.99718109819428, 35.03993541071288], [126.99468051739969, 35.04189523235347], [126.99193074359052, 35.0397102012592]], [[126.98794120363819, 35.03180775054784], [126.98962409736119, 35.0321090351685], [126.98919564639009, 35.03358142319713], [126.98746066856478, 35.033139471847285], [126.98794120363819, 35.03180775054784]], [[126.98752972288699, 34.912396774552505], [126.98584928335359, 34.91209545550414], [126.98627716137781, 34.910623049643036], [126.98800955162238, 34.91106502630467], [126.98752972288699, 34.912396774552505]], [[126.97652770340356, 34.96218203686027], [126.97613465202828, 34.96357950463399], [126.97440247466142, 34.96325418405484], [126.97480942966685, 34.96183625956327], [126.97652770340356, 34.96218203686027]], [[126.97197097196559, 34.95505771994953], [126.9707172023074, 34.95408746886838], [126.9719729469768, 34.95301640896478], [126.97322796231249, 34.95408804820278], [126.97197097196559, 34.95505771994953]], [[126.96846695237284, 34.96318131086907], [126.96972083354875, 34.96417736511983], [126.96837616548824, 34.96712198379805], [126.96395562338365, 34.96621335270818], [126.96505007483803, 34.96265301115947], [126.96846695237284, 34.96318131086907]], [[126.96950091056958, 35.01410026253331], [126.96910749091688, 35.015497695406005], [126.96737424757147, 35.01517227681239], [126.96778158144285, 35.01375438822134], [126.96950091056958, 35.01410026253331]], [[126.96874292115619, 35.078823556149864], [126.96744253239626, 35.079852084715], [126.96384026421103, 35.07862817596745], [126.96425266521997, 35.07292048208043], [126.96866225015611, 35.07312893363386], [126.96874292115619, 35.078823556149864]], [[126.96494100959869, 35.01510012179606], [126.96619563945804, 35.01609620434675], [126.96493653092942, 35.01897226623818], [126.96142929994846, 35.01838671122967], [126.9614354622159, 35.014640215632745], [126.96494100959869, 35.01510012179606]], [[126.96528419085297, 34.960561496195425], [126.96410554857162, 34.961593680533156], [126.9628046371999, 34.96055970819164], [126.96410644994067, 34.959526518795016], [126.96528419085297, 34.960561496195425]], [[126.89326097356695, 34.961336930655584], [126.89456994858577, 34.9576081038673], [126.89274405766946, 34.954652674995735], [126.89473515347157, 34.94897964851507], [126.90309737665612, 34.948534264948066], [126.90570128586184, 34.945200761774366], [126.91109631933784, 34.94512762537384], [126.91147040407108, 34.93752997604819], [126.91468284841086, 34.93642804391547], [126.91632941119809, 34.93362640870177], [126.92244094567388, 34.933595218286236], [126.92354854640563, 34.938536936845765], [126.93118975115456, 34.945319434272854], [126.92613426223635, 34.949292449606034], [126.91829946977529, 34.9494423580884], [126.91645805432574, 34.95095600577208], [126.91716841027785, 34.95662092448634], [126.92167132309396, 34.96006471493327], [126.92763242508113, 34.960994943258925], [126.92762814607178, 34.96586163059464], [126.9234889780577, 34.968167460436845], [126.9241400724396, 34.97102759498615], [126.92866355877794, 34.971050437339876], [126.92879339058388, 34.96658860644933], [126.93287420541196, 34.964408406240295], [126.93219762724623, 34.96159836776049], [126.92867507110114, 34.959907609430864], [126.92954457661611, 34.95222798772413], [126.93197592494509, 34.951355318615256], [126.93556969094352, 34.95458739004269], [126.93400865374242, 34.958690205212946], [126.93903829130619, 34.96314881729283], [126.93725175868754, 34.966290986742884], [126.93817877378957, 34.97105565395933], [126.94164712101669, 34.971625325048855], [126.9455118189567, 34.96864997367912], [126.95754269841815, 34.968891473635864], [126.96175264709548, 34.97225524143039], [126.96266218182433, 34.97741521595297], [126.95398368897449, 34.97956526796387], [126.95063907147386, 34.97770393347273], [126.94968718231387, 34.97312454008319], [126.94621871592688, 34.97255509865066], [126.94425378640831, 34.97494772444924], [126.94509969776978, 34.98326701869707], [126.94030184604583, 34.985398368767775], [126.93574154291363, 34.983262426849144], [126.93572721251306, 34.9760637150756], [126.93216969005334, 34.97544410187475], [126.93046447789526, 34.97687503969542], [126.93023159592924, 34.980763543348246], [126.93116082569826, 34.9825896282675], [126.93462152993038, 34.98407442270601], [126.93409288888915, 34.99088241885023], [126.93321168301442, 34.99252185096193], [126.93030739314122, 34.99259406068442], [126.9277651146894, 34.9895803353282], [126.92957176191571, 34.986582796382464], [126.9287109928324, 34.9847131058132], [126.92204904217729, 34.9836377282855], [126.92236323140285, 34.979804350144796], [126.92064541811129, 34.978321555011625], [126.91229915566828, 34.977914308597356], [126.9102390616963, 34.97505092126905], [126.91185894744582, 34.97114386691404], [126.91011172468569, 34.96964930061756], [126.9066668321727, 34.97019643851452], [126.90488260590988, 34.973051280908294], [126.90058067370845, 34.97256429475489], [126.89467449923907, 34.9780723727903], [126.89127253887348, 34.97789730206903], [126.89101689683558, 34.9751841217438], [126.89455140306943, 34.97208449030149], [126.89272501214454, 34.96926783521313], [126.8945587950912, 34.96631561657226], [126.89326097356695, 34.961336930655584]], [[126.93794170939874, 34.94169780761794], [126.93335615147004, 34.94042989474413], [126.93309923627565, 34.93771678455776], [126.93638923256927, 34.93559133811472], [126.93599392710739, 34.931776455717504], [126.94442087822942, 34.927121757531864], [126.94611986035169, 34.928824469768095], [126.94453700160742, 34.93273539691014], [126.95135010815225, 34.937816413716554], [126.95215369067076, 34.94571963515823], [126.94745072590169, 34.94627058647317], [126.94690394642133, 34.94226998964689], [126.94514079600293, 34.94081655726074], [126.93794170939874, 34.94169780761794]], [[126.9473876499321, 35.04735119502005], [126.94613277123882, 35.04635492294944], [126.94739024031358, 35.04530991600952], [126.94864636871631, 35.04635601291652], [126.9473876499321, 35.04735119502005]], [[126.9400864415318, 35.000931672426915], [126.94126594936466, 34.99989972870659], [126.94415179147869, 35.00100989944434], [126.94452041579858, 35.00489044607078], [126.94862592164118, 35.00715658598346], [126.94732155381605, 35.00978568978829], [126.94016296498991, 35.009510801702056], [126.9400864415318, 35.000931672426915]], [[126.94009484930095, 34.989393961127185], [126.94115439005287, 34.98836823502151], [126.94742495533609, 34.988675122344915], [126.9473338143733, 34.99595903632116], [126.94382236862099, 34.995438910335565], [126.9404107099764, 34.99694088505017], [126.93860257593353, 34.995859143231584], [126.94009484930095, 34.989393961127185]], [[126.9403791309199, 35.038694735109864], [126.93912446961883, 35.037698389344314], [126.94038189503829, 35.036653453500435], [126.94163780167729, 35.03769962424569], [126.9403791309199, 35.038694735109864]], [[126.93505258341621, 34.851805926619114], [126.93337356890574, 34.85150388050314], [126.9338020672016, 34.85003164517663], [126.93553290510333, 34.85047437261106], [126.93505258341621, 34.851805926619114]], [[126.9158653737219, 35.00406722344305], [126.91461153832454, 35.00307061965698], [126.91586874423776, 35.00202593152092], [126.91712380964492, 35.00307236081949], [126.9158653737219, 35.00406722344305]], [[126.90892772465567, 34.9377201037337], [126.90767496239654, 34.93674920051187], [126.90893126088555, 34.93567878991709], [126.91018519106481, 34.93675108214179], [126.90892772465567, 34.9377201037337]], [[126.90506222608053, 34.97494945072264], [126.90624179939908, 34.97391784292107], [126.90754220977307, 34.97495241821369], [126.9062394436596, 34.97598499738178], [126.90506222608053, 34.97494945072264]], [[126.90384363277786, 34.97696620372402], [126.90545706573481, 34.97718726635863], [126.90744426728658, 34.9810978967407], [126.90186811570388, 34.98662449906082], [126.89875047382922, 34.98743325263604], [126.89801480814809, 34.983843506298484], [126.90067581690597, 34.98250719595397], [126.90152640368218, 34.97807753561845], [126.90384363277786, 34.97696620372402]], [[126.90574440756716, 34.94033873914707], [126.90456531004754, 34.94137034859511], [126.90326546649784, 34.94033573661886], [126.90456770477147, 34.93930318243069], [126.90574440756716, 34.94033873914707]], [[126.89985863743414, 35.019080506355685], [126.89824439753076, 35.018859369483465], [126.89766988518882, 35.01652953172078], [126.90121295480328, 35.01431826048022], [126.90303946969819, 35.01776422141383], [126.89985863743414, 35.019080506355685]]], [[[127.16006694531771, 34.972439907111934], [127.15801520932128, 34.974884808532074], [127.15990154055078, 34.97726496001063], [127.16451581187329, 34.97751461335055], [127.16703060047661, 34.98018691873343], [127.17133026121715, 34.979685511329606], [127.17404574916029, 34.98306149754176], [127.1781249383328, 34.98169703102964], [127.17749689391715, 34.97879421391273], [127.17409347040356, 34.97747206871603], [127.17488334580621, 34.97478382605425], [127.17300756857298, 34.972481753411095], [127.1685938954018, 34.97293625593521], [127.16696594155475, 34.97015584568656], [127.1646915790629, 34.96937145687297], [127.16006694531771, 34.972439907111934]]], [[[127.15165605589847, 35.189358722201426], [127.1524241988386, 35.196006461463206], [127.15582876312116, 35.19652127308981], [127.15958089674767, 35.19355819821617], [127.1647334386971, 35.19376914367806], [127.16573091187738, 35.19799907325717], [127.16876371919453, 35.199578836643454], [127.17510793166558, 35.19510154819023], [127.17356527704484, 35.19090658373079], [127.17884655925606, 35.185338096556464], [127.17685112167692, 35.182989226419316], [127.16853939856307, 35.18281964562983], [127.16570331420438, 35.184407514903505], [127.164833803579, 35.18860745746077], [127.1618117613185, 35.188570234154504], [127.15929071184955, 35.185897929395715], [127.15455387164309, 35.18571510473643], [127.15168764800525, 35.18726619601356], [127.15165605589847, 35.189358722201426]]], [[[127.16351494510134, 35.03206414390232], [127.16775725681225, 35.0306783923454], [127.16602648989671, 35.02725755190515], [127.16186772812055, 35.02868111507957], [127.16351494510134, 35.03206414390232]]], [[[127.14951425942405, 35.04650422712895], [127.15432174196978, 35.04522317807607], [127.15905074642286, 35.04653008300662], [127.1607682180396, 35.04310460722746], [127.15791656148396, 35.04149983543935], [127.15431757636114, 35.04300805449623], [127.14958884976348, 35.04170096361011], [127.14762663066729, 35.04412394469768], [127.14951425942405, 35.04650422712895]]], [[[127.14953528842206, 35.058041796558314], [127.15377917958376, 35.05665653559522], [127.15204844237128, 35.053235510340365], [127.14788812144874, 35.05465859231085], [127.14953528842206, 35.058041796558314]]], [[[127.07433824459822, 35.16635612851397], [127.0743189161474, 35.16919622322343], [127.07614991157563, 35.17066014972248], [127.07858365846756, 35.170599004581725], [127.08119877449124, 35.16789490373961], [127.08530960922953, 35.16832749500477], [127.0848627858721, 35.17495798381823], [127.08906423468527, 35.1774053835345], [127.08839618406003, 35.183634020161456], [127.0901559448016, 35.18505977157422], [127.09579279308318, 35.18555389252291], [127.09540300830633, 35.189322054145315], [127.09712841507147, 35.19080231547609], [127.10490165578332, 35.19028592544845], [127.10666659318737, 35.19312228865933], [127.10889140036532, 35.193886343359544], [127.11413164594255, 35.190696913555804], [127.11937060112497, 35.19386893739601], [127.12649048242497, 35.192358158658664], [127.12991164697816, 35.19385808844694], [127.1370668743352, 35.19385773155044], [127.1402194035728, 35.191262598372674], [127.1402001414785, 35.18538899811086], [127.13841509473978, 35.1822988521799], [127.1434539371013, 35.17783717070674], [127.14370407926468, 35.173925396737005], [127.1417301259618, 35.17150719631847], [127.13685193500443, 35.17161561877101], [127.13678251142849, 35.16480029399687], [127.15113001769991, 35.16499008613192], [127.15421908312665, 35.162347997416866], [127.15063497703278, 35.15915890587159], [127.14977167093787, 35.14901077875769], [127.14076788560668, 35.1482570061955], [127.13814239353373, 35.14554306341493], [127.13402233561791, 35.146950223876736], [127.13401627102093, 35.15186434441751], [127.13577614001852, 35.15328944038974], [127.14048115135405, 35.15359996440713], [127.14429536602667, 35.15677670578636], [127.14435003535044, 35.15925750364074], [127.14089855921, 35.15982679848512], [127.13827653396736, 35.157127440210864], [127.13572151626197, 35.15710394568928], [127.13400098448432, 35.15858750083073], [127.13447590854241, 35.16228302855221], [127.12766552871489, 35.16628347234379], [127.12169148953126, 35.161868983776564], [127.1258830425751, 35.15761622724734], [127.12519382700536, 35.15192301831594], [127.11371114825972, 35.151865449225774], [127.11293783747236, 35.15474463497171], [127.11619867440444, 35.156806909947264], [127.11806484766856, 35.16231924372879], [127.11624383645554, 35.16522396916877], [127.11648156096118, 35.169188561350495], [127.12056073838349, 35.17062409147448], [127.12303177050197, 35.16798313992708], [127.12652833748224, 35.16752790599112], [127.12859863860122, 35.17125005640522], [127.12356301131105, 35.17576080175508], [127.12350871942624, 35.17780908519301], [127.12528013632654, 35.179259857185244], [127.13091679176951, 35.179752344338674], [127.13032149685313, 35.182671411389435], [127.13213468243065, 35.18566794819174], [127.13000082617458, 35.18850135899997], [127.12710642061995, 35.18937677724687], [127.1242183514909, 35.18595971590705], [127.1163500117895, 35.18581194497818], [127.11232810770557, 35.18288482030918], [127.10949092368669, 35.18447137560864], [127.10908612776467, 35.18838556484606], [127.10558756805354, 35.18923912952521], [127.10414446345649, 35.18653497661063], [127.10081261785271, 35.18531308612537], [127.10131678258566, 35.18161867396682], [127.09713008113573, 35.177774956234515], [127.10067723188428, 35.17576006935929], [127.10129189065601, 35.17294114845461], [127.09064485662122, 35.16402593744446], [127.09046463632308, 35.1566489513204], [127.09432107994611, 35.15568250792736], [127.09610939644557, 35.158537241795415], [127.09947058451013, 35.15910585694412], [127.10503545904001, 35.15380176199053], [127.10184373170289, 35.15115742311287], [127.09814285007752, 35.15402643572099], [127.09453788868547, 35.15407821042273], [127.09279408621485, 35.147551963296635], [127.09499479940591, 35.14427706950986], [127.09954471152828, 35.144662421095205], [127.10151075659842, 35.14224025105256], [127.10127073434404, 35.135494654244106], [127.09792102610768, 35.13325377448667], [127.09772391613583, 35.12679441127008], [127.0947569618019, 35.12520526428697], [127.09108998214641, 35.128072715445754], [127.08658245993011, 35.128284708796095], [127.0848269451891, 35.12971301180855], [127.08549904566983, 35.13254766586092], [127.08890749539026, 35.133872253386826], [127.08834627048789, 35.13748446583444], [127.09146396324353, 35.139361540212015], [127.09251095557468, 35.141796370404435], [127.08836754769038, 35.144107762292194], [127.08864256327693, 35.14804088346634], [127.08309210577768, 35.14847767284778], [127.08138227350976, 35.14983734857292], [127.0813522390117, 35.15193567167287], [127.08445617571577, 35.15378840762844], [127.08546668074368, 35.156312916584284], [127.07501644512081, 35.163481777860994], [127.07433824459822, 35.16635612851397]]], [[[127.14424273968082, 34.97015444468146], [127.14495294726882, 34.97388753639899], [127.14945210690475, 34.97384376330601], [127.14939359252716, 34.96725597591273], [127.14499129698316, 34.96723073941272], [127.14424273968082, 34.97015444468146]]], [[[127.10591711389122, 35.14037346377892], [127.10592419843623, 35.14326361702892], [127.10882605098236, 35.14485254360844], [127.11588004762545, 35.14333490926491], [127.11929896287675, 35.144835155410966], [127.12290306685226, 35.14332798986038], [127.1265116907387, 35.14482783981665], [127.12960088021167, 35.14224055997874], [127.12759858136896, 35.13978591141985], [127.1227822791324, 35.14110827869804], [127.1183784966966, 35.139225001696026], [127.11914262771131, 35.13653071430738], [127.12256498630855, 35.13359480307102], [127.11940646736618, 35.13095221524195], [127.11567413149464, 35.13382047131901], [127.11012581100643, 35.134593189848694], [127.10594986226218, 35.138280930308], [127.10591711389122, 35.14037346377892]]], [[[127.11785281675897, 34.980197484916076], [127.12209322997282, 34.97881332159393], [127.12036546053302, 34.97539179412257], [127.11620852351062, 34.97681380119898], [127.11785281675897, 34.980197484916076]]], [[[127.1110192205462, 35.11000209429056], [127.11350017702291, 35.11086308876171], [127.11361009664729, 35.11525669594547], [127.11811703399304, 35.1152140697789], [127.11878193732773, 35.1123782866469], [127.11476055168492, 35.110307451038736], [127.11549684231949, 35.107537481174184], [127.11353622059471, 35.10519663955809], [127.10937259100656, 35.10661839484004], [127.1110192205462, 35.11000209429056]]], [[[127.11085541560509, 34.9888573725412], [127.11509639337194, 34.987473454464045], [127.11336873173043, 34.98405183210909], [127.10921123583184, 34.985473598684464], [127.11085541560509, 34.9888573725412]]], [[[127.10220065807036, 34.975965979435124], [127.10286240474856, 34.979661037204714], [127.10635440876564, 34.98024608375903], [127.11440950937408, 34.97388183418346], [127.1150734108345, 34.97104600717636], [127.11091277858324, 34.969631919063325], [127.1084382012573, 34.97230075876002], [127.1029007213788, 34.97307314759599], [127.10220065807036, 34.975965979435124]]], [[[127.10419736929089, 35.128258375571775], [127.10215096199671, 35.13078013063559], [127.10536558135956, 35.133318165282695], [127.112023735391, 35.127782088908056], [127.10879989496213, 35.12519347230186], [127.10419736929089, 35.128258375571775]]], [[[127.08996506934089, 35.11578829113337], [127.0942129627962, 35.11440512087001], [127.09248348346765, 35.11098327582745], [127.08831919246613, 35.112404307751916], [127.08996506934089, 35.11578829113337]]], [[[127.08645143935347, 34.94655461912663], [127.08439815673066, 34.94899829011782], [127.08633525900763, 34.95140594644488], [127.09221244600162, 34.95143483552517], [127.09401041981117, 34.95001840770723], [127.09404522663706, 34.9451794271321], [127.09232504685565, 34.94369905368553], [127.08983016621912, 34.94370092413336], [127.08645143935347, 34.94655461912663]]], [[[127.07941448859516, 35.09560503157908], [127.08366151477003, 35.094222227615376], [127.08193290406932, 35.09080021940851], [127.07776945480474, 35.09222089253971], [127.07941448859516, 35.09560503157908]]], [[[127.07066781124314, 34.94216695213224], [127.07237777582087, 34.94566690157212], [127.07819372554644, 34.945675767317425], [127.08001695233305, 34.94420946204202], [127.07824955745797, 34.94080374335342], [127.0724339517205, 34.94079487984332], [127.07066781124314, 34.94216695213224]]], [[[127.06913016503901, 35.177317460607476], [127.06707059185825, 35.179760752896996], [127.0690425368553, 35.18218016962388], [127.0737757392987, 35.18086439503611], [127.0773851243765, 35.18236569788234], [127.08023696379071, 35.180755360866506], [127.07960192015032, 35.17796189625361], [127.07499103456901, 35.17445124013987], [127.07251900069771, 35.174464343870454], [127.06913016503901, 35.177317460607476]]], [[[127.0547251556623, 34.9110154844443], [127.05891701522638, 34.90970207871558], [127.05916518331543, 34.905511772616606], [127.0700601107337, 34.9054747657435], [127.07352723113112, 34.90396156339429], [127.07827659955912, 34.9052600424661], [127.07999285016848, 34.903777222161814], [127.07994785067098, 34.89893826062076], [127.07583655601213, 34.8975383033052], [127.07254840557134, 34.90100004196405], [127.06681953393056, 34.90026067220405], [127.06431865072338, 34.89759206680047], [127.06177171414006, 34.89756700305549], [127.05659639576628, 34.90183585041642], [127.05705711446073, 34.90559717553725], [127.05308483957806, 34.90763090298162], [127.0547251556623, 34.9110154844443]]], [[[127.05120744658397, 34.88505674059685], [127.05479306305023, 34.88797764197735], [127.05922679605474, 34.887533596315], [127.0607422933326, 34.89027123037757], [127.06301348711418, 34.89105757999957], [127.06593594796452, 34.88946313369165], [127.0667014535585, 34.885305048433835], [127.06972615269694, 34.884643547266904], [127.07124194475855, 34.88738105140605], [127.07351315865168, 34.88816720521718], [127.07669047562177, 34.88554515823058], [127.07573306703874, 34.883674859767744], [127.07235497544006, 34.88234152054647], [127.07296568361774, 34.87596666508041], [127.07000075359173, 34.874275656470466], [127.06423342170064, 34.877950832960956], [127.06330549024871, 34.882510292633675], [127.05996504647818, 34.88437203614796], [127.05600353976791, 34.88281076280039], [127.05372108966975, 34.880252351455], [127.05033089034337, 34.88077297448147], [127.04933716624286, 34.882752717006774], [127.05120744658397, 34.88505674059685]]], [[[127.06526648427833, 34.957161605781984], [127.0695065997034, 34.95577927373657], [127.06778150030786, 34.95235698146273], [127.06362481372429, 34.95377719379212], [127.06526648427833, 34.957161605781984]]], [[[127.06523222071294, 34.91389476715527], [127.06947011203741, 34.91251242902177], [127.06774592275596, 34.909090110764794], [127.0635914161972, 34.91051032961885], [127.06523222071294, 34.91389476715527]]], [[[127.0309912698214, 34.908297890103725], [127.03382981847581, 34.91107022028176], [127.03851696795891, 34.909746642659975], [127.04202219912396, 34.91138356445586], [127.04324819131612, 34.913896939477546], [127.03909720322132, 34.9162650896188], [127.0397519012394, 34.919124628437764], [127.04874374479581, 34.91926745119915], [127.05481797847786, 34.92547575404717], [127.05826001478383, 34.92492441171084], [127.0599258578675, 34.92210259686382], [127.06313225931073, 34.92277783535714], [127.06597537817619, 34.921167774471606], [127.06415968527233, 34.91772385029729], [127.06080945595359, 34.9182969239003], [127.05867792665333, 34.92120244769484], [127.05374551064223, 34.91775051194465], [127.0489503789652, 34.91793669237301], [127.04687304512315, 34.91450153526138], [127.04870008519266, 34.91154696416972], [127.04777254840788, 34.90635822073507], [127.05128958488427, 34.90469796343742], [127.05196621596055, 34.901887985427486], [127.04779904783858, 34.90044617633973], [127.0460525258239, 34.90194015371956], [127.04639583684778, 34.90575055809941], [127.04122993052647, 34.905816361569514], [127.04168953224931, 34.897073017002064], [127.03972686934468, 34.89468013145906], [127.03633598880704, 34.89520036346494], [127.03208683216991, 34.898960317372214], [127.03266441179133, 34.90255000970048], [127.02928718990982, 34.903886262836934], [127.02833353366806, 34.905730285605216], [127.0309912698214, 34.908297890103725]]], [[[127.05306721307828, 34.863503261660085], [127.05304720507796, 34.86634349562462], [127.05474990293126, 34.86777466910914], [127.05910515876653, 34.867297942170886], [127.06072744052719, 34.87007985301074], [127.06290359675373, 34.87085739335085], [127.06591982568261, 34.869271755664904], [127.06429393669357, 34.86586276979089], [127.05941865184519, 34.866011421555854], [127.05893979431418, 34.86150204398253], [127.05723715338961, 34.86007092762999], [127.0537436780502, 34.860628887910764], [127.05306721307828, 34.863503261660085]]], [[[127.0512020798144, 34.87640329253407], [127.0554382828298, 34.8750214366543], [127.05371546046396, 34.87159889688963], [127.04956259775982, 34.87301864350492], [127.0512020798144, 34.87640329253407]]], [[[126.98470445240662, 34.850452683155716], [126.98822697261855, 34.84994131161332], [126.99000565007394, 34.84708518470966], [126.99358453690637, 34.84790442408545], [126.99361055729278, 34.85202651603672], [127.00029843514186, 34.856882554113604], [127.00195452282323, 34.86304030131977], [126.999808192521, 34.865623944122575], [126.99427685186714, 34.866391393957976], [126.98982270246235, 34.87117359269139], [126.99299996716998, 34.873766811931475], [126.99669192476789, 34.870900875937465], [126.99980818026707, 34.87090092078511], [127.00057690241367, 34.875058598069344], [127.00346725898201, 34.87665011930131], [127.01354228717454, 34.86944420473691], [127.01740499364081, 34.87087241824979], [127.02453213526904, 34.87087871973394], [127.02968935015711, 34.86769279343226], [127.03977757858578, 34.875895805533574], [127.0432479763655, 34.87643276677512], [127.04516882490547, 34.87410088322628], [127.04517474950846, 34.86822694554401], [127.04084190111905, 34.86280840756285], [127.04491617360226, 34.86062785491638], [127.04567246343015, 34.855863024370414], [127.0536141128116, 34.85627041496405], [127.05566440928293, 34.853854325290605], [127.0512085635317, 34.849073780088524], [127.047799984473, 34.84851628016877], [127.04603867869098, 34.84996963075875], [127.0454880900852, 34.854554764925325], [127.0408653277572, 34.85427533250673], [127.03906852371094, 34.8556909954611], [127.03918246308969, 34.86260588047608], [127.03411785476031, 34.86248739401002], [127.03443102287285, 34.85860141604236], [127.0314937487193, 34.85698478265099], [127.02855770734911, 34.858602937043564], [127.02857884799263, 34.86265647031745], [127.02479459982276, 34.862778225802174], [127.02096369356683, 34.859872879159944], [127.01652216840205, 34.86352228996302], [127.01026004355869, 34.85953328842565], [127.01035376168456, 34.85615736336422], [127.01512209000296, 34.85628129240518], [127.01749609569717, 34.85494630919971], [127.02218103245167, 34.85626773954266], [127.02393123161825, 34.85283494415213], [127.02102723757153, 34.851219380955996], [127.01772857545487, 34.852712160694544], [127.01399624537393, 34.85121906211488], [127.01049737618753, 34.852731913500705], [127.00708938320626, 34.85115160408716], [127.0064611271463, 34.844258957074466], [127.00474462134379, 34.84277731787019], [126.9917864222676, 34.84276553389329], [126.98922020779679, 34.84609180431655], [126.98373521437074, 34.846237293155866], [126.98283681020906, 34.84814762356841], [126.98470445240662, 34.850452683155716]]], [[[126.98465664483194, 35.10716758239137], [126.99410848877307, 35.107228001603495], [126.99668251270727, 35.10453994330384], [127.00124988393786, 35.104310553979595], [127.00711075666894, 35.0988206821209], [127.01275843186885, 35.0980030051517], [127.01795600767358, 35.092927298044295], [127.02406147777994, 35.092260737453124], [127.02579932105108, 35.09507823200093], [127.02798111079159, 35.09585636598578], [127.03386128102358, 35.09507624860953], [127.03383640127352, 35.088506738758845], [127.02804009960168, 35.08774216911529], [127.02399984608292, 35.08913792050449], [127.02075541729543, 35.0873198311137], [127.01979608321956, 35.08244057984884], [127.02330667720322, 35.08067691149705], [127.0247436056064, 35.077971174389546], [127.02931933320914, 35.07834756401223], [127.03450718007053, 35.074079995151386], [127.03292839107586, 35.0702653637594], [127.03475939148124, 35.06731107592175], [127.03380123236377, 35.062529011792165], [127.03035285949875, 35.0619801952823], [127.02446635335592, 35.06748282720895], [127.01873712480436, 35.068380605632925], [127.0181525047489, 35.07124317219053], [127.01986240665585, 35.07260143729902], [127.02464942541586, 35.07298132009963], [127.02484573851397, 35.07623449693848], [127.01879843816407, 35.07697245188037], [127.01867332121682, 35.08143429809056], [127.01531529213126, 35.082723501715655], [127.01403887740179, 35.08473328600914], [127.00859685217992, 35.085151529036004], [127.00472860766155, 35.08217465001835], [127.00123300497913, 35.082762781203186], [127.00112912618476, 35.09008888922605], [126.99706910278354, 35.0922212728973], [126.9964023376475, 35.0969245809481], [126.99070460947483, 35.09718435238469], [126.98947362459936, 35.10203993737924], [126.98368438532042, 35.10295236974263], [126.98278316974995, 35.10486261805757], [126.98465664483194, 35.10716758239137]]], [[[127.01970368427253, 34.887950409337535], [127.02394100771102, 34.886569652999626], [127.02221924922277, 34.883146672876734], [127.01806526353687, 34.884565341521906], [127.01970368427253, 34.887950409337535]]], [[[127.012738612646, 35.12158974699721], [127.0188030734395, 35.12161534171904], [127.02048401467067, 35.118178970439466], [127.01868044100635, 35.116764250511615], [127.01279143903365, 35.11679822254175], [127.01085322145887, 35.11920736338664], [127.012738612646, 35.12158974699721]]], [[[127.01270156135521, 34.88218237905947], [127.01693870600229, 34.880801865512204], [127.01521735817235, 34.87737878284918], [127.01106354224497, 34.8787972135713], [127.01270156135521, 34.88218237905947]]], [[[126.99519549525397, 34.95429459770157], [127.00124760279184, 34.954321070807126], [127.00292585786485, 34.950884848110704], [127.00112625885524, 34.94946982772324], [126.99524923800631, 34.94950294852051], [126.99331445171397, 34.95191187581461], [126.99519549525397, 34.95429459770157]]], [[[126.99869632274198, 35.11870603949897], [127.00294591209484, 35.11732606751601], [127.00122018570765, 35.113902920466685], [126.99705416008378, 35.11532081726635], [126.99869632274198, 35.11870603949897]]], [[[126.99170135153837, 34.86199134373253], [126.9959378114893, 34.860611557377865], [126.99421775467155, 34.8571881660363], [126.99006459342941, 34.85860588417659], [126.99170135153837, 34.86199134373253]]], [[[126.98654975639374, 35.01927466449706], [126.98725322952956, 35.02300865159116], [126.99175516700598, 35.022970721884505], [126.99170925046985, 35.01638290505273], [126.98730436807115, 35.01635195239517], [126.98654975639374, 35.01927466449706]]], [[[126.95858285056926, 34.854854306032195], [126.95858328518524, 34.86062909706002], [126.96275150584056, 34.86201230724971], [126.96467429084834, 34.85968169021424], [126.96443196768517, 34.85280757333472], [126.96029393812454, 34.85141282946375], [126.95858285056926, 34.854854306032195]]], [[[126.94795407592268, 35.06253035865459], [126.9486561615432, 35.06626454187842], [126.95316048921721, 35.0662280461274], [126.95311764955314, 35.059640263665784], [126.9487104610992, 35.059607908703555], [126.94795407592268, 35.06253035865459]]], [[[126.92519226026481, 34.88216002773665], [126.9294308632606, 34.880782565178414], [126.92771314514668, 34.87735824662525], [126.92355783102379, 34.87877368651217], [126.92519226026481, 34.88216002773665]]], [[[126.91466431215645, 34.90811337692806], [126.91890442429491, 34.906736289393834], [126.91718660510678, 34.90331183660654], [126.91302980334748, 34.90472690851941], [126.91466431215645, 34.90811337692806]]], [[[126.9013744032009, 34.96018204957151], [126.90417935429575, 34.962948217730926], [126.90762395969053, 34.9624011492881], [126.9086079917881, 34.95780466239895], [126.91186029311936, 34.95574163917512], [126.91118450308548, 34.95293148073319], [126.90772608445826, 34.952331705807616], [126.90521440909274, 34.955005524121525], [126.89967619657712, 34.95576864877107], [126.89894733670207, 34.95861602854055], [126.9013744032009, 34.96018204957151]]], [[[126.89695475532422, 35.06962777631113], [126.8994944328995, 35.07067487036227], [126.89882691025375, 35.07692709522369], [126.90300508519458, 35.078312320924866], [126.90472811325654, 35.07683202636247], [126.90473362118323, 35.07209302661915], [126.90069343778731, 35.06993973778916], [126.90143660045344, 35.067171054365026], [126.89948306268722, 35.064826741621424], [126.89531777952855, 35.06624115556711], [126.89695475532422, 35.06962777631113]]], [[[126.84937875321859, 34.88808726213769], [126.85647708647822, 34.88659222262265], [126.86116122586671, 34.8879198486516], [126.86292983434366, 34.88451495635336], [126.86001683844208, 34.882870004231506], [126.85648093785667, 34.884377039982695], [126.8530776492623, 34.88286934694535], [126.84829667743118, 34.88304491612837], [126.84630897948549, 34.885550062662915], [126.84937875321859, 34.88808726213769]]], [[[126.82618798636409, 34.87569853635627], [126.83181270575054, 34.87594671288684], [126.83776629643772, 34.88211278422706], [126.84192323946785, 34.88070028103933], [126.84188111788126, 34.878626355725665], [126.83774500321377, 34.874954952390176], [126.83228050764758, 34.87482154100938], [126.82972060125586, 34.87149153302278], [126.82619552660702, 34.87211583247873], [126.82618798636409, 34.87569853635627]]]]}}]}